state,year,age,numpop
16,2000,0,15279
16,2000,1,15265
16,2000,2,15149
16,2000,3,14925
16,2000,4,14632
16,2001,0,15608
16,2001,1,15634
16,2001,2,15544
16,2001,3,15344
16,2001,4,15054
16,2002,0,15826
16,2002,1,15859
16,2002,2,15798
16,2002,3,15628
16,2002,4,15385
16,2003,0,15984
16,2003,1,16019
16,2003,2,15996
16,2003,3,15885
16,2003,4,15696
16,2004,0,16036
16,2004,1,16083
16,2004,2,16084
16,2004,3,16024
16,2004,4,15915
16,2005,0,15930
16,2005,1,15977
16,2005,2,16003
16,2005,3,16004
16,2005,4,15970
16,2006,0,15742
16,2006,1,15781
16,2006,2,15826
16,2006,3,15872
16,2006,4,15906
16,2007,0,15610
16,2007,1,15641
16,2007,2,15688
16,2007,3,15765
16,2007,4,15857
16,2008,0,15523
16,2008,1,15533
16,2008,2,15582
16,2008,3,15674
16,2008,4,15797
16,2009,0,15605
16,2009,1,15598
16,2009,2,15636
16,2009,3,15723
16,2009,4,15853
16,2000,5,14091
16,2000,6,13671
16,2000,7,13222
16,2000,8,12789
16,2000,9,12409
16,2001,5,14637
16,2001,6,14205
16,2001,7,13736
16,2001,8,13279
16,2001,9,12873
16,2002,5,15099
16,2002,6,14694
16,2002,7,14247
16,2002,8,13796
16,2002,9,13381
16,2003,5,15456
16,2003,6,15120
16,2003,7,14733
16,2003,8,14318
16,2003,9,13914
16,2004,5,15698
16,2004,6,15462
16,2004,7,15161
16,2004,8,14809
16,2004,9,14435
16,2005,5,15839
16,2005,6,15706
16,2005,7,15505
16,2005,8,15234
16,2005,9,14908
16,2006,5,16033
16,2006,6,16007
16,2006,7,15907
16,2006,8,15724
16,2006,9,15461
16,2007,5,16128
16,2007,6,16182
16,2007,7,16172
16,2007,8,16079
16,2007,9,15893
16,2008,5,16208
16,2008,6,16319
16,2008,7,16381
16,2008,8,16371
16,2008,9,16270
16,2009,5,16226
16,2009,6,16366
16,2009,7,16473
16,2009,8,16538
16,2009,9,16521
16,2000,10,12305
16,2000,11,12080
16,2000,12,11936
16,2000,13,11857
16,2000,14,11819
16,2001,10,12581
16,2001,11,12342
16,2001,12,12192
16,2001,13,12115
16,2001,14,12089
16,2002,10,12946
16,2002,11,12682
16,2002,12,12498
16,2002,13,12391
16,2002,14,12344
16,2003,10,13399
16,2003,11,13105
16,2003,12,12863
16,2003,13,12698
16,2003,14,12601
16,2004,10,13928
16,2004,11,13590
16,2004,12,13294
16,2004,13,13061
16,2004,14,12895
16,2005,10,14508
16,2005,11,14142
16,2005,12,13795
16,2005,13,13492
16,2005,14,13253
16,2006,10,15072
16,2006,11,14704
16,2006,12,14325
16,2006,13,13969
16,2006,14,13663
16,2007,10,15564
16,2007,11,15224
16,2007,12,14845
16,2007,13,14464
16,2007,14,14116
16,2008,10,15957
16,2008,11,15675
16,2008,12,15333
16,2008,13,14964
16,2008,14,14604
16,2009,10,16230
16,2009,11,16030
16,2009,12,15756
16,2009,13,15436
16,2009,14,15098
16,2000,15,11810
16,2000,16,11774
16,2000,17,11692
16,2000,18,11546
16,2000,19,11327
16,2001,15,12100
16,2001,16,12086
16,2001,17,12032
16,2001,18,11912
16,2001,19,11716
16,2002,15,12354
16,2002,16,12346
16,2002,17,12311
16,2002,18,12222
16,2002,19,12064
16,2003,15,12592
16,2003,16,12569
16,2003,17,12543
16,2003,18,12486
16,2003,19,12374
16,2004,15,12842
16,2004,16,12787
16,2004,17,12757
16,2004,18,12723
16,2004,19,12658
16,2005,15,13122
16,2005,16,13020
16,2005,17,12970
16,2005,18,12947
16,2005,19,12916
16,2006,15,13451
16,2006,16,13295
16,2006,17,13211
16,2006,18,13177
16,2006,19,13161
16,2007,15,13844
16,2007,16,13634
16,2007,17,13504
16,2007,18,13440
16,2007,19,13412
16,2008,15,14296
16,2008,16,14041
16,2008,17,13861
16,2008,18,13750
16,2008,19,13684
16,2009,15,14802
16,2009,16,14516
16,2009,17,14288
16,2009,18,14125
16,2009,19,13998
16,2000,20,10891
16,2000,21,10545
16,2000,22,10158
16,2000,23,9751
16,2000,24,9345
16,2001,20,11418
16,2001,21,11076
16,2001,22,10682
16,2001,23,10261
16,2001,24,9836
16,2002,20,11894
16,2002,21,11582
16,2002,22,11208
16,2002,23,10794
16,2002,24,10365
16,2003,20,12310
16,2003,21,12050
16,2003,22,11718
16,2003,23,11331
16,2003,24,10912
16,2004,20,12656
16,2004,21,12461
16,2004,22,12185
16,2004,23,11834
16,2004,24,11442
16,2005,20,12933
16,2005,21,12801
16,2005,22,12586
16,2005,23,12289
16,2005,24,11924
16,2006,20,13173
16,2006,21,13089
16,2006,22,12930
16,2006,23,12683
16,2006,24,12354
16,2007,20,13392
16,2007,21,13335
16,2007,22,13215
16,2007,23,13013
16,2007,24,12724
16,2008,20,13611
16,2008,21,13555
16,2008,22,13455
16,2008,23,13288
16,2008,24,13044
16,2009,20,13849
16,2009,21,13771
16,2009,22,13674
16,2009,23,13531
16,2009,24,13330
16,2000,25,9006
16,2000,26,8647
16,2000,27,8324
16,2000,28,8034
16,2000,29,7772
16,2001,25,9439
16,2001,26,9062
16,2001,27,8723
16,2001,28,8420
16,2001,29,8149
16,2002,25,9886
16,2002,26,9493
16,2002,27,9137
16,2002,28,8809
16,2002,29,8521
16,2003,25,10357
16,2003,26,9950
16,2003,27,9563
16,2003,28,9212
16,2003,29,8903
16,2004,25,10856
16,2004,26,10432
16,2004,27,10025
16,2004,28,9650
16,2004,29,9317
16,2005,25,11379
16,2005,26,10951
16,2005,27,10528
16,2005,28,10132
16,2005,29,9776
16,2006,25,11894
16,2006,26,11475
16,2006,27,11051
16,2006,28,10644
16,2006,29,10271
16,2007,25,12372
16,2007,26,11984
16,2007,27,11575
16,2007,28,11171
16,2007,29,10791
16,2008,25,12808
16,2008,26,12459
16,2008,27,12080
16,2008,28,11693
16,2008,29,11318
16,2009,25,13182
16,2009,26,12878
16,2009,27,12540
16,2009,28,12183
16,2009,29,11823
16,2000,30,7501
16,2000,31,7266
16,2000,32,7028
16,2000,33,6782
16,2000,34,6525
16,2001,30,7883
16,2001,31,7647
16,2001,32,7408
16,2001,33,7159
16,2001,34,6896
16,2002,30,8288
16,2002,31,8044
16,2002,32,7801
16,2002,33,7550
16,2002,34,7283
16,2003,30,8708
16,2003,31,8453
16,2003,32,8203
16,2003,33,7948
16,2003,34,7678
16,2004,30,9131
16,2004,31,8861
16,2004,32,8603
16,2004,33,8343
16,2004,34,8072
16,2005,30,9553
16,2005,31,9267
16,2005,32,8998
16,2005,33,8731
16,2005,34,8454
16,2006,30,9980
16,2006,31,9678
16,2006,32,9396
16,2006,33,9119
16,2006,34,8835
16,2007,30,10418
16,2007,31,10102
16,2007,32,9804
16,2007,33,9514
16,2007,34,9217
16,2008,30,10874
16,2008,31,10548
16,2008,32,10232
16,2008,33,9923
16,2008,34,9611
16,2009,30,11358
16,2009,31,11022
16,2009,32,10693
16,2009,33,10366
16,2009,34,10035
16,2000,35,6291
16,2000,36,6009
16,2000,37,5728
16,2000,38,5452
16,2000,39,5184
16,2001,35,6639
16,2001,36,6350
16,2001,37,6058
16,2001,38,5769
16,2001,39,5488
16,2002,35,6999
16,2002,36,6705
16,2002,37,6405
16,2002,38,6105
16,2002,39,5809
16,2003,35,7371
16,2003,36,7074
16,2003,37,6766
16,2003,38,6454
16,2003,39,6143
16,2004,35,7751
16,2004,36,7450
16,2004,37,7134
16,2004,38,6809
16,2004,39,6482
16,2005,35,8134
16,2005,36,7827
16,2005,37,7503
16,2005,38,7166
16,2005,39,6823
16,2006,35,8530
16,2006,36,8215
16,2006,37,7881
16,2006,38,7532
16,2006,39,7175
16,2007,35,8945
16,2007,36,8618
16,2007,37,8274
16,2007,38,7915
16,2007,39,7546
16,2008,35,9368
16,2008,36,9029
16,2008,37,8675
16,2008,38,8308
16,2008,39,7932
16,2009,35,9788
16,2009,36,9437
16,2009,37,9075
16,2009,38,8703
16,2009,39,8324
16,2000,40,4964
16,2000,41,4713
16,2000,42,4471
16,2000,43,4236
16,2000,44,4007
16,2001,40,5234
16,2001,41,4972
16,2001,42,4720
16,2001,43,4476
16,2001,44,4239
16,2002,40,5506
16,2002,41,5229
16,2002,42,4963
16,2002,43,4708
16,2002,44,4463
16,2003,40,5787
16,2003,41,5494
16,2003,42,5213
16,2003,43,4944
16,2003,44,4690
16,2004,40,6095
16,2004,41,5782
16,2004,42,5483
16,2004,43,5199
16,2004,44,4934
16,2005,40,6436
16,2005,41,6103
16,2005,42,5783
16,2005,43,5483
16,2005,44,5203
16,2006,40,6799
16,2006,41,6446
16,2006,42,6107
16,2006,43,5788
16,2006,44,5494
16,2007,40,7172
16,2007,41,6804
16,2007,42,6448
16,2007,43,6112
16,2007,44,5801
16,2008,40,7550
16,2008,41,7172
16,2008,42,6804
16,2008,43,6452
16,2008,44,6124
16,2009,40,7926
16,2009,41,7545
16,2009,42,7170
16,2009,43,6804
16,2009,44,6460
16,2000,45,3734
16,2000,46,3515
16,2000,47,3298
16,2000,48,3084
16,2000,49,2875
16,2001,45,3993
16,2001,46,3767
16,2001,47,3543
16,2001,48,3322
16,2001,49,3104
16,2002,45,4250
16,2002,46,4019
16,2002,47,3794
16,2002,48,3570
16,2002,49,3348
16,2003,45,4505
16,2003,46,4271
16,2003,47,4047
16,2003,48,3825
16,2003,49,3602
16,2004,45,4757
16,2004,46,4521
16,2004,47,4297
16,2004,48,4080
16,2004,49,3859
16,2005,45,5006
16,2005,46,4768
16,2005,47,4546
16,2005,48,4330
16,2005,49,4112
16,2006,45,5258
16,2006,46,5015
16,2006,47,4790
16,2006,48,4575
16,2006,49,4358
16,2007,45,5516
16,2007,46,5263
16,2007,47,5031
16,2007,48,4811
16,2007,49,4592
16,2008,45,5791
16,2008,46,5522
16,2008,47,5276
16,2008,48,5046
16,2008,49,4821
16,2009,45,6098
16,2009,46,5809
16,2009,47,5543
16,2009,48,5296
16,2009,49,5059
16,2000,50,2646
16,2000,51,2457
16,2000,52,2279
16,2000,53,2119
16,2000,54,1981
16,2001,50,2850
16,2001,51,2651
16,2001,52,2460
16,2001,53,2282
16,2001,54,2130
16,2002,50,3093
16,2002,51,2878
16,2002,52,2672
16,2002,53,2480
16,2002,54,2310
16,2003,50,3356
16,2003,51,3130
16,2003,52,2910
16,2003,53,2700
16,2003,54,2510
16,2004,50,3622
16,2004,51,3388
16,2004,52,3156
16,2004,53,2930
16,2004,54,2717
16,2005,50,3876
16,2005,51,3639
16,2005,52,3398
16,2005,53,3158
16,2005,54,2925
16,2006,50,4127
16,2006,51,3887
16,2006,52,3642
16,2006,53,3392
16,2006,54,3144
16,2007,50,4378
16,2007,51,4139
16,2007,52,3890
16,2007,53,3634
16,2007,54,3376
16,2008,50,4629
16,2008,51,4389
16,2008,52,4140
16,2008,53,3882
16,2008,54,3621
16,2009,50,4875
16,2009,51,4634
16,2009,52,4386
16,2009,53,4131
16,2009,54,3872
16,2000,55,2006
16,2000,56,1907
16,2000,57,1825
16,2000,58,1753
16,2000,59,1681
16,2001,55,2102
16,2001,56,1996
16,2001,57,1910
16,2001,58,1835
16,2001,59,1761
16,2002,55,2195
16,2002,56,2076
16,2002,57,1977
16,2002,58,1891
16,2002,59,1811
16,2003,55,2303
16,2003,56,2162
16,2003,57,2044
16,2003,58,1943
16,2003,59,1850
16,2004,55,2444
16,2004,56,2279
16,2004,57,2137
16,2004,58,2015
16,2004,59,1907
16,2005,55,2634
16,2005,56,2443
16,2005,57,2274
16,2005,58,2126
16,2005,59,1999
16,2006,55,2858
16,2006,56,2641
16,2006,57,2445
16,2006,58,2273
16,2006,59,2123
16,2007,55,3109
16,2007,56,2872
16,2007,57,2653
16,2007,58,2455
16,2007,59,2281
16,2008,55,3372
16,2008,56,3123
16,2008,57,2884
16,2008,58,2666
16,2008,59,2466
16,2009,55,3631
16,2009,56,3374
16,2009,57,3123
16,2009,58,2886
16,2009,59,2666
16,2000,60,1464
16,2000,61,1393
16,2000,62,1316
16,2000,63,1234
16,2000,64,1152
16,2001,60,1557
16,2001,61,1481
16,2001,62,1400
16,2001,63,1314
16,2001,64,1228
16,2002,60,1670
16,2002,61,1588
16,2002,62,1501
16,2002,63,1412
16,2002,64,1324
16,2003,60,1791
16,2003,61,1701
16,2003,62,1611
16,2003,63,1520
16,2003,64,1432
16,2004,60,1904
16,2004,61,1807
16,2004,62,1714
16,2004,63,1626
16,2004,64,1541
16,2005,60,2003
16,2005,61,1899
16,2005,62,1805
16,2005,63,1719
16,2005,64,1639
16,2006,60,2094
16,2006,61,1982
16,2006,62,1883
16,2006,63,1799
16,2006,64,1724
16,2007,60,2176
16,2007,61,2053
16,2007,62,1947
16,2007,63,1860
16,2007,64,1786
16,2008,60,2271
16,2008,61,2130
16,2008,62,2013
16,2008,63,1918
16,2008,64,1839
16,2009,60,2404
16,2009,61,2241
16,2009,62,2105
16,2009,63,1994
16,2009,64,1902
16,2000,65,1177
16,2000,66,1098
16,2000,67,1026
16,2000,68,962
16,2000,69,904
16,2001,65,1236
16,2001,66,1155
16,2001,67,1082
16,2001,68,1017
16,2001,69,956
16,2002,65,1293
16,2002,66,1211
16,2002,67,1136
16,2002,68,1067
16,2002,69,1001
16,2003,65,1349
16,2003,66,1268
16,2003,67,1191
16,2003,68,1117
16,2003,69,1044
16,2004,65,1409
16,2004,66,1331
16,2004,67,1254
16,2004,68,1175
16,2004,69,1094
16,2005,65,1475
16,2005,66,1402
16,2005,67,1325
16,2005,68,1241
16,2005,69,1153
16,2006,65,1554
16,2006,66,1485
16,2006,67,1408
16,2006,68,1320
16,2006,69,1225
16,2007,65,1654
16,2007,66,1585
16,2007,67,1506
16,2007,68,1415
16,2007,69,1313
16,2008,65,1766
16,2008,66,1693
16,2008,67,1611
16,2008,68,1515
16,2008,69,1409
16,2009,65,1877
16,2009,66,1797
16,2009,67,1709
16,2009,68,1609
16,2009,69,1500
16,2000,70,777
16,2000,71,724
16,2000,72,669
16,2000,73,610
16,2000,74,546
16,2001,70,840
16,2001,71,784
16,2001,72,724
16,2001,73,665
16,2001,74,599
16,2002,70,910
16,2002,71,848
16,2002,72,784
16,2002,73,719
16,2002,74,649
16,2003,70,985
16,2003,71,913
16,2003,72,842
16,2003,73,771
16,2003,74,698
16,2004,70,1058
16,2004,71,975
16,2004,72,895
16,2004,73,820
16,2004,74,746
16,2005,70,1124
16,2005,71,1031
16,2005,72,945
16,2005,73,866
16,2005,74,794
16,2006,70,1182
16,2006,71,1083
16,2006,72,992
16,2006,73,912
16,2006,74,841
16,2007,70,1233
16,2007,71,1131
16,2007,72,1037
16,2007,73,957
16,2007,74,886
16,2008,70,1281
16,2008,71,1178
16,2008,72,1085
16,2008,73,1005
16,2008,74,934
16,2009,70,1332
16,2009,71,1230
16,2009,72,1139
16,2009,73,1059
16,2009,74,986
16,2000,75,462
16,2000,76,393
16,2000,77,325
16,2000,78,262
16,2000,79,209
16,2001,75,523
16,2001,76,448
16,2001,77,372
16,2001,78,301
16,2001,79,239
16,2002,75,579
16,2002,76,500
16,2002,77,418
16,2002,78,338
16,2002,79,266
16,2003,75,631
16,2003,76,550
16,2003,77,464
16,2003,78,378
16,2003,79,297
16,2004,75,676
16,2004,76,596
16,2004,77,511
16,2004,78,423
16,2004,79,335
16,2005,75,717
16,2005,76,642
16,2005,77,560
16,2005,78,471
16,2005,79,380
16,2006,75,761
16,2006,76,690
16,2006,77,611
16,2006,78,521
16,2006,79,427
16,2007,75,812
16,2007,76,740
16,2007,77,662
16,2007,78,571
16,2007,79,471
16,2008,75,873
16,2008,76,798
16,2008,77,713
16,2008,78,616
16,2008,79,508
16,2009,75,940
16,2009,76,857
16,2009,77,759
16,2009,78,654
16,2009,79,540
16,2000,80,235
16,2000,81,201
16,2000,82,187
16,2000,83,191
16,2000,84,204
16,2000,85,218
16,2000,86,225
16,2000,87,220
16,2000,88,203
16,2000,89,175
16,2000,90,144
16,2000,91,126
16,2000,92,118
16,2000,93,121
16,2000,94,131
16,2000,95,149
16,2000,96,153
16,2000,97,123
16,2000,98,43
16,2000,99,-94
16,2001,80,186
16,2001,81,157
16,2001,82,145
16,2001,83,149
16,2001,84,161
16,2001,85,175
16,2001,86,184
16,2001,87,183
16,2001,88,172
16,2001,89,153
16,2001,90,133
16,2001,91,119
16,2001,92,116
16,2001,93,123
16,2001,94,140
16,2001,95,159
16,2001,96,175
16,2001,97,164
16,2001,98,114
16,2001,99,19
16,2002,80,181
16,2002,81,148
16,2002,82,131
16,2002,83,131
16,2002,84,140
16,2002,85,153
16,2002,86,163
16,2002,87,166
16,2002,88,159
16,2002,89,145
16,2002,90,128
16,2002,91,116
16,2002,92,115
16,2002,93,124
16,2002,94,144
16,2002,95,167
16,2002,96,183
16,2002,97,178
16,2002,98,139
16,2002,99,56
16,2003,80,203
16,2003,81,157
16,2003,82,130
16,2003,83,121
16,2003,84,125
16,2003,85,136
16,2003,86,147
16,2003,87,153
16,2003,88,151
16,2003,89,141
16,2003,90,128
16,2003,91,118
16,2003,92,117
16,2003,93,127
16,2003,94,146
16,2003,95,169
16,2003,96,185
16,2003,97,183
16,2003,98,150
16,2003,99,79
16,2004,80,247
16,2004,81,185
16,2004,82,142
16,2004,83,120
16,2004,84,115
16,2004,85,123
16,2004,86,133
16,2004,87,142
16,2004,88,146
16,2004,89,143
16,2004,90,135
16,2004,91,127
16,2004,92,126
16,2004,93,135
16,2004,94,149
16,2004,95,169
16,2004,96,181
16,2004,97,177
16,2004,98,148
16,2004,99,87
16,2005,80,303
16,2005,81,224
16,2005,82,164
16,2005,83,129
16,2005,84,110
16,2005,85,110
16,2005,86,121
16,2005,87,135
16,2005,88,146
16,2005,89,151
16,2005,90,149
16,2005,91,143
16,2005,92,139
16,2005,93,141
16,2005,94,150
16,2005,95,163
16,2005,96,169
16,2005,97,164
16,2005,98,139
16,2005,99,86
16,2006,80,351
16,2006,81,260
16,2006,82,188
16,2006,83,139
16,2006,84,113
16,2006,85,107
16,2006,86,117
16,2006,87,135
16,2006,88,151
16,2006,89,161
16,2006,90,164
16,2006,91,161
16,2006,92,156
16,2006,93,151
16,2006,94,152
16,2006,95,156
16,2006,96,157
16,2006,97,151
16,2006,98,130
16,2006,99,85
16,2007,80,379
16,2007,81,284
16,2007,82,206
16,2007,83,151
16,2007,84,122
16,2007,85,113
16,2007,86,122
16,2007,87,140
16,2007,88,159
16,2007,89,173
16,2007,90,178
16,2007,91,176
16,2007,92,169
16,2007,93,162
16,2007,94,158
16,2007,95,157
16,2007,96,156
16,2007,97,148
16,2007,98,129
16,2007,99,90
16,2008,80,397
16,2008,81,300
16,2008,82,220
16,2008,83,164
16,2008,84,133
16,2008,85,125
16,2008,86,134
16,2008,87,152
16,2008,88,172
16,2008,89,186
16,2008,90,192
16,2008,91,189
16,2008,92,182
16,2008,93,175
16,2008,94,171
16,2008,95,169
16,2008,96,168
16,2008,97,161
16,2008,98,142
16,2008,99,106
16,2009,80,414
16,2009,81,313
16,2009,82,232
16,2009,83,176
16,2009,84,148
16,2009,85,142
16,2009,86,153
16,2009,87,171
16,2009,88,189
16,2009,89,202
16,2009,90,206
16,2009,91,202
16,2009,92,194
16,2009,93,189
16,2009,94,188
16,2009,95,189
16,2009,96,191
16,2009,97,186
16,2009,98,169
16,2009,99,133
16,2010,90,220
16,2010,91,213
16,2010,92,205
16,2010,93,202
16,2010,94,205
16,2010,95,212
16,2010,96,219
16,2010,97,219
16,2010,98,204
16,2010,99,167
16,2011,90,224
16,2011,91,213
16,2011,92,204
16,2011,93,202
16,2011,94,210
16,2011,95,224
16,2011,96,238
16,2011,97,244
16,2011,98,232
16,2011,99,196
16,2012,90,231
16,2012,91,214
16,2012,92,204
16,2012,93,202
16,2012,94,214
16,2012,95,233
16,2012,96,253
16,2012,97,264
16,2012,98,257
16,2012,99,222
16,2013,90,243
16,2013,91,220
16,2013,92,204
16,2013,93,202
16,2013,94,216
16,2013,95,239
16,2013,96,264
16,2013,97,278
16,2013,98,274
16,2013,99,241
16,2014,90,259
16,2014,91,232
16,2014,92,213
16,2014,93,208
16,2014,94,221
16,2014,95,245
16,2014,96,271
16,2014,97,288
16,2014,98,284
16,2014,99,250
16,2015,90,277
16,2015,91,250
16,2015,92,230
16,2015,93,223
16,2015,94,233
16,2015,95,254
16,2015,96,278
16,2015,97,293
16,2015,98,289
16,2015,99,259
16,2016,90,297
16,2016,91,274
16,2016,92,254
16,2016,93,246
16,2016,94,252
16,2016,95,268
16,2016,96,287
16,2016,97,298
16,2016,98,293
16,2016,99,264
16,2017,90,316
16,2017,91,299
16,2017,92,282
16,2017,93,275
16,2017,94,277
16,2017,95,287
16,2017,96,300
16,2017,97,306
16,2017,98,298
16,2017,99,270
16,2018,90,333
16,2018,91,323
16,2018,92,313
16,2018,93,306
16,2018,94,306
16,2018,95,311
16,2018,96,316
16,2018,97,317
16,2018,98,306
16,2018,99,279
16,2019,90,347
16,2019,91,346
16,2019,92,341
16,2019,93,336
16,2019,94,334
16,2019,95,334
16,2019,96,334
16,2019,97,329
16,2019,98,315
16,2019,99,289
16,2020,90,358
16,2020,91,361
16,2020,92,361
16,2020,93,357
16,2020,94,354
16,2020,95,350
16,2020,96,345
16,2020,97,336
16,2020,98,320
16,2020,99,295
16,2021,90,365
16,2021,91,370
16,2021,92,371
16,2021,93,367
16,2021,94,361
16,2021,95,355
16,2021,96,346
16,2021,97,336
16,2021,98,318
16,2021,99,294
16,2010,0,16064
16,2011,0,15843
16,2012,0,15324
16,2013,0,15673
16,2014,0,16348
16,2015,0,16388
16,2016,0,16261
16,2017,0,16059
16,2018,0,15942
16,2019,0,15914
16,2020,0,15869
16,2021,0,15820
16,2022,0,15780
16,2023,0,15744
16,2024,0,15721
16,2025,0,15699
16,2026,0,15668
16,2027,0,15625
16,2028,0,15583
16,2029,0,15562
16,2030,0,15555
16,2031,0,15539
16,2032,0,15512
16,2033,0,15478
16,2034,0,15449
16,2035,0,15427
16,2036,0,15400
16,2037,0,15369
16,2038,0,15335
16,2039,0,15298
16,2040,0,15265
16,2041,0,15234
16,2042,0,15207
16,2043,0,15179
16,2044,0,15145
16,2045,0,15113
16,2046,0,15087
16,2047,0,15066
16,2048,0,15050
16,2049,0,15023
16,2050,0,14990
16,2051,0,14960
16,2052,0,14937
16,2053,0,14919
16,2054,0,14892
16,2055,0,14860
16,2056,0,14831
16,2057,0,14804
16,2058,0,14783
16,2059,0,14759
16,2060,0,14734
16,2010,1,16174
16,2011,1,16053
16,2012,1,15834
16,2013,1,15315
16,2014,1,15664
16,2015,1,16336
16,2016,1,16378
16,2017,1,16250
16,2018,1,16049
16,2019,1,15934
16,2020,1,15904
16,2021,1,15860
16,2022,1,15812
16,2023,1,15771
16,2024,1,15736
16,2025,1,15713
16,2026,1,15691
16,2027,1,15661
16,2028,1,15617
16,2029,1,15576
16,2030,1,15554
16,2031,1,15547
16,2032,1,15531
16,2033,1,15506
16,2034,1,15472
16,2035,1,15443
16,2036,1,15423
16,2037,1,15396
16,2038,1,15366
16,2039,1,15332
16,2040,1,15297
16,2041,1,15264
16,2042,1,15232
16,2043,1,15206
16,2044,1,15179
16,2045,1,15145
16,2046,1,15114
16,2047,1,15089
16,2048,1,15067
16,2049,1,15051
16,2050,1,15025
16,2051,1,14993
16,2052,1,14964
16,2053,1,14940
16,2054,1,14923
16,2055,1,14897
16,2056,1,14865
16,2057,1,14837
16,2058,1,14810
16,2059,1,14789
16,2060,1,14765
16,2010,2,15732
16,2011,2,16199
16,2012,2,16079
16,2013,2,15860
16,2014,2,15341
16,2015,2,15690
16,2016,2,16360
16,2017,2,16403
16,2018,2,16275
16,2019,2,16073
16,2020,2,15959
16,2021,2,15928
16,2022,2,15884
16,2023,2,15836
16,2024,2,15795
16,2025,2,15759
16,2026,2,15737
16,2027,2,15713
16,2028,2,15682
16,2029,2,15638
16,2030,2,15598
16,2031,2,15576
16,2032,2,15569
16,2033,2,15552
16,2034,2,15527
16,2035,2,15495
16,2036,2,15466
16,2037,2,15445
16,2038,2,15418
16,2039,2,15389
16,2040,2,15355
16,2041,2,15321
16,2042,2,15287
16,2043,2,15256
16,2044,2,15230
16,2045,2,15203
16,2046,2,15168
16,2047,2,15138
16,2048,2,15114
16,2049,2,15091
16,2050,2,15076
16,2051,2,15050
16,2052,2,15017
16,2053,2,14989
16,2054,2,14965
16,2055,2,14948
16,2056,2,14922
16,2057,2,14890
16,2058,2,14862
16,2059,2,14835
16,2060,2,14814
16,2010,3,15565
16,2011,3,15767
16,2012,3,16233
16,2013,3,16114
16,2014,3,15894
16,2015,3,15376
16,2016,3,15724
16,2017,3,16392
16,2018,3,16436
16,2019,3,16307
16,2020,3,16106
16,2021,3,15991
16,2022,3,15958
16,2023,3,15916
16,2024,3,15866
16,2025,3,15824
16,2026,3,15788
16,2027,3,15765
16,2028,3,15742
16,2029,3,15709
16,2030,3,15664
16,2031,3,15625
16,2032,3,15603
16,2033,3,15596
16,2034,3,15579
16,2035,3,15554
16,2036,3,15522
16,2037,3,15494
16,2038,3,15473
16,2039,3,15445
16,2040,3,15417
16,2041,3,15382
16,2042,3,15349
16,2043,3,15315
16,2044,3,15283
16,2045,3,15258
16,2046,3,15232
16,2047,3,15197
16,2048,3,15165
16,2049,3,15143
16,2050,3,15119
16,2051,3,15104
16,2052,3,15079
16,2053,3,15045
16,2054,3,15017
16,2055,3,14992
16,2056,3,14976
16,2057,3,14950
16,2058,3,14918
16,2059,3,14890
16,2060,3,14864
16,2010,4,15654
16,2011,4,15605
16,2012,4,15806
16,2013,4,16270
16,2014,4,16151
16,2015,4,15932
16,2016,4,15414
16,2017,4,15762
16,2018,4,16427
16,2019,4,16470
16,2020,4,16341
16,2021,4,16139
16,2022,4,16025
16,2023,4,15991
16,2024,4,15948
16,2025,4,15899
16,2026,4,15854
16,2027,4,15820
16,2028,4,15795
16,2029,4,15771
16,2030,4,15738
16,2031,4,15692
16,2032,4,15654
16,2033,4,15632
16,2034,4,15625
16,2035,4,15608
16,2036,4,15583
16,2037,4,15551
16,2038,4,15524
16,2039,4,15503
16,2040,4,15474
16,2041,4,15447
16,2042,4,15412
16,2043,4,15379
16,2044,4,15346
16,2045,4,15312
16,2046,4,15288
16,2047,4,15261
16,2048,4,15228
16,2049,4,15195
16,2050,4,15173
16,2051,4,15149
16,2052,4,15133
16,2053,4,15109
16,2054,4,15075
16,2055,4,15048
16,2056,4,15023
16,2057,4,15007
16,2058,4,14980
16,2059,4,14948
16,2060,4,14920
16,2010,5,15452
16,2011,5,15696
16,2012,5,15646
16,2013,5,15848
16,2014,5,16310
16,2015,5,16190
16,2016,5,15970
16,2017,5,15453
16,2018,5,15800
16,2019,5,16465
16,2020,5,16506
16,2021,5,16378
16,2022,5,16174
16,2023,5,16059
16,2024,5,16026
16,2025,5,15981
16,2026,5,15932
16,2027,5,15886
16,2028,5,15852
16,2029,5,15826
16,2030,5,15801
16,2031,5,15768
16,2032,5,15721
16,2033,5,15684
16,2034,5,15663
16,2035,5,15655
16,2036,5,15638
16,2037,5,15613
16,2038,5,15581
16,2039,5,15555
16,2040,5,15534
16,2041,5,15505
16,2042,5,15478
16,2043,5,15443
16,2044,5,15409
16,2045,5,15377
16,2046,5,15342
16,2047,5,15318
16,2048,5,15292
16,2049,5,15258
16,2050,5,15226
16,2051,5,15204
16,2052,5,15180
16,2053,5,15164
16,2054,5,15140
16,2055,5,15107
16,2056,5,15078
16,2057,5,15054
16,2058,5,15038
16,2059,5,15012
16,2060,5,14979
16,2010,6,16210
16,2011,6,15495
16,2012,6,15740
16,2013,6,15687
16,2014,6,15890
16,2015,6,16351
16,2016,6,16230
16,2017,6,16009
16,2018,6,15492
16,2019,6,15839
16,2020,6,16503
16,2021,6,16543
16,2022,6,16415
16,2023,6,16209
16,2024,6,16093
16,2025,6,16060
16,2026,6,16015
16,2027,6,15964
16,2028,6,15919
16,2029,6,15884
16,2030,6,15857
16,2031,6,15832
16,2032,6,15799
16,2033,6,15752
16,2034,6,15714
16,2035,6,15694
16,2036,6,15686
16,2037,6,15669
16,2038,6,15645
16,2039,6,15612
16,2040,6,15586
16,2041,6,15565
16,2042,6,15536
16,2043,6,15509
16,2044,6,15475
16,2045,6,15441
16,2046,6,15409
16,2047,6,15375
16,2048,6,15350
16,2049,6,15325
16,2050,6,15290
16,2051,6,15258
16,2052,6,15236
16,2053,6,15213
16,2054,6,15196
16,2055,6,15172
16,2056,6,15140
16,2057,6,15110
16,2058,6,15087
16,2059,6,15070
16,2060,6,15044
16,2010,7,16605
16,2011,7,16252
16,2012,7,15536
16,2013,7,15782
16,2014,7,15728
16,2015,7,15929
16,2016,7,16391
16,2017,7,16269
16,2018,7,16047
16,2019,7,15530
16,2020,7,15875
16,2021,7,16539
16,2022,7,16579
16,2023,7,16451
16,2024,7,16245
16,2025,7,16128
16,2026,7,16094
16,2027,7,16049
16,2028,7,15996
16,2029,7,15951
16,2030,7,15915
16,2031,7,15888
16,2032,7,15863
16,2033,7,15830
16,2034,7,15784
16,2035,7,15746
16,2036,7,15726
16,2037,7,15718
16,2038,7,15699
16,2039,7,15676
16,2040,7,15643
16,2041,7,15618
16,2042,7,15596
16,2043,7,15568
16,2044,7,15540
16,2045,7,15507
16,2046,7,15473
16,2047,7,15441
16,2048,7,15406
16,2049,7,15382
16,2050,7,15357
16,2051,7,15322
16,2052,7,15291
16,2053,7,15267
16,2054,7,15246
16,2055,7,15227
16,2056,7,15204
16,2057,7,15172
16,2058,7,15142
16,2059,7,15118
16,2060,7,15102
16,2010,8,16629
16,2011,8,16646
16,2012,8,16293
16,2013,8,15577
16,2014,8,15824
16,2015,8,15769
16,2016,8,15968
16,2017,8,16430
16,2018,8,16308
16,2019,8,16085
16,2020,8,15569
16,2021,8,15912
16,2022,8,16575
16,2023,8,16615
16,2024,8,16485
16,2025,8,16280
16,2026,8,16163
16,2027,8,16128
16,2028,8,16081
16,2029,8,16028
16,2030,8,15983
16,2031,8,15945
16,2032,8,15920
16,2033,8,15894
16,2034,8,15861
16,2035,8,15815
16,2036,8,15777
16,2037,8,15757
16,2038,8,15750
16,2039,8,15731
16,2040,8,15708
16,2041,8,15675
16,2042,8,15651
16,2043,8,15628
16,2044,8,15600
16,2045,8,15571
16,2046,8,15538
16,2047,8,15504
16,2048,8,15473
16,2049,8,15437
16,2050,8,15414
16,2051,8,15390
16,2052,8,15354
16,2053,8,15323
16,2054,8,15298
16,2055,8,15279
16,2056,8,15258
16,2057,8,15237
16,2058,8,15204
16,2059,8,15175
16,2060,8,15150
16,2010,9,16990
16,2011,9,16673
16,2012,9,16689
16,2013,9,16334
16,2014,9,15617
16,2015,9,15865
16,2016,9,15809
16,2017,9,16008
16,2018,9,16470
16,2019,9,16346
16,2020,9,16123
16,2021,9,15606
16,2022,9,15948
16,2023,9,16611
16,2024,9,16650
16,2025,9,16518
16,2026,9,16312
16,2027,9,16195
16,2028,9,16161
16,2029,9,16113
16,2030,9,16059
16,2031,9,16014
16,2032,9,15975
16,2033,9,15951
16,2034,9,15925
16,2035,9,15892
16,2036,9,15847
16,2037,9,15808
16,2038,9,15789
16,2039,9,15781
16,2040,9,15763
16,2041,9,15740
16,2042,9,15706
16,2043,9,15683
16,2044,9,15660
16,2045,9,15633
16,2046,9,15603
16,2047,9,15570
16,2048,9,15537
16,2049,9,15505
16,2050,9,15469
16,2051,9,15445
16,2052,9,15421
16,2053,9,15387
16,2054,9,15356
16,2055,9,15330
16,2056,9,15312
16,2057,9,15290
16,2058,9,15269
16,2059,9,15237
16,2060,9,15207
16,2010,10,16320
16,2011,10,17032
16,2012,10,16714
16,2013,10,16732
16,2014,10,16375
16,2015,10,15657
16,2016,10,15906
16,2017,10,15849
16,2018,10,16047
16,2019,10,16508
16,2020,10,16382
16,2021,10,16161
16,2022,10,15644
16,2023,10,15982
16,2024,10,16646
16,2025,10,16684
16,2026,10,16552
16,2027,10,16346
16,2028,10,16227
16,2029,10,16192
16,2030,10,16144
16,2031,10,16090
16,2032,10,16044
16,2033,10,16006
16,2034,10,15982
16,2035,10,15956
16,2036,10,15923
16,2037,10,15879
16,2038,10,15839
16,2039,10,15820
16,2040,10,15811
16,2041,10,15793
16,2042,10,15771
16,2043,10,15736
16,2044,10,15714
16,2045,10,15691
16,2046,10,15665
16,2047,10,15635
16,2048,10,15600
16,2049,10,15569
16,2050,10,15536
16,2051,10,15500
16,2052,10,15477
16,2053,10,15452
16,2054,10,15418
16,2055,10,15387
16,2056,10,15361
16,2057,10,15343
16,2058,10,15322
16,2059,10,15300
16,2060,10,15269
16,2010,11,16243
16,2011,11,16362
16,2012,11,17074
16,2013,11,16754
16,2014,11,16773
16,2015,11,16416
16,2016,11,15697
16,2017,11,15944
16,2018,11,15888
16,2019,11,16086
16,2020,11,16546
16,2021,11,16418
16,2022,11,16197
16,2023,11,15681
16,2024,11,16017
16,2025,11,16680
16,2026,11,16718
16,2027,11,16584
16,2028,11,16379
16,2029,11,16259
16,2030,11,16222
16,2031,11,16175
16,2032,11,16122
16,2033,11,16075
16,2034,11,16037
16,2035,11,16013
16,2036,11,15987
16,2037,11,15955
16,2038,11,15910
16,2039,11,15871
16,2040,11,15853
16,2041,11,15843
16,2042,11,15826
16,2043,11,15803
16,2044,11,15769
16,2045,11,15746
16,2046,11,15723
16,2047,11,15697
16,2048,11,15667
16,2049,11,15632
16,2050,11,15602
16,2051,11,15569
16,2052,11,15532
16,2053,11,15510
16,2054,11,15485
16,2055,11,15451
16,2056,11,15420
16,2057,11,15394
16,2058,11,15375
16,2059,11,15355
16,2060,11,15332
16,2010,12,16105
16,2011,12,16286
16,2012,12,16404
16,2013,12,17116
16,2014,12,16795
16,2015,12,16813
16,2016,12,16456
16,2017,12,15738
16,2018,12,15982
16,2019,12,15927
16,2020,12,16125
16,2021,12,16583
16,2022,12,16454
16,2023,12,16232
16,2024,12,15716
16,2025,12,16053
16,2026,12,16713
16,2027,12,16752
16,2028,12,16615
16,2029,12,16411
16,2030,12,16292
16,2031,12,16254
16,2032,12,16206
16,2033,12,16153
16,2034,12,16107
16,2035,12,16069
16,2036,12,16045
16,2037,12,16019
16,2038,12,15987
16,2039,12,15941
16,2040,12,15902
16,2041,12,15885
16,2042,12,15874
16,2043,12,15858
16,2044,12,15834
16,2045,12,15801
16,2046,12,15779
16,2047,12,15754
16,2048,12,15730
16,2049,12,15699
16,2050,12,15663
16,2051,12,15634
16,2052,12,15602
16,2053,12,15564
16,2054,12,15542
16,2055,12,15517
16,2056,12,15483
16,2057,12,15452
16,2058,12,15427
16,2059,12,15407
16,2060,12,15388
16,2010,13,15889
16,2011,13,16148
16,2012,13,16328
16,2013,13,16446
16,2014,13,17157
16,2015,13,16836
16,2016,13,16853
16,2017,13,16496
16,2018,13,15777
16,2019,13,16020
16,2020,13,15964
16,2021,13,16163
16,2022,13,16620
16,2023,13,16492
16,2024,13,16268
16,2025,13,15751
16,2026,13,16089
16,2027,13,16746
16,2028,13,16785
16,2029,13,16647
16,2030,13,16441
16,2031,13,16323
16,2032,13,16286
16,2033,13,16237
16,2034,13,16184
16,2035,13,16138
16,2036,13,16100
16,2037,13,16076
16,2038,13,16050
16,2039,13,16019
16,2040,13,15973
16,2041,13,15934
16,2042,13,15917
16,2043,13,15907
16,2044,13,15890
16,2045,13,15866
16,2046,13,15832
16,2047,13,15812
16,2048,13,15786
16,2049,13,15762
16,2050,13,15732
16,2051,13,15696
16,2052,13,15666
16,2053,13,15634
16,2054,13,15597
16,2055,13,15575
16,2056,13,15550
16,2057,13,15516
16,2058,13,15484
16,2059,13,15460
16,2060,13,15439
16,2010,14,15620
16,2011,14,15931
16,2012,14,16191
16,2013,14,16369
16,2014,14,16486
16,2015,14,17197
16,2016,14,16876
16,2017,14,16892
16,2018,14,16535
16,2019,14,15815
16,2020,14,16058
16,2021,14,16002
16,2022,14,16199
16,2023,14,16654
16,2024,14,16528
16,2025,14,16302
16,2026,14,15783
16,2027,14,16122
16,2028,14,16779
16,2029,14,16816
16,2030,14,16679
16,2031,14,16471
16,2032,14,16353
16,2033,14,16318
16,2034,14,16268
16,2035,14,16215
16,2036,14,16169
16,2037,14,16132
16,2038,14,16108
16,2039,14,16082
16,2040,14,16050
16,2041,14,16004
16,2042,14,15966
16,2043,14,15948
16,2044,14,15940
16,2045,14,15922
16,2046,14,15898
16,2047,14,15864
16,2048,14,15844
16,2049,14,15818
16,2050,14,15794
16,2051,14,15764
16,2052,14,15729
16,2053,14,15698
16,2054,14,15666
16,2055,14,15629
16,2056,14,15607
16,2057,14,15582
16,2058,14,15549
16,2059,14,15515
16,2060,14,15493
16,2010,15,15341
16,2011,15,15685
16,2012,15,15993
16,2013,15,16254
16,2014,15,16431
16,2015,15,16548
16,2016,15,17257
16,2017,15,16935
16,2018,15,16950
16,2019,15,16593
16,2020,15,15872
16,2021,15,16112
16,2022,15,16058
16,2023,15,16254
16,2024,15,16707
16,2025,15,16580
16,2026,15,16354
16,2027,15,15834
16,2028,15,16171
16,2029,15,16826
16,2030,15,16862
16,2031,15,16725
16,2032,15,16518
16,2033,15,16400
16,2034,15,16364
16,2035,15,16315
16,2036,15,16263
16,2037,15,16216
16,2038,15,16179
16,2039,15,16155
16,2040,15,16131
16,2041,15,16099
16,2042,15,16051
16,2043,15,16014
16,2044,15,15995
16,2045,15,15989
16,2046,15,15970
16,2047,15,15946
16,2048,15,15913
16,2049,15,15893
16,2050,15,15867
16,2051,15,15843
16,2052,15,15812
16,2053,15,15778
16,2054,15,15747
16,2055,15,15715
16,2056,15,15678
16,2057,15,15656
16,2058,15,15630
16,2059,15,15599
16,2060,15,15564
16,2010,16,15042
16,2011,16,15429
16,2012,16,15771
16,2013,16,16078
16,2014,16,16338
16,2015,16,16513
16,2016,16,16628
16,2017,16,17336
16,2018,16,17014
16,2019,16,17027
16,2020,16,16669
16,2021,16,15950
16,2022,16,16187
16,2023,16,16132
16,2024,16,16324
16,2025,16,16778
16,2026,16,16649
16,2027,16,16420
16,2028,16,15902
16,2029,16,16238
16,2030,16,16890
16,2031,16,16925
16,2032,16,16787
16,2033,16,16581
16,2034,16,16465
16,2035,16,16428
16,2036,16,16379
16,2037,16,16327
16,2038,16,16281
16,2039,16,16244
16,2040,16,16219
16,2041,16,16195
16,2042,16,16165
16,2043,16,16117
16,2044,16,16080
16,2045,16,16060
16,2046,16,16055
16,2047,16,16036
16,2048,16,16012
16,2049,16,15979
16,2050,16,15958
16,2051,16,15932
16,2052,16,15910
16,2053,16,15878
16,2054,16,15843
16,2055,16,15814
16,2056,16,15782
16,2057,16,15744
16,2058,16,15723
16,2059,16,15697
16,2060,16,15666
16,2010,17,14776
16,2011,17,15131
16,2012,17,15517
16,2013,17,15856
16,2014,17,16162
16,2015,17,16420
16,2016,17,16595
16,2017,17,16708
16,2018,17,17413
16,2019,17,17092
16,2020,17,17104
16,2021,17,16744
16,2022,17,16025
16,2023,17,16261
16,2024,17,16206
16,2025,17,16394
16,2026,17,16848
16,2027,17,16718
16,2028,17,16486
16,2029,17,15968
16,2030,17,16303
16,2031,17,16954
16,2032,17,16990
16,2033,17,16851
16,2034,17,16644
16,2035,17,16530
16,2036,17,16492
16,2037,17,16444
16,2038,17,16392
16,2039,17,16347
16,2040,17,16310
16,2041,17,16285
16,2042,17,16261
16,2043,17,16230
16,2044,17,16182
16,2045,17,16146
16,2046,17,16126
16,2047,17,16121
16,2048,17,16101
16,2049,17,16079
16,2050,17,16047
16,2051,17,16025
16,2052,17,15998
16,2053,17,15977
16,2054,17,15945
16,2055,17,15909
16,2056,17,15880
16,2057,17,15850
16,2058,17,15811
16,2059,17,15789
16,2060,17,15764
16,2010,18,14575
16,2011,18,14864
16,2012,18,15219
16,2013,18,15604
16,2014,18,15941
16,2015,18,16245
16,2016,18,16502
16,2017,18,16676
16,2018,18,16789
16,2019,18,17490
16,2020,18,17169
16,2021,18,17180
16,2022,18,16819
16,2023,18,16099
16,2024,18,16334
16,2025,18,16278
16,2026,18,16464
16,2027,18,16917
16,2028,18,16785
16,2029,18,16552
16,2030,18,16033
16,2031,18,16366
16,2032,18,17016
16,2033,18,17054
16,2034,18,16916
16,2035,18,16708
16,2036,18,16595
16,2037,18,16558
16,2038,18,16509
16,2039,18,16457
16,2040,18,16413
16,2041,18,16376
16,2042,18,16350
16,2043,18,16327
16,2044,18,16297
16,2045,18,16249
16,2046,18,16213
16,2047,18,16193
16,2048,18,16189
16,2049,18,16168
16,2050,18,16145
16,2051,18,16114
16,2052,18,16092
16,2053,18,16065
16,2054,18,16045
16,2055,18,16013
16,2056,18,15977
16,2057,18,15947
16,2058,18,15917
16,2059,18,15879
16,2060,18,15856
16,2010,19,14415
16,2011,19,14664
16,2012,19,14951
16,2013,19,15305
16,2014,19,15689
16,2015,19,16024
16,2016,19,16326
16,2017,19,16582
16,2018,19,16754
16,2019,19,16866
16,2020,19,17565
16,2021,19,17244
16,2022,19,17252
16,2023,19,16892
16,2024,19,16171
16,2025,19,16405
16,2026,19,16347
16,2027,19,16531
16,2028,19,16982
16,2029,19,16849
16,2030,19,16614
16,2031,19,16097
16,2032,19,16430
16,2033,19,17078
16,2034,19,17117
16,2035,19,16979
16,2036,19,16772
16,2037,19,16658
16,2038,19,16622
16,2039,19,16573
16,2040,19,16521
16,2041,19,16478
16,2042,19,16442
16,2043,19,16416
16,2044,19,16392
16,2045,19,16361
16,2046,19,16313
16,2047,19,16278
16,2048,19,16258
16,2049,19,16254
16,2050,19,16234
16,2051,19,16211
16,2052,19,16180
16,2053,19,16157
16,2054,19,16130
16,2055,19,16111
16,2056,19,16079
16,2057,19,16042
16,2058,19,16014
16,2059,19,15983
16,2060,19,15946
16,2010,20,14234
16,2011,20,14529
16,2012,20,14776
16,2013,20,15060
16,2014,20,15412
16,2015,20,15796
16,2016,20,16129
16,2017,20,16427
16,2018,20,16683
16,2019,20,16853
16,2020,20,16963
16,2021,20,17659
16,2022,20,17339
16,2023,20,17343
16,2024,20,16982
16,2025,20,16260
16,2026,20,16493
16,2027,20,16434
16,2028,20,16616
16,2029,20,17063
16,2030,20,16928
16,2031,20,16693
16,2032,20,16178
16,2033,20,16511
16,2034,20,17157
16,2035,20,17198
16,2036,20,17059
16,2037,20,16852
16,2038,20,16740
16,2039,20,16704
16,2040,20,16654
16,2041,20,16602
16,2042,20,16559
16,2043,20,16524
16,2044,20,16498
16,2045,20,16475
16,2046,20,16445
16,2047,20,16395
16,2048,20,16360
16,2049,20,16340
16,2050,20,16336
16,2051,20,16316
16,2052,20,16294
16,2053,20,16264
16,2054,20,16241
16,2055,20,16212
16,2056,20,16193
16,2057,20,16163
16,2058,20,16125
16,2059,20,16097
16,2060,20,16066
16,2010,21,14039
16,2011,21,14371
16,2012,21,14665
16,2013,21,14910
16,2014,21,15192
16,2015,21,15541
16,2016,21,15922
16,2017,21,16254
16,2018,21,16549
16,2019,21,16804
16,2020,21,16971
16,2021,21,17078
16,2022,21,17771
16,2023,21,17450
16,2024,21,17452
16,2025,21,17090
16,2026,21,16366
16,2027,21,16597
16,2028,21,16536
16,2029,21,16716
16,2030,21,17160
16,2031,21,17024
16,2032,21,16790
16,2033,21,16275
16,2034,21,16609
16,2035,21,17253
16,2036,21,17295
16,2037,21,17157
16,2038,21,16949
16,2039,21,16837
16,2040,21,16803
16,2041,21,16753
16,2042,21,16701
16,2043,21,16657
16,2044,21,16623
16,2045,21,16597
16,2046,21,16574
16,2047,21,16546
16,2048,21,16495
16,2049,21,16460
16,2050,21,16441
16,2051,21,16437
16,2052,21,16417
16,2053,21,16394
16,2054,21,16364
16,2055,21,16342
16,2056,21,16315
16,2057,21,16294
16,2058,21,16263
16,2059,21,16226
16,2060,21,16198
16,2010,22,13857
16,2011,22,14177
16,2012,22,14507
16,2013,22,14798
16,2014,22,15042
16,2015,22,15321
16,2016,22,15668
16,2017,22,16047
16,2018,22,16376
16,2019,22,16667
16,2020,22,16921
16,2021,22,17086
16,2022,22,17191
16,2023,22,17881
16,2024,22,17560
16,2025,22,17559
16,2026,22,17196
16,2027,22,16470
16,2028,22,16699
16,2029,22,16636
16,2030,22,16814
16,2031,22,17256
16,2032,22,17120
16,2033,22,16887
16,2034,22,16373
16,2035,22,16707
16,2036,22,17351
16,2037,22,17392
16,2038,22,17254
16,2039,22,17047
16,2040,22,16935
16,2041,22,16902
16,2042,22,16853
16,2043,22,16801
16,2044,22,16757
16,2045,22,16722
16,2046,22,16697
16,2047,22,16674
16,2048,22,16647
16,2049,22,16595
16,2050,22,16560
16,2051,22,16541
16,2052,22,16537
16,2053,22,16518
16,2054,22,16495
16,2055,22,16465
16,2056,22,16441
16,2057,22,16415
16,2058,22,16396
16,2059,22,16365
16,2060,22,16326
16,2010,23,13696
16,2011,23,13996
16,2012,23,14313
16,2013,23,14641
16,2014,23,14929
16,2015,23,15172
16,2016,23,15449
16,2017,23,15793
16,2018,23,16170
16,2019,23,16497
16,2020,23,16786
16,2021,23,17037
16,2022,23,17199
16,2023,23,17303
16,2024,23,17988
16,2025,23,17666
16,2026,23,17663
16,2027,23,17298
16,2028,23,16571
16,2029,23,16798
16,2030,23,16733
16,2031,23,16910
16,2032,23,17351
16,2033,23,17216
16,2034,23,16983
16,2035,23,16471
16,2036,23,16804
16,2037,23,17448
16,2038,23,17490
16,2039,23,17352
16,2040,23,17145
16,2041,23,17032
16,2042,23,17000
16,2043,23,16950
16,2044,23,16900
16,2045,23,16857
16,2046,23,16821
16,2047,23,16796
16,2048,23,16773
16,2049,23,16748
16,2050,23,16695
16,2051,23,16661
16,2052,23,16641
16,2053,23,16637
16,2054,23,16617
16,2055,23,16595
16,2056,23,16567
16,2057,23,16542
16,2058,23,16514
16,2059,23,16495
16,2060,23,16466
16,2010,24,13540
16,2011,24,13836
16,2012,24,14134
16,2013,24,14449
16,2014,24,14774
16,2015,24,15059
16,2016,24,15300
16,2017,24,15574
16,2018,24,15916
16,2019,24,16291
16,2020,24,16615
16,2021,24,16903
16,2022,24,17151
16,2023,24,17309
16,2024,24,17412
16,2025,24,18095
16,2026,24,17770
16,2027,24,17766
16,2028,24,17399
16,2029,24,16670
16,2030,24,16894
16,2031,24,16830
16,2032,24,17006
16,2033,24,17448
16,2034,24,17313
16,2035,24,17080
16,2036,24,16569
16,2037,24,16902
16,2038,24,17545
16,2039,24,17587
16,2040,24,17450
16,2041,24,17244
16,2042,24,17130
16,2043,24,17100
16,2044,24,17048
16,2045,24,16998
16,2046,24,16957
16,2047,24,16920
16,2048,24,16896
16,2049,24,16871
16,2050,24,16847
16,2051,24,16794
16,2052,24,16760
16,2053,24,16741
16,2054,24,16738
16,2055,24,16718
16,2056,24,16694
16,2057,24,16667
16,2058,24,16644
16,2059,24,16616
16,2060,24,16597
16,2010,25,13377
16,2011,25,13660
16,2012,25,13954
16,2013,25,14250
16,2014,25,14564
16,2015,25,14886
16,2016,25,15169
16,2017,25,15409
16,2018,25,15681
16,2019,25,16020
16,2020,25,16393
16,2021,25,16714
16,2022,25,17001
16,2023,25,17247
16,2024,25,17403
16,2025,25,17503
16,2026,25,18185
16,2027,25,17858
16,2028,25,17852
16,2029,25,17484
16,2030,25,16755
16,2031,25,16976
16,2032,25,16914
16,2033,25,17088
16,2034,25,17531
16,2035,25,17396
16,2036,25,17164
16,2037,25,16653
16,2038,25,16987
16,2039,25,17629
16,2040,25,17671
16,2041,25,17534
16,2042,25,17329
16,2043,25,17215
16,2044,25,17185
16,2045,25,17134
16,2046,25,17083
16,2047,25,17043
16,2048,25,17005
16,2049,25,16983
16,2050,25,16958
16,2051,25,16933
16,2052,25,16881
16,2053,25,16846
16,2054,25,16827
16,2055,25,16824
16,2056,25,16804
16,2057,25,16781
16,2058,25,16753
16,2059,25,16730
16,2060,25,16701
16,2010,26,13214
16,2011,26,13479
16,2012,26,13760
16,2013,26,14052
16,2014,26,14346
16,2015,26,14659
16,2016,26,14980
16,2017,26,15262
16,2018,26,15499
16,2019,26,15769
16,2020,26,16107
16,2021,26,16478
16,2022,26,16796
16,2023,26,17082
16,2024,26,17326
16,2025,26,17481
16,2026,26,17578
16,2027,26,18257
16,2028,26,17929
16,2029,26,17923
16,2030,26,17553
16,2031,26,16824
16,2032,26,17045
16,2033,26,16984
16,2034,26,17158
16,2035,26,17600
16,2036,26,17465
16,2037,26,17235
16,2038,26,16723
16,2039,26,17059
16,2040,26,17699
16,2041,26,17742
16,2042,26,17605
16,2043,26,17400
16,2044,26,17287
16,2045,26,17257
16,2046,26,17206
16,2047,26,17155
16,2048,26,17115
16,2049,26,17077
16,2050,26,17055
16,2051,26,17030
16,2052,26,17005
16,2053,26,16955
16,2054,26,16919
16,2055,26,16900
16,2056,26,16898
16,2057,26,16877
16,2058,26,16854
16,2059,26,16827
16,2060,26,16804
16,2010,27,12992
16,2011,27,13316
16,2012,27,13579
16,2013,27,13858
16,2014,27,14148
16,2015,27,14441
16,2016,27,14752
16,2017,27,15071
16,2018,27,15351
16,2019,27,15588
16,2020,27,15854
16,2021,27,16191
16,2022,27,16561
16,2023,27,16878
16,2024,27,17161
16,2025,27,17402
16,2026,27,17556
16,2027,27,17652
16,2028,27,18329
16,2029,27,17999
16,2030,27,17991
16,2031,27,17621
16,2032,27,16894
16,2033,27,17115
16,2034,27,17053
16,2035,27,17229
16,2036,27,17670
16,2037,27,17536
16,2038,27,17307
16,2039,27,16793
16,2040,27,17131
16,2041,27,17769
16,2042,27,17812
16,2043,27,17676
16,2044,27,17472
16,2045,27,17359
16,2046,27,17328
16,2047,27,17278
16,2048,27,17227
16,2049,27,17188
16,2050,27,17150
16,2051,27,17128
16,2052,27,17103
16,2053,27,17076
16,2054,27,17028
16,2055,27,16992
16,2056,27,16972
16,2057,27,16971
16,2058,27,16950
16,2059,27,16926
16,2060,27,16901
16,2010,28,12678
16,2011,28,13094
16,2012,28,13417
16,2013,28,13679
16,2014,28,13955
16,2015,28,14244
16,2016,28,14534
16,2017,28,14843
16,2018,28,15161
16,2019,28,15439
16,2020,28,15676
16,2021,28,15939
16,2022,28,16274
16,2023,28,16641
16,2024,28,16957
16,2025,28,17239
16,2026,28,17478
16,2027,28,17629
16,2028,28,17724
16,2029,28,18399
16,2030,28,18068
16,2031,28,18060
16,2032,28,17689
16,2033,28,16964
16,2034,28,17186
16,2035,28,17123
16,2036,28,17299
16,2037,28,17738
16,2038,28,17605
16,2039,28,17379
16,2040,28,16864
16,2041,28,17203
16,2042,28,17840
16,2043,28,17883
16,2044,28,17746
16,2045,28,17542
16,2046,28,17431
16,2047,28,17399
16,2048,28,17350
16,2049,28,17298
16,2050,28,17260
16,2051,28,17223
16,2052,28,17201
16,2053,28,17177
16,2054,28,17149
16,2055,28,17101
16,2056,28,17065
16,2057,28,17045
16,2058,28,17045
16,2059,28,17024
16,2060,28,16998
16,2010,29,12304
16,2011,29,12782
16,2012,29,13195
16,2013,29,13517
16,2014,29,13778
16,2015,29,14051
16,2016,29,14339
16,2017,29,14626
16,2018,29,14933
16,2019,29,15250
16,2020,29,15526
16,2021,29,15761
16,2022,29,16023
16,2023,29,16355
16,2024,29,16721
16,2025,29,17034
16,2026,29,17314
16,2027,29,17553
16,2028,29,17702
16,2029,29,17793
16,2030,29,18467
16,2031,29,18135
16,2032,29,18128
16,2033,29,17757
16,2034,29,17034
16,2035,29,17256
16,2036,29,17193
16,2037,29,17370
16,2038,29,17809
16,2039,29,17675
16,2040,29,17449
16,2041,29,16935
16,2042,29,17275
16,2043,29,17911
16,2044,29,17953
16,2045,29,17818
16,2046,29,17614
16,2047,29,17503
16,2048,29,17471
16,2049,29,17422
16,2050,29,17370
16,2051,29,17332
16,2052,29,17295
16,2053,29,17273
16,2054,29,17249
16,2055,29,17221
16,2056,29,17175
16,2057,29,17137
16,2058,29,17117
16,2059,29,17117
16,2060,29,17097
16,2010,30,11927
16,2011,30,12387
16,2012,30,12864
16,2013,30,13274
16,2014,30,13596
16,2015,30,13855
16,2016,30,14126
16,2017,30,14414
16,2018,30,14699
16,2019,30,15003
16,2020,30,15320
16,2021,30,15594
16,2022,30,15827
16,2023,30,16089
16,2024,30,16418
16,2025,30,16784
16,2026,30,17093
16,2027,30,17372
16,2028,30,17609
16,2029,30,17757
16,2030,30,17847
16,2031,30,18519
16,2032,30,18189
16,2033,30,18181
16,2034,30,17811
16,2035,30,17089
16,2036,30,17312
16,2037,30,17249
16,2038,30,17425
16,2039,30,17865
16,2040,30,17731
16,2041,30,17505
16,2042,30,16990
16,2043,30,17330
16,2044,30,17968
16,2045,30,18009
16,2046,30,17873
16,2047,30,17671
16,2048,30,17560
16,2049,30,17528
16,2050,30,17479
16,2051,30,17427
16,2052,30,17389
16,2053,30,17352
16,2054,30,17330
16,2055,30,17307
16,2056,30,17278
16,2057,30,17233
16,2058,30,17196
16,2059,30,17176
16,2060,30,17175
16,2010,31,11536
16,2011,31,11990
16,2012,31,12448
16,2013,31,12925
16,2014,31,13333
16,2015,31,13653
16,2016,31,13912
16,2017,31,14182
16,2018,31,14468
16,2019,31,14753
16,2020,31,15053
16,2021,31,15371
16,2022,31,15644
16,2023,31,15875
16,2024,31,16136
16,2025,31,16462
16,2026,31,16830
16,2027,31,17136
16,2028,31,17413
16,2029,31,17650
16,2030,31,17796
16,2031,31,17885
16,2032,31,18556
16,2033,31,18228
16,2034,31,18220
16,2035,31,17851
16,2036,31,17130
16,2037,31,17352
16,2038,31,17290
16,2039,31,17465
16,2040,31,17906
16,2041,31,17772
16,2042,31,17548
16,2043,31,17033
16,2044,31,17371
16,2045,31,18009
16,2046,31,18051
16,2047,31,17915
16,2048,31,17713
16,2049,31,17603
16,2050,31,17571
16,2051,31,17522
16,2052,31,17470
16,2053,31,17432
16,2054,31,17396
16,2055,31,17373
16,2056,31,17350
16,2057,31,17321
16,2058,31,17275
16,2059,31,17239
16,2060,31,17220
16,2010,32,11161
16,2011,32,11600
16,2012,32,12053
16,2013,32,12509
16,2014,32,12983
16,2015,32,13392
16,2016,32,13711
16,2017,32,13967
16,2018,32,14237
16,2019,32,14522
16,2020,32,14805
16,2021,32,15104
16,2022,32,15420
16,2023,32,15692
16,2024,32,15922
16,2025,32,16183
16,2026,32,16505
16,2027,32,16872
16,2028,32,17178
16,2029,32,17453
16,2030,32,17688
16,2031,32,17835
16,2032,32,17924
16,2033,32,18594
16,2034,32,18267
16,2035,32,18259
16,2036,32,17890
16,2037,32,17171
16,2038,32,17393
16,2039,32,17332
16,2040,32,17506
16,2041,32,17946
16,2042,32,17812
16,2043,32,17590
16,2044,32,17076
16,2045,32,17413
16,2046,32,18051
16,2047,32,18092
16,2048,32,17957
16,2049,32,17755
16,2050,32,17645
16,2051,32,17613
16,2052,32,17565
16,2053,32,17512
16,2054,32,17474
16,2055,32,17439
16,2056,32,17416
16,2057,32,17394
16,2058,32,17365
16,2059,32,17318
16,2060,32,17281
16,2010,33,10823
16,2011,33,11226
16,2012,33,11664
16,2013,33,12115
16,2014,33,12570
16,2015,33,13043
16,2016,33,13448
16,2017,33,13767
16,2018,33,14023
16,2019,33,14290
16,2020,33,14575
16,2021,33,14856
16,2022,33,15154
16,2023,33,15468
16,2024,33,15740
16,2025,33,15968
16,2026,33,16229
16,2027,33,16550
16,2028,33,16913
16,2029,33,17220
16,2030,33,17493
16,2031,33,17727
16,2032,33,17874
16,2033,33,17963
16,2034,33,18632
16,2035,33,18306
16,2036,33,18298
16,2037,33,17930
16,2038,33,17213
16,2039,33,17434
16,2040,33,17374
16,2041,33,17549
16,2042,33,17988
16,2043,33,17853
16,2044,33,17632
16,2045,33,17118
16,2046,33,17454
16,2047,33,18093
16,2048,33,18133
16,2049,33,17999
16,2050,33,17796
16,2051,33,17687
16,2052,33,17655
16,2053,33,17608
16,2054,33,17555
16,2055,33,17517
16,2056,33,17482
16,2057,33,17459
16,2058,33,17436
16,2059,33,17408
16,2060,33,17363
16,2010,34,10506
16,2011,34,10889
16,2012,34,11290
16,2013,34,11726
16,2014,34,12176
16,2015,34,12629
16,2016,34,13102
16,2017,34,13506
16,2018,34,13822
16,2019,34,14078
16,2020,34,14343
16,2021,34,14627
16,2022,34,14906
16,2023,34,15204
16,2024,34,15516
16,2025,34,15786
16,2026,34,16013
16,2027,34,16272
16,2028,34,16593
16,2029,34,16954
16,2030,34,17259
16,2031,34,17532
16,2032,34,17765
16,2033,34,17913
16,2034,34,18002
16,2035,34,18670
16,2036,34,18346
16,2037,34,18338
16,2038,34,17969
16,2039,34,17254
16,2040,34,17475
16,2041,34,17414
16,2042,34,17590
16,2043,34,18030
16,2044,34,17894
16,2045,34,17674
16,2046,34,17161
16,2047,34,17496
16,2048,34,18135
16,2049,34,18174
16,2050,34,18042
16,2051,34,17838
16,2052,34,17730
16,2053,34,17698
16,2054,34,17650
16,2055,34,17598
16,2056,34,17560
16,2057,34,17525
16,2058,34,17503
16,2059,34,17480
16,2060,34,17450
16,2010,35,10175
16,2011,35,10552
16,2012,35,10933
16,2013,35,11334
16,2014,35,11768
16,2015,35,12216
16,2016,35,12668
16,2017,35,13139
16,2018,35,13543
16,2019,35,13857
16,2020,35,14113
16,2021,35,14377
16,2022,35,14659
16,2023,35,14938
16,2024,35,15234
16,2025,35,15544
16,2026,35,15813
16,2027,35,16039
16,2028,35,16299
16,2029,35,16617
16,2030,35,16978
16,2031,35,17281
16,2032,35,17555
16,2033,35,17788
16,2034,35,17935
16,2035,35,18025
16,2036,35,18692
16,2037,35,18369
16,2038,35,18362
16,2039,35,17992
16,2040,35,17279
16,2041,35,17501
16,2042,35,17439
16,2043,35,17615
16,2044,35,18055
16,2045,35,17919
16,2046,35,17700
16,2047,35,17187
16,2048,35,17522
16,2049,35,18160
16,2050,35,18199
16,2051,35,18068
16,2052,35,17863
16,2053,35,17756
16,2054,35,17725
16,2055,35,17675
16,2056,35,17624
16,2057,35,17587
16,2058,35,17551
16,2059,35,17529
16,2060,35,17507
16,2010,36,9843
16,2011,36,10198
16,2012,36,10575
16,2013,36,10955
16,2014,36,11355
16,2015,36,11788
16,2016,36,12235
16,2017,36,12686
16,2018,36,13156
16,2019,36,13559
16,2020,36,13872
16,2021,36,14127
16,2022,36,14390
16,2023,36,14671
16,2024,36,14949
16,2025,36,15246
16,2026,36,15555
16,2027,36,15824
16,2028,36,16047
16,2029,36,16307
16,2030,36,16624
16,2031,36,16985
16,2032,36,17288
16,2033,36,17561
16,2034,36,17795
16,2035,36,17941
16,2036,36,18031
16,2037,36,18697
16,2038,36,18375
16,2039,36,18369
16,2040,36,17999
16,2041,36,17287
16,2042,36,17509
16,2043,36,17447
16,2044,36,17624
16,2045,36,18062
16,2046,36,17927
16,2047,36,17710
16,2048,36,17196
16,2049,36,17531
16,2050,36,18169
16,2051,36,18207
16,2052,36,18077
16,2053,36,17873
16,2054,36,17766
16,2055,36,17735
16,2056,36,17685
16,2057,36,17633
16,2058,36,17598
16,2059,36,17561
16,2060,36,17539
16,2010,37,9490
16,2011,37,9868
16,2012,37,10221
16,2013,37,10597
16,2014,37,10977
16,2015,37,11375
16,2016,37,11807
16,2017,37,12253
16,2018,37,12703
16,2019,37,13172
16,2020,37,13574
16,2021,37,13887
16,2022,37,14142
16,2023,37,14402
16,2024,37,14683
16,2025,37,14961
16,2026,37,15256
16,2027,37,15564
16,2028,37,15833
16,2029,37,16054
16,2030,37,16315
16,2031,37,16630
16,2032,37,16990
16,2033,37,17294
16,2034,37,17566
16,2035,37,17801
16,2036,37,17947
16,2037,37,18037
16,2038,37,18702
16,2039,37,18381
16,2040,37,18376
16,2041,37,18006
16,2042,37,17296
16,2043,37,17517
16,2044,37,17455
16,2045,37,17633
16,2046,37,18069
16,2047,37,17934
16,2048,37,17719
16,2049,37,17206
16,2050,37,17539
16,2051,37,18177
16,2052,37,18215
16,2053,37,18085
16,2054,37,17882
16,2055,37,17775
16,2056,37,17745
16,2057,37,17695
16,2058,37,17642
16,2059,37,17609
16,2060,37,17571
16,2010,38,9104
16,2011,38,9515
16,2012,38,9893
16,2013,38,10245
16,2014,38,10620
16,2015,38,10999
16,2016,38,11396
16,2017,38,11827
16,2018,38,12271
16,2019,38,12720
16,2020,38,13188
16,2021,38,13588
16,2022,38,13901
16,2023,38,14156
16,2024,38,14414
16,2025,38,14694
16,2026,38,14972
16,2027,38,15265
16,2028,38,15572
16,2029,38,15842
16,2030,38,16060
16,2031,38,16322
16,2032,38,16637
16,2033,38,16996
16,2034,38,17300
16,2035,38,17572
16,2036,38,17806
16,2037,38,17953
16,2038,38,18043
16,2039,38,18707
16,2040,38,18386
16,2041,38,18382
16,2042,38,18013
16,2043,38,17304
16,2044,38,17525
16,2045,38,17464
16,2046,38,17642
16,2047,38,18077
16,2048,38,17942
16,2049,38,17727
16,2050,38,17216
16,2051,38,17548
16,2052,38,18185
16,2053,38,18224
16,2054,38,18093
16,2055,38,17892
16,2056,38,17784
16,2057,38,17754
16,2058,38,17704
16,2059,38,17651
16,2060,38,17619
16,2010,39,8700
16,2011,39,9131
16,2012,39,9541
16,2013,39,9917
16,2014,39,10268
16,2015,39,10643
16,2016,39,11021
16,2017,39,11416
16,2018,39,11847
16,2019,39,12290
16,2020,39,12738
16,2021,39,13204
16,2022,39,13603
16,2023,39,13916
16,2024,39,14170
16,2025,39,14427
16,2026,39,14706
16,2027,39,14983
16,2028,39,15275
16,2029,39,15581
16,2030,39,15851
16,2031,39,16068
16,2032,39,16330
16,2033,39,16645
16,2034,39,17004
16,2035,39,17307
16,2036,39,17579
16,2037,39,17813
16,2038,39,17960
16,2039,39,18050
16,2040,39,18713
16,2041,39,18393
16,2042,39,18389
16,2043,39,18022
16,2044,39,17313
16,2045,39,17534
16,2046,39,17473
16,2047,39,17652
16,2048,39,18085
16,2049,39,17951
16,2050,39,17736
16,2051,39,17227
16,2052,39,17559
16,2053,39,18194
16,2054,39,18233
16,2055,39,18102
16,2056,39,17901
16,2057,39,17794
16,2058,39,17765
16,2059,39,17714
16,2060,39,17660
16,2010,40,8303
16,2011,40,8714
16,2012,40,9143
16,2013,40,9553
16,2014,40,9928
16,2015,40,10278
16,2016,40,10652
16,2017,40,11030
16,2018,40,11423
16,2019,40,11853
16,2020,40,12294
16,2021,40,12742
16,2022,40,13207
16,2023,40,13604
16,2024,40,13917
16,2025,40,14171
16,2026,40,14427
16,2027,40,14705
16,2028,40,14982
16,2029,40,15272
16,2030,40,15577
16,2031,40,15847
16,2032,40,16064
16,2033,40,16326
16,2034,40,16640
16,2035,40,16999
16,2036,40,17303
16,2037,40,17574
16,2038,40,17808
16,2039,40,17955
16,2040,40,18045
16,2041,40,18706
16,2042,40,18387
16,2043,40,18383
16,2044,40,18017
16,2045,40,17310
16,2046,40,17531
16,2047,40,17469
16,2048,40,17650
16,2049,40,18082
16,2050,40,17948
16,2051,40,17733
16,2052,40,17224
16,2053,40,17555
16,2054,40,18190
16,2055,40,18229
16,2056,40,18099
16,2057,40,17898
16,2058,40,17791
16,2059,40,17762
16,2060,40,17712
16,2010,41,7910
16,2011,41,8303
16,2012,41,8714
16,2013,41,9142
16,2014,41,9550
16,2015,41,9925
16,2016,41,10273
16,2017,41,10646
16,2018,41,11024
16,2019,41,11416
16,2020,41,11846
16,2021,41,12285
16,2022,41,12732
16,2023,41,13196
16,2024,41,13593
16,2025,41,13903
16,2026,41,14158
16,2027,41,14414
16,2028,41,14691
16,2029,41,14967
16,2030,41,15257
16,2031,41,15561
16,2032,41,15830
16,2033,41,16047
16,2034,41,16310
16,2035,41,16623
16,2036,41,16981
16,2037,41,17285
16,2038,41,17555
16,2039,41,17790
16,2040,41,17937
16,2041,41,18028
16,2042,41,18687
16,2043,41,18369
16,2044,41,18365
16,2045,41,18000
16,2046,41,17294
16,2047,41,17515
16,2048,41,17454
16,2049,41,17634
16,2050,41,18065
16,2051,41,17932
16,2052,41,17717
16,2053,41,17210
16,2054,41,17540
16,2055,41,18174
16,2056,41,18213
16,2057,41,18083
16,2058,41,17883
16,2059,41,17777
16,2060,41,17747
16,2010,42,7528
16,2011,42,7912
16,2012,42,8304
16,2013,42,8713
16,2014,42,9141
16,2015,42,9547
16,2016,42,9922
16,2017,42,10268
16,2018,42,10641
16,2019,42,11019
16,2020,42,11409
16,2021,42,11838
16,2022,42,12276
16,2023,42,12722
16,2024,42,13185
16,2025,42,13582
16,2026,42,13891
16,2027,42,14146
16,2028,42,14400
16,2029,42,14677
16,2030,42,14952
16,2031,42,15242
16,2032,42,15546
16,2033,42,15815
16,2034,42,16030
16,2035,42,16295
16,2036,42,16607
16,2037,42,16964
16,2038,42,17268
16,2039,42,17536
16,2040,42,17771
16,2041,42,17919
16,2042,42,18010
16,2043,42,18667
16,2044,42,18351
16,2045,42,18346
16,2046,42,17983
16,2047,42,17279
16,2048,42,17499
16,2049,42,17438
16,2050,42,17618
16,2051,42,18048
16,2052,42,17916
16,2053,42,17701
16,2054,42,17196
16,2055,42,17524
16,2056,42,18157
16,2057,42,18197
16,2058,42,18067
16,2059,42,17867
16,2060,42,17762
16,2010,43,7164
16,2011,43,7530
16,2012,43,7913
16,2013,43,8305
16,2014,43,8713
16,2015,43,9141
16,2016,43,9545
16,2017,43,9920
16,2018,43,10265
16,2019,43,10635
16,2020,43,11014
16,2021,43,11404
16,2022,43,11831
16,2023,43,12268
16,2024,43,12712
16,2025,43,13176
16,2026,43,13571
16,2027,43,13878
16,2028,43,14133
16,2029,43,14387
16,2030,43,14663
16,2031,43,14937
16,2032,43,15227
16,2033,43,15531
16,2034,43,15800
16,2035,43,16013
16,2036,43,16278
16,2037,43,16591
16,2038,43,16947
16,2039,43,17251
16,2040,43,17519
16,2041,43,17753
16,2042,43,17901
16,2043,43,17993
16,2044,43,18648
16,2045,43,18333
16,2046,43,18328
16,2047,43,17965
16,2048,43,17263
16,2049,43,17484
16,2050,43,17423
16,2051,43,17603
16,2052,43,18031
16,2053,43,17900
16,2054,43,17685
16,2055,43,17182
16,2056,43,17509
16,2057,43,18141
16,2058,43,18181
16,2059,43,18051
16,2060,43,17852
16,2010,44,6816
16,2011,44,7168
16,2012,44,7533
16,2013,44,7915
16,2014,44,8305
16,2015,44,8713
16,2016,44,9140
16,2017,44,9543
16,2018,44,9916
16,2019,44,10262
16,2020,44,10630
16,2021,44,11008
16,2022,44,11398
16,2023,44,11824
16,2024,44,12260
16,2025,44,12701
16,2026,44,13163
16,2027,44,13560
16,2028,44,13867
16,2029,44,14120
16,2030,44,14373
16,2031,44,14649
16,2032,44,14922
16,2033,44,15212
16,2034,44,15517
16,2035,44,15786
16,2036,44,15998
16,2037,44,16262
16,2038,44,16576
16,2039,44,16932
16,2040,44,17235
16,2041,44,17501
16,2042,44,17736
16,2043,44,17883
16,2044,44,17976
16,2045,44,18630
16,2046,44,18315
16,2047,44,18310
16,2048,44,17948
16,2049,44,17247
16,2050,44,17468
16,2051,44,17407
16,2052,44,17588
16,2053,44,18015
16,2054,44,17885
16,2055,44,17670
16,2056,44,17168
16,2057,44,17494
16,2058,44,18124
16,2059,44,18164
16,2060,44,18035
16,2010,45,6473
16,2011,45,6817
16,2012,45,7167
16,2013,45,7530
16,2014,45,7912
16,2015,45,8300
16,2016,45,8706
16,2017,45,9133
16,2018,45,9534
16,2019,45,9907
16,2020,45,10253
16,2021,45,10619
16,2022,45,10996
16,2023,45,11385
16,2024,45,11810
16,2025,45,12245
16,2026,45,12686
16,2027,45,13146
16,2028,45,13540
16,2029,45,13847
16,2030,45,14100
16,2031,45,14352
16,2032,45,14629
16,2033,45,14900
16,2034,45,15190
16,2035,45,15494
16,2036,45,15764
16,2037,45,15975
16,2038,45,16239
16,2039,45,16551
16,2040,45,16907
16,2041,45,17211
16,2042,45,17475
16,2043,45,17711
16,2044,45,17857
16,2045,45,17950
16,2046,45,18603
16,2047,45,18289
16,2048,45,18283
16,2049,45,17923
16,2050,45,17224
16,2051,45,17444
16,2052,45,17384
16,2053,45,17564
16,2054,45,17990
16,2055,45,17860
16,2056,45,17646
16,2057,45,17146
16,2058,45,17471
16,2059,45,18100
16,2060,45,18139
16,2010,46,6131
16,2011,46,6469
16,2012,46,6813
16,2013,46,7161
16,2014,46,7524
16,2015,46,7903
16,2016,46,8292
16,2017,46,8695
16,2018,46,9122
16,2019,46,9521
16,2020,46,9892
16,2021,46,10238
16,2022,46,10602
16,2023,46,10978
16,2024,46,11366
16,2025,46,11789
16,2026,46,12223
16,2027,46,12663
16,2028,46,13121
16,2029,46,13515
16,2030,46,13821
16,2031,46,14073
16,2032,46,14324
16,2033,46,14601
16,2034,46,14872
16,2035,46,15161
16,2036,46,15464
16,2037,46,15734
16,2038,46,15944
16,2039,46,16208
16,2040,46,16520
16,2041,46,16874
16,2042,46,17178
16,2043,46,17441
16,2044,46,17677
16,2045,46,17822
16,2046,46,17915
16,2047,46,18567
16,2048,46,18254
16,2049,46,18248
16,2050,46,17889
16,2051,46,17193
16,2052,46,17411
16,2053,46,17352
16,2054,46,17531
16,2055,46,17957
16,2056,46,17827
16,2057,46,17613
16,2058,46,17116
16,2059,46,17440
16,2060,46,18067
16,2010,47,5821
16,2011,47,6130
16,2012,47,6466
16,2013,47,6810
16,2014,47,7155
16,2015,47,7518
16,2016,47,7895
16,2017,47,8283
16,2018,47,8685
16,2019,47,9110
16,2020,47,9507
16,2021,47,9877
16,2022,47,10223
16,2023,47,10587
16,2024,47,10961
16,2025,47,11348
16,2026,47,11770
16,2027,47,12201
16,2028,47,12641
16,2029,47,13096
16,2030,47,13490
16,2031,47,13796
16,2032,47,14046
16,2033,47,14298
16,2034,47,14573
16,2035,47,14844
16,2036,47,15133
16,2037,47,15434
16,2038,47,15705
16,2039,47,15915
16,2040,47,16177
16,2041,47,16489
16,2042,47,16842
16,2043,47,17146
16,2044,47,17408
16,2045,47,17644
16,2046,47,17788
16,2047,47,17881
16,2048,47,18532
16,2049,47,18220
16,2050,47,18214
16,2051,47,17856
16,2052,47,17163
16,2053,47,17379
16,2054,47,17322
16,2055,47,17500
16,2056,47,17924
16,2057,47,17795
16,2058,47,17581
16,2059,47,17086
16,2060,47,17409
16,2010,48,5557
16,2011,48,5821
16,2012,48,6129
16,2013,48,6464
16,2014,48,6807
16,2015,48,7151
16,2016,48,7512
16,2017,48,7888
16,2018,48,8274
16,2019,48,8675
16,2020,48,9100
16,2021,48,9495
16,2022,48,9863
16,2023,48,10207
16,2024,48,10570
16,2025,48,10944
16,2026,48,11330
16,2027,48,11751
16,2028,48,12181
16,2029,48,12620
16,2030,48,13072
16,2031,48,13465
16,2032,48,13771
16,2033,48,14019
16,2034,48,14271
16,2035,48,14547
16,2036,48,14816
16,2037,48,15106
16,2038,48,15405
16,2039,48,15675
16,2040,48,15886
16,2041,48,16148
16,2042,48,16458
16,2043,48,16810
16,2044,48,17114
16,2045,48,17376
16,2046,48,17611
16,2047,48,17756
16,2048,48,17847
16,2049,48,18496
16,2050,48,18186
16,2051,48,18180
16,2052,48,17823
16,2053,48,17133
16,2054,48,17348
16,2055,48,17291
16,2056,48,17469
16,2057,48,17892
16,2058,48,17763
16,2059,48,17550
16,2060,48,17057
16,2010,49,5324
16,2011,49,5558
16,2012,49,5821
16,2013,49,6127
16,2014,49,6461
16,2015,49,6803
16,2016,49,7146
16,2017,49,7505
16,2018,49,7881
16,2019,49,8265
16,2020,49,8665
16,2021,49,9088
16,2022,49,9483
16,2023,49,9849
16,2024,49,10193
16,2025,49,10554
16,2026,49,10927
16,2027,49,11310
16,2028,49,11731
16,2029,49,12159
16,2030,49,12597
16,2031,49,13048
16,2032,49,13441
16,2033,49,13747
16,2034,49,13994
16,2035,49,14244
16,2036,49,14521
16,2037,49,14788
16,2038,49,15078
16,2039,49,15378
16,2040,49,15646
16,2041,49,15857
16,2042,49,16119
16,2043,49,16428
16,2044,49,16778
16,2045,49,17081
16,2046,49,17343
16,2047,49,17577
16,2048,49,17723
16,2049,49,17814
16,2050,49,18460
16,2051,49,18151
16,2052,49,18146
16,2053,49,17790
16,2054,49,17102
16,2055,49,17317
16,2056,49,17260
16,2057,49,17436
16,2058,49,17859
16,2059,49,17730
16,2060,49,17518
16,2010,50,5094
16,2011,50,5315
16,2012,50,5547
16,2013,50,5810
16,2014,50,6116
16,2015,50,6446
16,2016,50,6788
16,2017,50,7129
16,2018,50,7486
16,2019,50,7862
16,2020,50,8243
16,2021,50,8643
16,2022,50,9064
16,2023,50,9457
16,2024,50,9822
16,2025,50,10164
16,2026,50,10524
16,2027,50,10897
16,2028,50,11277
16,2029,50,11696
16,2030,50,12123
16,2031,50,12558
16,2032,50,13008
16,2033,50,13400
16,2034,50,13705
16,2035,50,13953
16,2036,50,14202
16,2037,50,14479
16,2038,50,14744
16,2039,50,15033
16,2040,50,15333
16,2041,50,15599
16,2042,50,15811
16,2043,50,16071
16,2044,50,16380
16,2045,50,16729
16,2046,50,17032
16,2047,50,17292
16,2048,50,17525
16,2049,50,17671
16,2050,50,17762
16,2051,50,18406
16,2052,50,18098
16,2053,50,18092
16,2054,50,17739
16,2055,50,17052
16,2056,50,17268
16,2057,50,17212
16,2058,50,17387
16,2059,50,17809
16,2060,50,17680
16,2010,51,4877
16,2011,51,5075
16,2012,51,5296
16,2013,51,5526
16,2014,51,5787
16,2015,51,6094
16,2016,51,6420
16,2017,51,6762
16,2018,51,7100
16,2019,51,7456
16,2020,51,7830
16,2021,51,8209
16,2022,51,8606
16,2023,51,9026
16,2024,51,9417
16,2025,51,9782
16,2026,51,10121
16,2027,51,10479
16,2028,51,10850
16,2029,51,11231
16,2030,51,11646
16,2031,51,12072
16,2032,51,12505
16,2033,51,12953
16,2034,51,13345
16,2035,51,13648
16,2036,51,13895
16,2037,51,14144
16,2038,51,14420
16,2039,51,14683
16,2040,51,14971
16,2041,51,15271
16,2042,51,15535
16,2043,51,15747
16,2044,51,16006
16,2045,51,16314
16,2046,51,16662
16,2047,51,16963
16,2048,51,17223
16,2049,51,17455
16,2050,51,17601
16,2051,51,17691
16,2052,51,18333
16,2053,51,18027
16,2054,51,18019
16,2055,51,17670
16,2056,51,16985
16,2057,51,17201
16,2058,51,17145
16,2059,51,17318
16,2060,51,17739
16,2010,52,4646
16,2011,52,4859
16,2012,52,5057
16,2013,52,5277
16,2014,52,5506
16,2015,52,5765
16,2016,52,6072
16,2017,52,6396
16,2018,52,6737
16,2019,52,7072
16,2020,52,7428
16,2021,52,7798
16,2022,52,8177
16,2023,52,8572
16,2024,52,8989
16,2025,52,9377
16,2026,52,9741
16,2027,52,10080
16,2028,52,10436
16,2029,52,10805
16,2030,52,11184
16,2031,52,11598
16,2032,52,12023
16,2033,52,12454
16,2034,52,12900
16,2035,52,13290
16,2036,52,13592
16,2037,52,13837
16,2038,52,14087
16,2039,52,14361
16,2040,52,14624
16,2041,52,14910
16,2042,52,15210
16,2043,52,15473
16,2044,52,15685
16,2045,52,15942
16,2046,52,16249
16,2047,52,16596
16,2048,52,16895
16,2049,52,17154
16,2050,52,17385
16,2051,52,17532
16,2052,52,17621
16,2053,52,18260
16,2054,52,17956
16,2055,52,17948
16,2056,52,17601
16,2057,52,16918
16,2058,52,17135
16,2059,52,17079
16,2060,52,17251
16,2010,53,4390
16,2011,53,4631
16,2012,53,4842
16,2013,53,5040
16,2014,53,5258
16,2015,53,5486
16,2016,53,5744
16,2017,53,6050
16,2018,53,6373
16,2019,53,6711
16,2020,53,7044
16,2021,53,7401
16,2022,53,7768
16,2023,53,8145
16,2024,53,8538
16,2025,53,8953
16,2026,53,9340
16,2027,53,9701
16,2028,53,10040
16,2029,53,10392
16,2030,53,10760
16,2031,53,11139
16,2032,53,11550
16,2033,53,11974
16,2034,53,12402
16,2035,53,12848
16,2036,53,13237
16,2037,53,13538
16,2038,53,13780
16,2039,53,14032
16,2040,53,14303
16,2041,53,14565
16,2042,53,14850
16,2043,53,15150
16,2044,53,15411
16,2045,53,15623
16,2046,53,15879
16,2047,53,16185
16,2048,53,16531
16,2049,53,16829
16,2050,53,17087
16,2051,53,17315
16,2052,53,17462
16,2053,53,17552
16,2054,53,18188
16,2055,53,17885
16,2056,53,17878
16,2057,53,17534
16,2058,53,16852
16,2059,53,17069
16,2060,53,17013
16,2010,54,4117
16,2011,54,4377
16,2012,54,4617
16,2013,54,4826
16,2014,54,5024
16,2015,54,5240
16,2016,54,5467
16,2017,54,5723
16,2018,54,6028
16,2019,54,6349
16,2020,54,6686
16,2021,54,7016
16,2022,54,7372
16,2023,54,7738
16,2024,54,8113
16,2025,54,8505
16,2026,54,8917
16,2027,54,9302
16,2028,54,9661
16,2029,54,10000
16,2030,54,10351
16,2031,54,10715
16,2032,54,11094
16,2033,54,11502
16,2034,54,11926
16,2035,54,12351
16,2036,54,12795
16,2037,54,13183
16,2038,54,13484
16,2039,54,13724
16,2040,54,13975
16,2041,54,14247
16,2042,54,14507
16,2043,54,14790
16,2044,54,15090
16,2045,54,15350
16,2046,54,15560
16,2047,54,15816
16,2048,54,16121
16,2049,54,16465
16,2050,54,16762
16,2051,54,17020
16,2052,54,17247
16,2053,54,17393
16,2054,54,17482
16,2055,54,18117
16,2056,54,17814
16,2057,54,17807
16,2058,54,17466
16,2059,54,16787
16,2060,54,17003
16,2010,55,3860
16,2011,55,4101
16,2012,55,4359
16,2013,55,4598
16,2014,55,4805
16,2015,55,5003
16,2016,55,5217
16,2017,55,5443
16,2018,55,5697
16,2019,55,6002
16,2020,55,6320
16,2021,55,6655
16,2022,55,6982
16,2023,55,7337
16,2024,55,7702
16,2025,55,8074
16,2026,55,8464
16,2027,55,8874
16,2028,55,9257
16,2029,55,9613
16,2030,55,9952
16,2031,55,10302
16,2032,55,10663
16,2033,55,11041
16,2034,55,11446
16,2035,55,11868
16,2036,55,12291
16,2037,55,12733
16,2038,55,13119
16,2039,55,13419
16,2040,55,13660
16,2041,55,13908
16,2042,55,14179
16,2043,55,14438
16,2044,55,14719
16,2045,55,15018
16,2046,55,15278
16,2047,55,15487
16,2048,55,15741
16,2049,55,16045
16,2050,55,16387
16,2051,55,16683
16,2052,55,16939
16,2053,55,17166
16,2054,55,17312
16,2055,55,17399
16,2056,55,18032
16,2057,55,17730
16,2058,55,17724
16,2059,55,17384
16,2060,55,16710
16,2010,56,3616
16,2011,56,3839
16,2012,56,4079
16,2013,56,4336
16,2014,56,4574
16,2015,56,4779
16,2016,56,4976
16,2017,56,5189
16,2018,56,5414
16,2019,56,5666
16,2020,56,5969
16,2021,56,6285
16,2022,56,6618
16,2023,56,6942
16,2024,56,7295
16,2025,56,7659
16,2026,56,8028
16,2027,56,8416
16,2028,56,8822
16,2029,56,9205
16,2030,56,9557
16,2031,56,9894
16,2032,56,10243
16,2033,56,10603
16,2034,56,10979
16,2035,56,11382
16,2036,56,11801
16,2037,56,12222
16,2038,56,12661
16,2039,56,13045
16,2040,56,13343
16,2041,56,13584
16,2042,56,13830
16,2043,56,14100
16,2044,56,14358
16,2045,56,14637
16,2046,56,14934
16,2047,56,15192
16,2048,56,15401
16,2049,56,15653
16,2050,56,15956
16,2051,56,16297
16,2052,56,16590
16,2053,56,16846
16,2054,56,17071
16,2055,56,17216
16,2056,56,17302
16,2057,56,17932
16,2058,56,17632
16,2059,56,17626
16,2060,56,17288
16,2010,57,3369
16,2011,57,3600
16,2012,57,3820
16,2013,57,4058
16,2014,57,4312
16,2015,57,4549
16,2016,57,4754
16,2017,57,4950
16,2018,57,5161
16,2019,57,5385
16,2020,57,5635
16,2021,57,5937
16,2022,57,6252
16,2023,57,6582
16,2024,57,6903
16,2025,57,7254
16,2026,57,7616
16,2027,57,7983
16,2028,57,8370
16,2029,57,8772
16,2030,57,9154
16,2031,57,9503
16,2032,57,9838
16,2033,57,10185
16,2034,57,10543
16,2035,57,10918
16,2036,57,11319
16,2037,57,11736
16,2038,57,12155
16,2039,57,12591
16,2040,57,12972
16,2041,57,13268
16,2042,57,13509
16,2043,57,13754
16,2044,57,14022
16,2045,57,14279
16,2046,57,14556
16,2047,57,14852
16,2048,57,15108
16,2049,57,15317
16,2050,57,15567
16,2051,57,15867
16,2052,57,16208
16,2053,57,16498
16,2054,57,16754
16,2055,57,16977
16,2056,57,17121
16,2057,57,17207
16,2058,57,17832
16,2059,57,17536
16,2060,57,17529
16,2010,58,3117
16,2011,58,3353
16,2012,58,3583
16,2013,58,3801
16,2014,58,4040
16,2015,58,4292
16,2016,58,4526
16,2017,58,4729
16,2018,58,4924
16,2019,58,5134
16,2020,58,5358
16,2021,58,5604
16,2022,58,5904
16,2023,58,6217
16,2024,58,6546
16,2025,58,6864
16,2026,58,7214
16,2027,58,7574
16,2028,58,7938
16,2029,58,8322
16,2030,58,8722
16,2031,58,9103
16,2032,58,9450
16,2033,58,9783
16,2034,58,10128
16,2035,58,10483
16,2036,58,10857
16,2037,58,11255
16,2038,58,11670
16,2039,58,12087
16,2040,58,12521
16,2041,58,12900
16,2042,58,13194
16,2043,58,13433
16,2044,58,13677
16,2045,58,13944
16,2046,58,14200
16,2047,58,14476
16,2048,58,14770
16,2049,58,15025
16,2050,58,15232
16,2051,58,15482
16,2052,58,15780
16,2053,58,16119
16,2054,58,16407
16,2055,58,16662
16,2056,58,16884
16,2057,58,17027
16,2058,58,17112
16,2059,58,17733
16,2060,58,17440
16,2010,59,2869
16,2011,59,3104
16,2012,59,3339
16,2013,59,3567
16,2014,59,3782
16,2015,59,4020
16,2016,59,4271
16,2017,59,4504
16,2018,59,4705
16,2019,59,4898
16,2020,59,5106
16,2021,59,5331
16,2022,59,5575
16,2023,59,5874
16,2024,59,6184
16,2025,59,6512
16,2026,59,6827
16,2027,59,7174
16,2028,59,7533
16,2029,59,7895
16,2030,59,8275
16,2031,59,8672
16,2032,59,9052
16,2033,59,9397
16,2034,59,9729
16,2035,59,10072
16,2036,59,10424
16,2037,59,10796
16,2038,59,11192
16,2039,59,11606
16,2040,59,12020
16,2041,59,12453
16,2042,59,12829
16,2043,59,13122
16,2044,59,13359
16,2045,59,13602
16,2046,59,13867
16,2047,59,14122
16,2048,59,14397
16,2049,59,14688
16,2050,59,14944
16,2051,59,15149
16,2052,59,15397
16,2053,59,15693
16,2054,59,16030
16,2055,59,16318
16,2056,59,16571
16,2057,59,16792
16,2058,59,16935
16,2059,59,17018
16,2060,59,17635
16,2010,60,2629
16,2011,60,2845
16,2012,60,3078
16,2013,60,3311
16,2014,60,3537
16,2015,60,3750
16,2016,60,3986
16,2017,60,4234
16,2018,60,4467
16,2019,60,4666
16,2020,60,4858
16,2021,60,5063
16,2022,60,5287
16,2023,60,5529
16,2024,60,5825
16,2025,60,6133
16,2026,60,6459
16,2027,60,6772
16,2028,60,7114
16,2029,60,7471
16,2030,60,7831
16,2031,60,8209
16,2032,60,8602
16,2033,60,8980
16,2034,60,9322
16,2035,60,9652
16,2036,60,9993
16,2037,60,10342
16,2038,60,10712
16,2039,60,11103
16,2040,60,11515
16,2041,60,11924
16,2042,60,12356
16,2043,60,12729
16,2044,60,13021
16,2045,60,13255
16,2046,60,13497
16,2047,60,13759
16,2048,60,14013
16,2049,60,14286
16,2050,60,14574
16,2051,60,14828
16,2052,60,15033
16,2053,60,15279
16,2054,60,15573
16,2055,60,15906
16,2056,60,16193
16,2057,60,16443
16,2058,60,16663
16,2059,60,16805
16,2060,60,16888
16,2010,61,2390
16,2011,61,2597
16,2012,61,2809
16,2013,61,3040
16,2014,61,3270
16,2015,61,3494
16,2016,61,3704
16,2017,61,3939
16,2018,61,4183
16,2019,61,4414
16,2020,61,4611
16,2021,61,4803
16,2022,61,5005
16,2023,61,5227
16,2024,61,5467
16,2025,61,5759
16,2026,61,6064
16,2027,61,6386
16,2028,61,6698
16,2029,61,7037
16,2030,61,7390
16,2031,61,7746
16,2032,61,8121
16,2033,61,8510
16,2034,61,8885
16,2035,61,9223
16,2036,61,9551
16,2037,61,9889
16,2038,61,10235
16,2039,61,10601
16,2040,61,10989
16,2041,61,11397
16,2042,61,11802
16,2043,61,12230
16,2044,61,12599
16,2045,61,12889
16,2046,61,13121
16,2047,61,13360
16,2048,61,13619
16,2049,61,13872
16,2050,61,14142
16,2051,61,14428
16,2052,61,14679
16,2053,61,14882
16,2054,61,15127
16,2055,61,15418
16,2056,61,15748
16,2057,61,16032
16,2058,61,16279
16,2059,61,16498
16,2060,61,16638
16,2010,62,2202
16,2011,62,2361
16,2012,62,2567
16,2013,62,2776
16,2014,62,3004
16,2015,62,3231
16,2016,62,3453
16,2017,62,3660
16,2018,62,3892
16,2019,62,4135
16,2020,62,4363
16,2021,62,4558
16,2022,62,4749
16,2023,62,4948
16,2024,62,5168
16,2025,62,5406
16,2026,62,5695
16,2027,62,5998
16,2028,62,6316
16,2029,62,6625
16,2030,62,6960
16,2031,62,7311
16,2032,62,7663
16,2033,62,8034
16,2034,62,8419
16,2035,62,8791
16,2036,62,9125
16,2037,62,9451
16,2038,62,9785
16,2039,62,10130
16,2040,62,10492
16,2041,62,10876
16,2042,62,11280
16,2043,62,11680
16,2044,62,12105
16,2045,62,12470
16,2046,62,12757
16,2047,62,12989
16,2048,62,13226
16,2049,62,13481
16,2050,62,13732
16,2051,62,14000
16,2052,62,14283
16,2053,62,14533
16,2054,62,14734
16,2055,62,14976
16,2056,62,15264
16,2057,62,15591
16,2058,62,15873
16,2059,62,16118
16,2060,62,16335
16,2010,63,2085
16,2011,63,2176
16,2012,63,2332
16,2013,63,2536
16,2014,63,2744
16,2015,63,2969
16,2016,63,3193
16,2017,63,3412
16,2018,63,3619
16,2019,63,3846
16,2020,63,4088
16,2021,63,4313
16,2022,63,4506
16,2023,63,4696
16,2024,63,4893
16,2025,63,5111
16,2026,63,5347
16,2027,63,5632
16,2028,63,5932
16,2029,63,6247
16,2030,63,6553
16,2031,63,6885
16,2032,63,7232
16,2033,63,7581
16,2034,63,7950
16,2035,63,8331
16,2036,63,8699
16,2037,63,9030
16,2038,63,9353
16,2039,63,9683
16,2040,63,10025
16,2041,63,10384
16,2042,63,10765
16,2043,63,11166
16,2044,63,11562
16,2045,63,11982
16,2046,63,12345
16,2047,63,12628
16,2048,63,12858
16,2049,63,13094
16,2050,63,13346
16,2051,63,13595
16,2052,63,13860
16,2053,63,14140
16,2054,63,14387
16,2055,63,14588
16,2056,63,14828
16,2057,63,15113
16,2058,63,15436
16,2059,63,15715
16,2060,63,15958
16,2010,64,2016
16,2011,64,2060
16,2012,64,2151
16,2013,64,2305
16,2014,64,2506
16,2015,64,2712
16,2016,64,2935
16,2017,64,3157
16,2018,64,3373
16,2019,64,3578
16,2020,64,3801
16,2021,64,4042
16,2022,64,4264
16,2023,64,4455
16,2024,64,4645
16,2025,64,4839
16,2026,64,5054
16,2027,64,5289
16,2028,64,5571
16,2029,64,5867
16,2030,64,6180
16,2031,64,6483
16,2032,64,6812
16,2033,64,7156
16,2034,64,7500
16,2035,64,7867
16,2036,64,8244
16,2037,64,8609
16,2038,64,8937
16,2039,64,9256
16,2040,64,9584
16,2041,64,9923
16,2042,64,10278
16,2043,64,10656
16,2044,64,11052
16,2045,64,11446
16,2046,64,11861
16,2047,64,12221
16,2048,64,12501
16,2049,64,12729
16,2050,64,12962
16,2051,64,13211
16,2052,64,13459
16,2053,64,13721
16,2054,64,13999
16,2055,64,14244
16,2056,64,14444
16,2057,64,14682
16,2058,64,14964
16,2059,64,15284
16,2060,64,15560
16,2010,65,1950
16,2011,65,1984
16,2012,65,2028
16,2013,65,2118
16,2014,65,2269
16,2015,65,2467
16,2016,65,2670
16,2017,65,2890
16,2018,65,3109
16,2019,65,3323
16,2020,65,3525
16,2021,65,3744
16,2022,65,3983
16,2023,65,4202
16,2024,65,4390
16,2025,65,4578
16,2026,65,4770
16,2027,65,4982
16,2028,65,5214
16,2029,65,5493
16,2030,65,5784
16,2031,65,6093
16,2032,65,6393
16,2033,65,6718
16,2034,65,7058
16,2035,65,7397
16,2036,65,7761
16,2037,65,8133
16,2038,65,8493
16,2039,65,8818
16,2040,65,9133
16,2041,65,9457
16,2042,65,9792
16,2043,65,10142
16,2044,65,10516
16,2045,65,10907
16,2046,65,11297
16,2047,65,11707
16,2048,65,12062
16,2049,65,12338
16,2050,65,12565
16,2051,65,12794
16,2052,65,13040
16,2053,65,13286
16,2054,65,13544
16,2055,65,13819
16,2056,65,14060
16,2057,65,14258
16,2058,65,14494
16,2059,65,14773
16,2060,65,15089
16,2010,66,1897
16,2011,66,1910
16,2012,66,1943
16,2013,66,1988
16,2014,66,2077
16,2015,66,2226
16,2016,66,2420
16,2017,66,2619
16,2018,66,2834
16,2019,66,3050
16,2020,66,3262
16,2021,66,3460
16,2022,66,3675
16,2023,66,3910
16,2024,66,4125
16,2025,66,4311
16,2026,66,4496
16,2027,66,4686
16,2028,66,4895
16,2029,66,5123
16,2030,66,5399
16,2031,66,5684
16,2032,66,5989
16,2033,66,6284
16,2034,66,6604
16,2035,66,6939
16,2036,66,7273
16,2037,66,7631
16,2038,66,7998
16,2039,66,8353
16,2040,66,8672
16,2041,66,8983
16,2042,66,9302
16,2043,66,9633
16,2044,66,9978
16,2045,66,10346
16,2046,66,10730
16,2047,66,11115
16,2048,66,11519
16,2049,66,11869
16,2050,66,12141
16,2051,66,12366
16,2052,66,12592
16,2053,66,12833
16,2054,66,13075
16,2055,66,13329
16,2056,66,13601
16,2057,66,13838
16,2058,66,14033
16,2059,66,14266
16,2060,66,14540
16,2010,67,1823
16,2011,67,1857
16,2012,67,1871
16,2013,67,1903
16,2014,67,1949
16,2015,67,2036
16,2016,67,2183
16,2017,67,2373
16,2018,67,2570
16,2019,67,2780
16,2020,67,2993
16,2021,67,3201
16,2022,67,3395
16,2023,67,3608
16,2024,67,3839
16,2025,67,4051
16,2026,67,4234
16,2027,67,4416
16,2028,67,4604
16,2029,67,4809
16,2030,67,5034
16,2031,67,5306
16,2032,67,5587
16,2033,67,5886
16,2034,67,6177
16,2035,67,6493
16,2036,67,6822
16,2037,67,7151
16,2038,67,7505
16,2039,67,7865
16,2040,67,8216
16,2041,67,8531
16,2042,67,8837
16,2043,67,9151
16,2044,67,9477
16,2045,67,9817
16,2046,67,10180
16,2047,67,10558
16,2048,67,10938
16,2049,67,11336
16,2050,67,11680
16,2051,67,11948
16,2052,67,12168
16,2053,67,12392
16,2054,67,12631
16,2055,67,12868
16,2056,67,13118
16,2057,67,13386
16,2058,67,13620
16,2059,67,13812
16,2060,67,14043
16,2010,68,1705
16,2011,68,1785
16,2012,68,1820
16,2013,68,1835
16,2014,68,1865
16,2015,68,1911
16,2016,68,1998
16,2017,68,2142
16,2018,68,2328
16,2019,68,2522
16,2020,68,2729
16,2021,68,2939
16,2022,68,3143
16,2023,68,3334
16,2024,68,3544
16,2025,68,3770
16,2026,68,3980
16,2027,68,4159
16,2028,68,4338
16,2029,68,4524
16,2030,68,4726
16,2031,68,4948
16,2032,68,5215
16,2033,68,5492
16,2034,68,5787
16,2035,68,6072
16,2036,68,6385
16,2037,68,6709
16,2038,68,7032
16,2039,68,7382
16,2040,68,7736
16,2041,68,8081
16,2042,68,8392
16,2043,68,8693
16,2044,68,9003
16,2045,68,9325
16,2046,68,9659
16,2047,68,10017
16,2048,68,10389
16,2049,68,10763
16,2050,68,11155
16,2051,68,11495
16,2052,68,11759
16,2053,68,11976
16,2054,68,12195
16,2055,68,12432
16,2056,68,12664
16,2057,68,12911
16,2058,68,13176
16,2059,68,13405
16,2060,68,13594
16,2010,69,1561
16,2011,69,1672
16,2012,69,1750
16,2013,69,1784
16,2014,69,1800
16,2015,69,1830
16,2016,69,1874
16,2017,69,1962
16,2018,69,2102
16,2019,69,2286
16,2020,69,2476
16,2021,69,2679
16,2022,69,2887
16,2023,69,3086
16,2024,69,3274
16,2025,69,3482
16,2026,69,3704
16,2027,69,3911
16,2028,69,4087
16,2029,69,4263
16,2030,69,4447
16,2031,69,4645
16,2032,69,4864
16,2033,69,5127
16,2034,69,5400
16,2035,69,5690
16,2036,69,5971
16,2037,69,6279
16,2038,69,6597
16,2039,69,6916
16,2040,69,7261
16,2041,69,7610
16,2042,69,7950
16,2043,69,8257
16,2044,69,8552
16,2045,69,8858
16,2046,69,9176
16,2047,69,9503
16,2048,69,9857
16,2049,69,10224
16,2050,69,10593
16,2051,69,10978
16,2052,69,11314
16,2053,69,11573
16,2054,69,11787
16,2055,69,12002
16,2056,69,12237
16,2057,69,12465
16,2058,69,12708
16,2059,69,12969
16,2060,69,13195
16,2010,70,1431
16,2011,70,1520
16,2012,70,1629
16,2013,70,1706
16,2014,70,1740
16,2015,70,1756
16,2016,70,1787
16,2017,70,1829
16,2018,70,1916
16,2019,70,2053
16,2020,70,2232
16,2021,70,2418
16,2022,70,2615
16,2023,70,2820
16,2024,70,3015
16,2025,70,3199
16,2026,70,3401
16,2027,70,3619
16,2028,70,3822
16,2029,70,3995
16,2030,70,4166
16,2031,70,4347
16,2032,70,4541
16,2033,70,4757
16,2034,70,5014
16,2035,70,5282
16,2036,70,5565
16,2037,70,5841
16,2038,70,6144
16,2039,70,6455
16,2040,70,6768
16,2041,70,7106
16,2042,70,7448
16,2043,70,7781
16,2044,70,8083
16,2045,70,8371
16,2046,70,8673
16,2047,70,8985
16,2048,70,9304
16,2049,70,9651
16,2050,70,10011
16,2051,70,10372
16,2052,70,10750
16,2053,70,11079
16,2054,70,11334
16,2055,70,11544
16,2056,70,11754
16,2057,70,11985
16,2058,70,12208
16,2059,70,12446
16,2060,70,12702
16,2010,71,1305
16,2011,71,1386
16,2012,71,1471
16,2013,71,1577
16,2014,71,1653
16,2015,71,1687
16,2016,71,1703
16,2017,71,1733
16,2018,71,1775
16,2019,71,1859
16,2020,71,1993
16,2021,71,2167
16,2022,71,2349
16,2023,71,2540
16,2024,71,2739
16,2025,71,2928
16,2026,71,3108
16,2027,71,3304
16,2028,71,3517
16,2029,71,3714
16,2030,71,3884
16,2031,71,4051
16,2032,71,4227
16,2033,71,4416
16,2034,71,4626
16,2035,71,4879
16,2036,71,5138
16,2037,71,5415
16,2038,71,5684
16,2039,71,5980
16,2040,71,6282
16,2041,71,6588
16,2042,71,6917
16,2043,71,7251
16,2044,71,7577
16,2045,71,7871
16,2046,71,8152
16,2047,71,8447
16,2048,71,8752
16,2049,71,9063
16,2050,71,9402
16,2051,71,9753
16,2052,71,10104
16,2053,71,10473
16,2054,71,10795
16,2055,71,11043
16,2056,71,11248
16,2057,71,11453
16,2058,71,11677
16,2059,71,11896
16,2060,71,12128
16,2010,72,1192
16,2011,72,1264
16,2012,72,1344
16,2013,72,1427
16,2014,72,1528
16,2015,72,1603
16,2016,72,1636
16,2017,72,1653
16,2018,72,1682
16,2019,72,1724
16,2020,72,1805
16,2021,72,1937
16,2022,72,2106
16,2023,72,2282
16,2024,72,2468
16,2025,72,2662
16,2026,72,2846
16,2027,72,3021
16,2028,72,3212
16,2029,72,3420
16,2030,72,3610
16,2031,72,3776
16,2032,72,3940
16,2033,72,4112
16,2034,72,4297
16,2035,72,4500
16,2036,72,4748
16,2037,72,5001
16,2038,72,5271
16,2039,72,5532
16,2040,72,5822
16,2041,72,6116
16,2042,72,6415
16,2043,72,6736
16,2044,72,7061
16,2045,72,7379
16,2046,72,7666
16,2047,72,7940
16,2048,72,8229
16,2049,72,8526
16,2050,72,8829
16,2051,72,9159
16,2052,72,9503
16,2053,72,9845
16,2054,72,10204
16,2055,72,10519
16,2056,72,10761
16,2057,72,10961
16,2058,72,11162
16,2059,72,11380
16,2060,72,11593
16,2010,73,1100
16,2011,73,1156
16,2012,73,1225
16,2013,73,1303
16,2014,73,1385
16,2015,73,1482
16,2016,73,1555
16,2017,73,1588
16,2018,73,1606
16,2019,73,1634
16,2020,73,1674
16,2021,73,1753
16,2022,73,1882
16,2023,73,2047
16,2024,73,2218
16,2025,73,2398
16,2026,73,2587
16,2027,73,2768
16,2028,73,2937
16,2029,73,3123
16,2030,73,3326
16,2031,73,3511
16,2032,73,3674
16,2033,73,3832
16,2034,73,4001
16,2035,73,4181
16,2036,73,4380
16,2037,73,4620
16,2038,73,4867
16,2039,73,5131
16,2040,73,5385
16,2041,73,5668
16,2042,73,5955
16,2043,73,6246
16,2044,73,6560
16,2045,73,6878
16,2046,73,7186
16,2047,73,7467
16,2048,73,7734
16,2049,73,8017
16,2050,73,8306
16,2051,73,8602
16,2052,73,8923
16,2053,73,9260
16,2054,73,9593
16,2055,73,9944
16,2056,73,10251
16,2057,73,10486
16,2058,73,10681
16,2059,73,10877
16,2060,73,11090
16,2010,74,1022
16,2011,74,1066
16,2012,74,1121
16,2013,74,1188
16,2014,74,1264
16,2015,74,1344
16,2016,74,1439
16,2017,74,1511
16,2018,74,1542
16,2019,74,1561
16,2020,74,1590
16,2021,74,1629
16,2022,74,1704
16,2023,74,1829
16,2024,74,1989
16,2025,74,2157
16,2026,74,2332
16,2027,74,2515
16,2028,74,2691
16,2029,74,2856
16,2030,74,3038
16,2031,74,3236
16,2032,74,3415
16,2033,74,3575
16,2034,74,3729
16,2035,74,3894
16,2036,74,4069
16,2037,74,4263
16,2038,74,4498
16,2039,74,4739
16,2040,74,4996
16,2041,74,5243
16,2042,74,5519
16,2043,74,5800
16,2044,74,6082
16,2045,74,6389
16,2046,74,6700
16,2047,74,7001
16,2048,74,7273
16,2049,74,7534
16,2050,74,7811
16,2051,74,8095
16,2052,74,8382
16,2053,74,8695
16,2054,74,9024
16,2055,74,9348
16,2056,74,9691
16,2057,74,9991
16,2058,74,10220
16,2059,74,10411
16,2060,74,10601
16,2010,75,945
16,2011,75,985
16,2012,75,1029
16,2013,75,1081
16,2014,75,1147
16,2015,75,1220
16,2016,75,1297
16,2017,75,1387
16,2018,75,1459
16,2019,75,1488
16,2020,75,1508
16,2021,75,1535
16,2022,75,1574
16,2023,75,1648
16,2024,75,1770
16,2025,75,1924
16,2026,75,2086
16,2027,75,2254
16,2028,75,2433
16,2029,75,2602
16,2030,75,2762
16,2031,75,2939
16,2032,75,3131
16,2033,75,3305
16,2034,75,3460
16,2035,75,3609
16,2036,75,3771
16,2037,75,3941
16,2038,75,4127
16,2039,75,4356
16,2040,75,4589
16,2041,75,4839
16,2042,75,5079
16,2043,75,5346
16,2044,75,5619
16,2045,75,5892
16,2046,75,6190
16,2047,75,6491
16,2048,75,6786
16,2049,75,7048
16,2050,75,7303
16,2051,75,7571
16,2052,75,7847
16,2053,75,8125
16,2054,75,8429
16,2055,75,8748
16,2056,75,9063
16,2057,75,9396
16,2058,75,9687
16,2059,75,9908
16,2060,75,10094
16,2010,76,870
16,2011,76,903
16,2012,76,941
16,2013,76,985
16,2014,76,1034
16,2015,76,1098
16,2016,76,1168
16,2017,76,1243
16,2018,76,1330
16,2019,76,1400
16,2020,76,1427
16,2021,76,1447
16,2022,76,1474
16,2023,76,1512
16,2024,76,1582
16,2025,76,1699
16,2026,76,1848
16,2027,76,2005
16,2028,76,2166
16,2029,76,2339
16,2030,76,2501
16,2031,76,2655
16,2032,76,2826
16,2033,76,3011
16,2034,76,3179
16,2035,76,3329
16,2036,76,3472
16,2037,76,3629
16,2038,76,3794
16,2039,76,3972
16,2040,76,4194
16,2041,76,4418
16,2042,76,4659
16,2043,76,4891
16,2044,76,5149
16,2045,76,5413
16,2046,76,5677
16,2047,76,5965
16,2048,76,6254
16,2049,76,6540
16,2050,76,6792
16,2051,76,7038
16,2052,76,7298
16,2053,76,7564
16,2054,76,7832
16,2055,76,8127
16,2056,76,8434
16,2057,76,8738
16,2058,76,9059
16,2059,76,9342
16,2060,76,9555
16,2010,77,797
16,2011,77,830
16,2012,77,863
16,2013,77,900
16,2014,77,942
16,2015,77,989
16,2016,77,1052
16,2017,77,1120
16,2018,77,1190
16,2019,77,1275
16,2020,77,1343
16,2021,77,1370
16,2022,77,1388
16,2023,77,1414
16,2024,77,1453
16,2025,77,1520
16,2026,77,1633
16,2027,77,1776
16,2028,77,1927
16,2029,77,2083
16,2030,77,2249
16,2031,77,2405
16,2032,77,2553
16,2033,77,2719
16,2034,77,2897
16,2035,77,3059
16,2036,77,3204
16,2037,77,3341
16,2038,77,3493
16,2039,77,3653
16,2040,77,3824
16,2041,77,4039
16,2042,77,4255
16,2043,77,4487
16,2044,77,4712
16,2045,77,4960
16,2046,77,5214
16,2047,77,5469
16,2048,77,5749
16,2049,77,6028
16,2050,77,6303
16,2051,77,6547
16,2052,77,6784
16,2053,77,7037
16,2054,77,7293
16,2055,77,7551
16,2056,77,7836
16,2057,77,8132
16,2058,77,8427
16,2059,77,8735
16,2060,77,9009
16,2010,78,721
16,2011,78,762
16,2012,78,794
16,2013,78,826
16,2014,78,862
16,2015,78,903
16,2016,78,948
16,2017,78,1008
16,2018,78,1074
16,2019,78,1142
16,2020,78,1223
16,2021,78,1288
16,2022,78,1316
16,2023,78,1334
16,2024,78,1357
16,2025,78,1396
16,2026,78,1460
16,2027,78,1570
16,2028,78,1707
16,2029,78,1853
16,2030,78,2004
16,2031,78,2163
16,2032,78,2313
16,2033,78,2456
16,2034,78,2616
16,2035,78,2788
16,2036,78,2943
16,2037,78,3084
16,2038,78,3217
16,2039,78,3363
16,2040,78,3518
16,2041,78,3684
16,2042,78,3891
16,2043,78,4099
16,2044,78,4322
16,2045,78,4540
16,2046,78,4779
16,2047,78,5025
16,2048,78,5270
16,2049,78,5540
16,2050,78,5810
16,2051,78,6076
16,2052,78,6313
16,2053,78,6540
16,2054,78,6786
16,2055,78,7032
16,2056,78,7281
16,2057,78,7557
16,2058,78,7842
16,2059,78,8127
16,2060,78,8424
16,2010,79,644
16,2011,79,691
16,2012,79,731
16,2013,79,761
16,2014,79,793
16,2015,79,826
16,2016,79,866
16,2017,79,910
16,2018,79,969
16,2019,79,1031
16,2020,79,1097
16,2021,79,1176
16,2022,79,1237
16,2023,79,1264
16,2024,79,1283
16,2025,79,1305
16,2026,79,1343
16,2027,79,1404
16,2028,79,1511
16,2029,79,1642
16,2030,79,1783
16,2031,79,1929
16,2032,79,2082
16,2033,79,2226
16,2034,79,2364
16,2035,79,2519
16,2036,79,2684
16,2037,79,2834
16,2038,79,2969
16,2039,79,3098
16,2040,79,3240
16,2041,79,3387
16,2042,79,3549
16,2043,79,3748
16,2044,79,3949
16,2045,79,4165
16,2046,79,4376
16,2047,79,4606
16,2048,79,4843
16,2049,79,5080
16,2050,79,5341
16,2051,79,5600
16,2052,79,5857
16,2053,79,6087
16,2054,79,6306
16,2055,79,6545
16,2056,79,6782
16,2057,79,7022
16,2058,79,7289
16,2059,79,7564
16,2060,79,7839
16,2010,80,574
16,2011,80,610
16,2012,80,654
16,2013,80,692
16,2014,80,720
16,2015,80,752
16,2016,80,783
16,2017,80,821
16,2018,80,863
16,2019,80,919
16,2020,80,979
16,2021,80,1040
16,2022,80,1117
16,2023,80,1175
16,2024,80,1201
16,2025,80,1220
16,2026,80,1241
16,2027,80,1278
16,2028,80,1336
16,2029,80,1437
16,2030,80,1562
16,2031,80,1697
16,2032,80,1837
16,2033,80,1982
16,2034,80,2119
16,2035,80,2252
16,2036,80,2401
16,2037,80,2557
16,2038,80,2701
16,2039,80,2829
16,2040,80,2952
16,2041,80,3090
16,2042,80,3228
16,2043,80,3384
16,2044,80,3575
16,2045,80,3765
16,2046,80,3972
16,2047,80,4174
16,2048,80,4394
16,2049,80,4620
16,2050,80,4847
16,2051,80,5098
16,2052,80,5344
16,2053,80,5591
16,2054,80,5810
16,2055,80,6019
16,2056,80,6248
16,2057,80,6476
16,2058,80,6705
16,2059,80,6959
16,2060,80,7222
16,2010,81,508
16,2011,81,534
16,2012,81,568
16,2013,81,610
16,2014,81,646
16,2015,81,674
16,2016,81,703
16,2017,81,733
16,2018,81,768
16,2019,81,808
16,2020,81,861
16,2021,81,918
16,2022,81,976
16,2023,81,1048
16,2024,81,1103
16,2025,81,1127
16,2026,81,1145
16,2027,81,1166
16,2028,81,1201
16,2029,81,1256
16,2030,81,1350
16,2031,81,1468
16,2032,81,1596
16,2033,81,1729
16,2034,81,1866
16,2035,81,1994
16,2036,81,2119
16,2037,81,2262
16,2038,81,2408
16,2039,81,2546
16,2040,81,2666
16,2041,81,2781
16,2042,81,2913
16,2043,81,3044
16,2044,81,3190
16,2045,81,3372
16,2046,81,3552
16,2047,81,3747
16,2048,81,3938
16,2049,81,4146
16,2050,81,4360
16,2051,81,4574
16,2052,81,4813
16,2053,81,5045
16,2054,81,5280
16,2055,81,5487
16,2056,81,5685
16,2057,81,5901
16,2058,81,6116
16,2059,81,6335
16,2060,81,6575
16,2010,82,446
16,2011,82,474
16,2012,82,498
16,2013,82,529
16,2014,82,570
16,2015,82,602
16,2016,82,631
16,2017,82,658
16,2018,82,687
16,2019,82,720
16,2020,82,757
16,2021,82,808
16,2022,82,861
16,2023,82,916
16,2024,82,984
16,2025,82,1036
16,2026,82,1060
16,2027,82,1076
16,2028,82,1097
16,2029,82,1130
16,2030,82,1183
16,2031,82,1271
16,2032,82,1383
16,2033,82,1503
16,2034,82,1628
16,2035,82,1758
16,2036,82,1880
16,2037,82,1997
16,2038,82,2132
16,2039,82,2269
16,2040,82,2400
16,2041,82,2515
16,2042,82,2623
16,2043,82,2748
16,2044,82,2873
16,2045,82,3010
16,2046,82,3182
16,2047,82,3353
16,2048,82,3536
16,2049,82,3717
16,2050,82,3914
16,2051,82,4117
16,2052,82,4319
16,2053,82,4545
16,2054,82,4764
16,2055,82,4987
16,2056,82,5183
16,2057,82,5370
16,2058,82,5576
16,2059,82,5779
16,2060,82,5986
16,2010,83,389
16,2011,83,416
16,2012,83,443
16,2013,83,466
16,2014,83,494
16,2015,83,533
16,2016,83,563
16,2017,83,591
16,2018,83,617
16,2019,83,644
16,2020,83,675
16,2021,83,710
16,2022,83,758
16,2023,83,809
16,2024,83,860
16,2025,83,925
16,2026,83,974
16,2027,83,997
16,2028,83,1011
16,2029,83,1033
16,2030,83,1064
16,2031,83,1114
16,2032,83,1196
16,2033,83,1303
16,2034,83,1417
16,2035,83,1534
16,2036,83,1656
16,2037,83,1772
16,2038,83,1882
16,2039,83,2011
16,2040,83,2140
16,2041,83,2263
16,2042,83,2373
16,2043,83,2475
16,2044,83,2592
16,2045,83,2712
16,2046,83,2840
16,2047,83,3003
16,2048,83,3165
16,2049,83,3339
16,2050,83,3509
16,2051,83,3696
16,2052,83,3888
16,2053,83,4079
16,2054,83,4293
16,2055,83,4500
16,2056,83,4712
16,2057,83,4897
16,2058,83,5074
16,2059,83,5269
16,2060,83,5462
16,2010,84,336
16,2011,84,364
16,2012,84,389
16,2013,84,415
16,2014,84,436
16,2015,84,464
16,2016,84,500
16,2017,84,528
16,2018,84,553
16,2019,84,579
16,2020,84,605
16,2021,84,634
16,2022,84,667
16,2023,84,712
16,2024,84,761
16,2025,84,808
16,2026,84,869
16,2027,84,915
16,2028,84,938
16,2029,84,951
16,2030,84,972
16,2031,84,1002
16,2032,84,1049
16,2033,84,1126
16,2034,84,1227
16,2035,84,1334
16,2036,84,1446
16,2037,84,1560
16,2038,84,1671
16,2039,84,1774
16,2040,84,1896
16,2041,84,2019
16,2042,84,2134
16,2043,84,2238
16,2044,84,2335
16,2045,84,2445
16,2046,84,2559
16,2047,84,2679
16,2048,84,2835
16,2049,84,2987
16,2050,84,3152
16,2051,84,3313
16,2052,84,3490
16,2053,84,3671
16,2054,84,3852
16,2055,84,4055
16,2056,84,4251
16,2057,84,4452
16,2058,84,4627
16,2059,84,4795
16,2060,84,4978
16,2010,85,288
16,2011,85,308
16,2012,85,334
16,2013,85,357
16,2014,85,383
16,2015,85,401
16,2016,85,427
16,2017,85,461
16,2018,85,488
16,2019,85,511
16,2020,85,534
16,2021,85,559
16,2022,85,587
16,2023,85,616
16,2024,85,658
16,2025,85,705
16,2026,85,748
16,2027,85,805
16,2028,85,848
16,2029,85,869
16,2030,85,882
16,2031,85,901
16,2032,85,929
16,2033,85,973
16,2034,85,1045
16,2035,85,1140
16,2036,85,1239
16,2037,85,1343
16,2038,85,1449
16,2039,85,1553
16,2040,85,1649
16,2041,85,1762
16,2042,85,1877
16,2043,85,1984
16,2044,85,2081
16,2045,85,2172
16,2046,85,2275
16,2047,85,2381
16,2048,85,2493
16,2049,85,2640
16,2050,85,2782
16,2051,85,2935
16,2052,85,3085
16,2053,85,3251
16,2054,85,3419
16,2055,85,3588
16,2056,85,3777
16,2057,85,3960
16,2058,85,4148
16,2059,85,4311
16,2060,85,4470
16,2010,86,246
16,2011,86,261
16,2012,86,278
16,2013,86,302
16,2014,86,322
16,2015,86,347
16,2016,86,363
16,2017,86,386
16,2018,86,419
16,2019,86,442
16,2020,86,464
16,2021,86,485
16,2022,86,508
16,2023,86,534
16,2024,86,561
16,2025,86,599
16,2026,86,642
16,2027,86,682
16,2028,86,734
16,2029,86,775
16,2030,86,793
16,2031,86,806
16,2032,86,823
16,2033,86,849
16,2034,86,890
16,2035,86,956
16,2036,86,1042
16,2037,86,1133
16,2038,86,1230
16,2039,86,1326
16,2040,86,1422
16,2041,86,1510
16,2042,86,1614
16,2043,86,1720
16,2044,86,1819
16,2045,86,1907
16,2046,86,1990
16,2047,86,2087
16,2048,86,2183
16,2049,86,2286
16,2050,86,2421
16,2051,86,2552
16,2052,86,2693
16,2053,86,2830
16,2054,86,2984
16,2055,86,3138
16,2056,86,3294
16,2057,86,3468
16,2058,86,3637
16,2059,86,3809
16,2060,86,3959
16,2010,87,209
16,2011,87,221
16,2012,87,237
16,2013,87,252
16,2014,87,273
16,2015,87,292
16,2016,87,315
16,2017,87,330
16,2018,87,349
16,2019,87,382
16,2020,87,403
16,2021,87,423
16,2022,87,441
16,2023,87,463
16,2024,87,487
16,2025,87,512
16,2026,87,547
16,2027,87,586
16,2028,87,623
16,2029,87,670
16,2030,87,707
16,2031,87,725
16,2032,87,738
16,2033,87,753
16,2034,87,776
16,2035,87,814
16,2036,87,876
16,2037,87,955
16,2038,87,1038
16,2039,87,1128
16,2040,87,1214
16,2041,87,1303
16,2042,87,1384
16,2043,87,1479
16,2044,87,1576
16,2045,87,1668
16,2046,87,1750
16,2047,87,1824
16,2048,87,1915
16,2049,87,2003
16,2050,87,2097
16,2051,87,2221
16,2052,87,2342
16,2053,87,2472
16,2054,87,2598
16,2055,87,2740
16,2056,87,2881
16,2057,87,3025
16,2058,87,3185
16,2059,87,3342
16,2060,87,3500
16,2010,88,180
16,2011,88,190
16,2012,88,200
16,2013,88,215
16,2014,88,230
16,2015,88,248
16,2016,88,265
16,2017,88,286
16,2018,88,301
16,2019,88,317
16,2020,88,348
16,2021,88,368
16,2022,88,386
16,2023,88,404
16,2024,88,423
16,2025,88,445
16,2026,88,468
16,2027,88,500
16,2028,88,536
16,2029,88,569
16,2030,88,613
16,2031,88,646
16,2032,88,663
16,2033,88,676
16,2034,88,691
16,2035,88,712
16,2036,88,746
16,2037,88,803
16,2038,88,875
16,2039,88,950
16,2040,88,1035
16,2041,88,1113
16,2042,88,1194
16,2043,88,1270
16,2044,88,1357
16,2045,88,1446
16,2046,88,1530
16,2047,88,1607
16,2048,88,1674
16,2049,88,1758
16,2050,88,1839
16,2051,88,1925
16,2052,88,2039
16,2053,88,2151
16,2054,88,2270
16,2055,88,2385
16,2056,88,2517
16,2057,88,2647
16,2058,88,2780
16,2059,88,2926
16,2060,88,3072
16,2010,89,155
16,2011,89,164
16,2012,89,172
16,2013,89,182
16,2014,89,195
16,2015,89,209
16,2016,89,226
16,2017,89,242
16,2018,89,259
16,2019,89,274
16,2020,89,288
16,2021,89,316
16,2022,89,336
16,2023,89,351
16,2024,89,368
16,2025,89,385
16,2026,89,406
16,2027,89,428
16,2028,89,457
16,2029,89,490
16,2030,89,521
16,2031,89,561
16,2032,89,591
16,2033,89,606
16,2034,89,618
16,2035,89,631
16,2036,89,651
16,2037,89,683
16,2038,89,736
16,2039,89,803
16,2040,89,870
16,2041,89,949
16,2042,89,1022
16,2043,89,1095
16,2044,89,1165
16,2045,89,1245
16,2046,89,1326
16,2047,89,1404
16,2048,89,1475
16,2049,89,1537
16,2050,89,1613
16,2051,89,1689
16,2052,89,1767
16,2053,89,1872
16,2054,89,1976
16,2055,89,2086
16,2056,89,2191
16,2057,89,2313
16,2058,89,2431
16,2059,89,2555
16,2060,89,2688
