"foi_prior_lbounds","foi_prior_ubounds"
0.0024954434701,0.04295234
0.0009744974,0.024509771
0.0032770757,0.018772136
0.0078170554,0.03752245503
0.010820846,0.04618435103
0.009858321,0.04193307
0.01230146966,0.064018366
0.010339049,0.056728641
0.0117464846126,0.038216047
0.03423418,0.1010286
0.0292037384,0.1002496
0.004834031047,0.017077281
0.013092727358,0.04577495
0.0316574564,0.0990979
0.005778101,0.0832908
0.0039212099,0.0705217
0.0018364173897,0.0410058222
0.00178076992,0.03123419102
0.00572382991,0.0716021
0.01344414292,0.085887
0.0037626195,0.0297447503
0.01023722908,0.0591661213
0.0193546,0.1055836
0.003963586,0.01820828767
0.02586732,0.1016499
0.02670777,0.0837043
0.020002911,0.0545142
0.01210852415,0.05692759
0.015298201,0.06604593
0.027501777,0.1007467
0.0113566486,0.18720304
0.025679544,0.4053355
0.023460439,0.20449525686
0.120860279,0.5934626
0.0927143,0.4676125
0.098088958,0.510904
0.006399762794,0.105405196
0.0239215568,0.34925771
0.03088202188,0.29569706
0.00795579533,0.086701497
0.04040463,0.38405202
0.04939216386,0.6163272
0.009217257,0.16153846
0.03586103,0.4350388
0.0099732567,0.3795307
0.03848962,0.09566558
0.028419957,0.07045672
0.021856305,0.0886632
0.03263286,0.125687702
0.00690992478,0.037695657
0.040558356,0.1529908
0.031489973,0.1412029
0.027238632,0.11139711
0.034625996,0.10034135
0.06283733,0.1812601
0.04366201,0.1561381
0.0059311459,0.023565453
0.019352668,0.1405851
0.007891267,0.0571748147
0.0049795565,0.138296
0.00906379808,0.0371030294
0.01002086,0.0377505075
0.00955348117,0.032565742
0.0081881447,0.029031393
0.01577450532,0.0547669
0.015898372,0.05255053
0.013119306,0.042727222
0.0265883,0.0712461
0.016735963933,0.0647109
0.010529507,0.0405267
0.0139501664,0.05765589
0.013058398,0.05269036
0.011396502501,0.0636349
0.0043569558,0.023961301
0.0025224097,0.0730989
0.00012421199,0.0587757012
0.02419658529,0.09268466
0.0048863282,0.018829859
0.0302210877,0.07221981
0.0204607594,0.06140961328
0.0139230575,0.0466095053
0.01855442,0.08538424
0.018179098,0.087284847
0.013317135,0.0671847607
0.0362809686,0.1707865
0.036177488,0.1628897
0.02035837,0.09329313
0.025941677,0.1256867
0.02425065,0.118769945
0.0058421714,0.1530387
0.0010084145,0.009369312516
0.0139155497,0.06098847
0.014650476,0.06659272
0.0121489461,0.059900956
0.0063288,0.0477109939
0.011339097,0.072151933
0.02229230321745,0.063212112
0.040968498,0.1083531
0.02484718394,0.0912419
0.012749538,0.050408199
0.02556417,0.0869606
0.02463837,0.0784034
0.01905953,0.07700782
0.0166389929,0.06117011528
0.00656873844,0.0963426
0.0009057946,0.18256792
0.004142658,0.2455891324
0.009662809,0.27961068
0.005917781,0.20961273
0.017452301,0.147379067
0.045620842,0.4206632
0.0068038522,0.1385981
0.014535759,0.2655389
0.0364409,0.2827782
0.014894055,0.14232706
0.00627468496,0.18569275
0.011338495,0.25967775
0.0189467424,0.33724381
0.01188389,0.258457538
0.002163187244,0.4463289
0.002650449,0.03816919
0.003491306,0.04924995
0.00780283,0.0484905281
0.010478785,0.062608448
0.001995171085,0.01268386
0.019606141,0.091941153
0.024737613671,0.08007004
0.0412994,0.1224879
0.0055717991,0.030296383
0.02975816,0.1137899
0.030524413,0.1019471
0.030700687,0.0973595
0.023965019,0.1038006
0.008163911,0.0378191
0.012670783,0.1157072
0.0012344218,0.00630523315
0.0197510834,0.104360649
0.01601952095,0.0929741567
0.020870439,0.13515527647
0.007108467,0.04630618
0.04487933,0.2458193
0.08363044,0.21206389
0.1005639,0.262355754
0.08128136,0.2641783
0.007097398,0.031623747
0.026855304,0.0973909
0.0533683166,0.17932
0.023759416,0.129989907
0.028284784,0.1418981242
0.013486818,0.23632089
0.013444388,0.123432263
0.02352708131,0.259312788
0.0208141137,0.313548833
0.01240463002,0.27843723
0.04895461,0.41121082
0.090149584,0.6962762
0.099606018,0.46175074137
0.1349431,0.5848848
0.0932881924,0.377985555
0.0022063415,0.026761375
0.018435748,0.09977782
0.08422712,0.36724913
0.0419873718,0.499642
0.0260842866,0.39532548
0.0108547749,0.6927477
0.000379551049,0.04027526
0.00215284809,0.054133858
0.0079738069,0.0715935641
0.00421507106,0.03995478
0.005977884,0.04695265
0.01883981,0.128289
0.0118074961,0.05249382
0.0320385543,0.1286558
0.014929911,0.1316468
0.00265569,0.028821379
0.012173261,0.07822762
0.018429406,0.1126394
0.009356394,0.07528508
0.0144035115,0.1035001
0.0037863613,0.1181646
0.036809004604,0.200906943
0.0329180533,0.222122102
0.03255035330999,0.344058989
0.0130786712,0.19495841
0.05201681799,0.27861533
0.16678929,0.675567
0.0395979058,0.3315748
0.10918137,0.461858
0.020868626,0.30066669
0.00287219371,0.04902741
0.0266786551,0.30878364
0.019984607,0.22592226
0.032521486,0.461192902
0.0078412379,0.11723649337
0.005120569,0.3945183
0.0019934561,0.08809923
0.002415362,0.101500215
0.0096245816,0.089179311
0.006402826,0.06248846
0.0121877703,0.1004809027
0.0065032981,0.0500209331
0.01399890496,0.06980082
0.034766506,0.15391
0.015546371,0.1406476
0.0033668808,0.04491004
0.0159182613,0.07582414
0.0020468508,0.01205484
0.012417123,0.1328957
0.0052045614,0.05151982
0.0039347849,0.13926575
0.00483856037,0.101069418
0.00366244249,0.11915263
0.017925,0.164098781
0.02208763,0.1947043
0.0056909001,0.12817186
0.01205294,0.2830364
0.076005685,0.28870472
0.057426849,0.2957507
0.05447736232,0.25489432
0.002236547,0.01337576
0.0076389968,0.0611525651
0.037041913,0.2279322244
0.03803369,0.2558496
0.0042329061,0.03330406
0.0130977564,0.4140642
0.0006558004,0.0404331437
0.0021180622,0.0749528
0.0120898804,0.10776425
0.0091243647,0.0760147629
0.010361828,0.067426771
0.036654796,0.209471
0.023113118,0.11431055
0.042139258,0.1841313
0.004014633,0.016730973
0.0217093797,0.07571597707
0.01618754957,0.0716700145
0.0151205029,0.069704293
0.017333693,0.12140767
0.015674331,0.10761339
0.0036129482,0.1647869
0.00023568038,0.001963472
0.0270492536,0.11195157529
0.028165829,0.0913806
0.0127239564,0.0405576225
0.028467085,0.07746277
0.02389726,0.0735762448
0.013761427,0.050692459
0.0136821624,0.0475034415
0.012266692,0.05244227
0.021825002,0.085391748
0.0360103089,0.126528207
0.006928438547,0.0240504239
0.004390698,0.0130664392
0.05582336838,0.159672971
0.0098571711,0.14720900692
0.015468117,0.149304645
0.004114797,0.047830158
0.0158155293,0.08305837
0.0188435968,0.07972513
0.0092238806,0.06231970596
0.01372019,0.10737612
0.017190443,0.0681815416
0.0142203897,0.056900491
0.02175458,0.07598582
0.024090451,0.078096539
0.0122710715,0.0485117146
0.02611394589,0.08188091
0.0061157034,0.030063611
0.02472172,0.101023825
0.0080475414,0.1681715
0.0108712604,0.034154009
0.165711233,0.3697189571
0.19756193,0.393061923
0.00776448309,0.0215803996
0.039421497,0.21763424874
0.0980281349,0.3343058
0.0060425887722,0.0490730086
0.02906499,0.17325343
0.0535822297,0.25171016
0.002829291,0.0136489364
0.0079694392,0.03908972
0.045521045,0.199961243
0.04037734645,0.31514882
0.033587338,0.2791366857
0.2884297344,1.266851
0.002096063827,0.0080252923
0.031545239042,0.12189471494
0.01515830343865,0.063570154
0.009780225,0.045031259
0.0091020402,0.04916578
0.015376586,0.084683058341
0.024299455,0.069687826
0.039054449,0.11179453
3.6071721e-05,0.0080708223
0.008680277,0.1015504
0.0661139516,0.2472848604
0.068462799,0.28895654
0.01978486,0.067416306
0.126931168,0.47862231
0.0717212241,0.4417903447
0.00432007237,0.0664159071
0.006114932,0.09768867
0.0097073695,0.075653484
0.01674513,0.094158148
0.001295341,0.02012598
0.010604434,0.1180685425
0.0012243832,0.007873434
0.0232082744,0.12607672584
0.018693385,0.14765582
0.0274476962,0.138465116
0.028274216,0.155828534
0.021417963,0.12625391
0.003072934,0.01354001
0.04435353,0.152659538
0.0198717217,0.1924509
0.0008888416,0.01286704
0.0008019402,0.0101799
0.001631666,0.01232113
0.00059694788221,0.00546844
0.000495612929,0.00934469
0.0009312188,0.01116454
0.0009704582,0.0085196
0.0012182143,0.01186577
0.0001315927,0.01153327
0.0005957932,0.01078692
0.001257212,0.01366935
0.00091309397,0.011952058
0.00059311724,0.005613774
0.0016712624,0.01338975
0.00060816809,0.00980034
0.00062878971,0.01361043
0.0006829814,0.01250876
0.0009997553,0.01575637
0.00024075411,0.0068280122
0.00033692165,0.01211116
0.000639735331,0.01317849
0.0003316223023,0.008030935
0.00079432327,0.014188909
0.0001837804,0.01181852
0.0003280308,0.010562747
0.001512845,0.01557341
0.0005631795,0.005585284
0.0003606596,0.007155491
0.001057911,0.0164301
0.00033774633,0.01390465
0.007865942,0.06514901
0.009373269,0.09119375954
0.035302668,0.13809839
0.019035802,0.072204362
0.0038151817,0.0370148279
0.0098107048,0.08314086
0.022704183,0.06874597
0.019858044,0.06036554
0.007578549,0.11398705
0.017780771,0.085085182
0.04724098747,0.14354984
0.0062161212,0.019038205
0.007851769,0.024567031
0.039829259,0.107955021
0.005251877,0.2087989
0.0006863854,0.03226876404
0.0068336234,0.14759816
0.0214803432,0.177644145
0.00945851449,0.09917938
0.0033912968,0.0458070906
0.01216378437,0.18653725
0.0304637295,0.17167792
0.0469040407,0.2324742
2.409578e-05,0.0092008235
0.0434495788,0.27265422
0.034942669,0.19225055
0.004349513,0.0284187771
0.062264577,0.2883479
0.05773083,0.2906066
0.009553767,0.3308485
0.002605360341,0.033485368
0.00608233904,0.083926928
0.015100362,0.0854586
0.007826177,0.050650137
0.004531145965,0.04164504834
0.011697358,0.09123072
0.023786949213,0.08966694
0.0142520153,0.055208284
0.00010151151,0.0016724202
0.03194031,0.124448155
0.02899617622,0.09613358
0.00933083707,0.03163026
0.012275055,0.036313763
0.06508898,0.1742917
0.031222651,0.08823669
0.00156007695,0.0191769769
0.007233257,0.06973614
0.0124040368,0.08283884
0.0047240837,0.0332472427
0.006314184,0.047749652
0.00939370826,0.0658007
0.0081411412,0.04202668
0.012619164,0.071335719
0.00061467457,0.051159957
0.0033676796,0.05501459
0.02999017,0.1067088
0.00589424871,0.0213487499
0.00511756638,0.015168534
0.0598097,0.1304815
0.03945372,0.1289463
