"msp_prior_lbounds","msp_prior_ubounds"
0.293058629114615,0.60617404846013
0.28300054710132,0.59265975536496
0.275223457966428,0.58064096966153
0.271412843947258,0.571156871195119
0.274011800460075,0.562559565682618
0.276147067190825,0.553807506545966
0.285444128104313,0.555540216930792
0.291986311793355,0.560762954296399
0.296492569221007,0.558951475383524
0.322864496875359,0.575471880841928
0.341751052912715,0.596526585794465
0.338785511859137,0.590046214079109
0.346777578191008,0.590818901591732
0.372219217293427,0.608003933904122
0.383056544593614,0.613638632656023
0.211462920524538,0.579909091463011
0.206868443957673,0.573522737413224
0.207464383750316,0.562441454447814
0.211849427033118,0.562004937957804
0.230958444819888,0.574514310927412
0.231138564450553,0.569110561301037
0.240175472698528,0.570609596497629
0.266169898220245,0.588504725806452
0.263322569412026,0.580152428754029
0.288521585425053,0.596661776639829
0.309989544406697,0.616838994054841
0.320542305809711,0.626859955599214
0.330368010598802,0.630030191736527
0.340867599765739,0.632821249019034
0.360660402497374,0.653473556015871
0.814361442282632,0.998307155041126
0.817473748068314,0.998344946366425
0.808947384375399,0.998152017805425
0.828492383648672,0.998321167143174
0.837567551255512,0.998497041469605
0.848309109782445,0.998734412715164
0.839521162371168,0.998357546378341
0.833177934162708,0.997960864793068
0.831543221928562,0.997468224871601
0.82197836283277,0.99639122882038
0.820807066642853,0.996098457828429
0.820142266885383,0.996491649374909
0.816230291479195,0.99526447009105
0.832957592830031,0.9943745119209
0.833342876455141,0.993977558709014
0.44274311722365,0.739516636503856
0.445549182064651,0.739519728154327
0.443561762768443,0.733200550684322
0.451952538840694,0.734289847101735
0.443069541238174,0.721683978712464
0.460323795517918,0.732176968212331
0.474716399395329,0.746668097362385
0.476361687643498,0.75193696047798
0.48683797624468,0.759208756369395
0.512719631758503,0.782796548826631
0.536599974635449,0.804091623475046
0.529750190849673,0.79765200166918
0.542807202905386,0.799514621262145
0.54200455106383,0.794916532571693
0.542711713385543,0.803056719452696
0.280168020507859,0.440165024695078
0.277325613910976,0.432574259188526
0.275033637640408,0.427444280683675
0.272309412305076,0.422372454891064
0.281930547273822,0.431792798674736
0.286577807119131,0.441485663574283
0.288581429743207,0.445606913295029
0.300402634390985,0.463663940277334
0.312271741772554,0.473771525267417
0.317334272101049,0.477994083856139
0.326323282392829,0.494546645375905
0.335160214082959,0.509164764793306
0.342443626297729,0.519270872356479
0.339062053351505,0.517349874095327
0.345561000843223,0.537052071437033
0.433469459880239,0.739626619950687
0.445659979913622,0.737918721039281
0.437331551857858,0.725307417253049
0.439273174019275,0.718455036758518
0.432095564299012,0.708312898331663
0.423621911344272,0.697059127913527
0.423708052467038,0.696078494060079
0.420980872928943,0.695318290696707
0.423465432638199,0.691199263700761
0.452100877815079,0.721462223317947
0.466590466151386,0.734870513759328
0.469290765433733,0.745450439958976
0.476273772205438,0.755347407311178
0.482627811139402,0.766228012425207
0.481114785125999,0.769951517953288
0.28883547012167,0.520820668439088
0.291977780915509,0.511686771065816
0.302598719548471,0.506671581801541
0.310656005110471,0.511162105552353
0.316650648528552,0.507118725238745
0.331622177646076,0.513997418965124
0.341562144267712,0.521481272130014
0.363498030466595,0.545330771220663
0.388001933146657,0.567614886672111
0.399549089077115,0.579466249729035
0.4183608101271,0.592352705954473
0.433075382704214,0.607384974515678
0.445034473088748,0.624462528796885
0.450902271362826,0.63673461499233
0.45580677629891,0.638336464716966
0.32175888298023,0.937839197986604
0.312340477390223,0.947447190873821
0.31007749633748,0.958548097975594
0.302502280886018,0.963870629679579
0.306071722825655,0.965240268128801
0.33085075701309,0.973248111202992
0.328004779865646,0.972690412903885
0.338529122973355,0.975243619483363
0.371673480561488,0.977332016154464
0.378050312134988,0.975713151986152
0.378560744944215,0.975763875132396
0.386222013021328,0.978123015947205
0.402139069855824,0.981992873847672
0.408667055443478,0.984080603440174
0.416756518155649,0.985389213954438
0.249627441470477,0.558197742252939
0.246005331746959,0.554452377070304
0.244566459425785,0.540131215784696
0.245832836981818,0.531819986763636
0.235911559824449,0.514908640193837
0.24888252258519,0.529916513832878
0.268067362744389,0.54748213360558
0.29989956701244,0.582279714811892
0.300591621183351,0.577487381076257
0.327070232116244,0.601647885853792
0.345847139165975,0.621111200574631
0.363856495602577,0.644834759168777
0.38274012057965,0.666597970250209
0.384616381912579,0.66835208025593
0.393613566842577,0.688375827913477
0.593058141866614,0.831144919569803
0.580393451141706,0.832071791112902
0.575267163313862,0.826156335808668
0.580315273193045,0.825482934111311
0.563500890561894,0.815035826035952
0.572676656362426,0.838101476378669
0.615207647483352,0.851340707317946
0.651992442792032,0.870149384436632
0.681555422867085,0.886202175740966
0.670672924251465,0.879734241667859
0.679544163236379,0.87910157330011
0.69926174444142,0.885354754206323
0.700792013927732,0.888842621367313
0.703429234620744,0.895504273530702
0.719752748677615,0.907832814264353
0.510471211669605,0.96773546913021
0.502064419154602,0.965882380535031
0.506459416815776,0.968660310477653
0.505983235243372,0.97165672820179
0.52583414546638,0.973877346329513
0.573088426204099,0.982488847632293
0.608712746643947,0.985365612588629
0.660550856325928,0.989197481091758
0.699420748373045,0.990606202970432
0.692157090460036,0.989510242530564
0.695481108854997,0.98861381344126
0.721991257021684,0.990036162187772
0.731276520154065,0.991661864883472
0.732046844061712,0.992817557348071
0.747513149200806,0.995075106389391
0.242738113953447,0.594153801042387
0.238501517289073,0.580404532658865
0.238498322921401,0.580864146289476
0.233149939240427,0.571673042481667
0.226808466270512,0.559514532070792
0.23784409732417,0.580032695840541
0.239970848004383,0.574312960735157
0.262159281132266,0.593523661009822
0.281980696259118,0.625316817652185
0.280247475200347,0.622921085520068
0.289236993867016,0.635926005638938
0.304572457465825,0.65672426382765
0.308522975532852,0.66533783213493
0.316660010658881,0.679679026471313
0.320787303519597,0.686999786851482
0.765377406464277,0.97946389996528
0.768146402941949,0.97993091764809
0.77121641767774,0.981711137945328
0.763276047933824,0.981746527292076
0.771523515421245,0.982332330056447
0.802663511498345,0.988177428917104
0.822841052932118,0.988757276290122
0.850554967839322,0.990804475864711
0.860406076673967,0.991941233679477
0.855887047031696,0.991172022713655
0.86078299308055,0.991415663462471
0.86177517072866,0.991073818304097
0.865223803906465,0.992242061255289
0.860715445764318,0.991425349125963
0.864476352291148,0.992459821673046
0.438996619813135,0.816407148026014
0.439021143440199,0.820973233032651
0.439126916441084,0.81681545040916
0.43513154548345,0.809590761605354
0.452377339944587,0.805760371386336
0.452654884704328,0.796655424910803
0.450489301592822,0.793895822468178
0.46529916536599,0.806094760441417
0.470429105516909,0.804363607974034
0.462633403796578,0.794639853489211
0.461524995144287,0.791025496010191
0.450166279268989,0.776548956984949
0.465715275680823,0.777176035650352
0.457977323654931,0.767846188627877
0.455513523130026,0.780779609076534
0.484281345488402,0.895003194921016
0.469323895074577,0.892609819778974
0.476377060943335,0.899510002505818
0.478266620792779,0.905988929791746
0.473988195084399,0.904725090751057
0.476256474788902,0.912151564841174
0.508960338755025,0.917555267809827
0.528848193011368,0.931392333510237
0.553020135806513,0.937189619646221
0.540842090318722,0.933197320786693
0.530204719043979,0.929367135821378
0.545051422491052,0.9347184507602
0.569504528673625,0.940566844118682
0.561883838296132,0.936522219831717
0.603206706246909,0.943314092976229
0.518305360038073,0.789698096740337
0.511092740808585,0.783462062511584
0.513121305310112,0.786611184399308
0.511156877932153,0.785123157163309
0.507257422823677,0.779341980123919
0.523349321604388,0.792808195770963
0.532292260010355,0.795679026373781
0.550222348198987,0.815513032988619
0.540722522681384,0.807280060261002
0.544730612346535,0.808400861635304
0.547288471002191,0.809836643928647
0.547462891910393,0.809272813037776
0.551281157926466,0.81550890380478
0.547953134455592,0.819500097072391
0.554590928518706,0.828192535816126
0.583967966009763,0.832322826190317
0.595093947411996,0.831117617638177
0.597649804265541,0.828347062614344
0.590118314117999,0.8215177619684
0.592295892191539,0.818489757514792
0.592138637007863,0.812265239029119
0.590550856458268,0.805776200748072
0.587695625338256,0.799234629237783
0.59020789270482,0.79280065963275
0.598060528532926,0.793412829044259
0.60960169247995,0.796992032685267
0.602589509574992,0.78824266500227
0.593615316774582,0.776292524419002
0.609456046671358,0.79346107324559
0.6168714112616,0.794049954616384
0.324033917776938,0.711976202106655
0.316742665619571,0.699968196941193
0.322212326889503,0.699793189255838
0.332149112590481,0.701154830358549
0.337783656262926,0.692796907594104
0.353566549181424,0.694410885611401
0.362882081828607,0.695440225541799
0.369205917050511,0.69739191123503
0.385502445151585,0.701563385246471
0.401523194698177,0.711715627142691
0.409832217711608,0.710235408981158
0.427220868678491,0.71862596156862
0.426142345982777,0.714585192434939
0.437932540922963,0.731388662188107
0.440599587235623,0.746213142102285
0.969925497107164,0.998202373138247
0.97401811440037,0.998255442943588
0.978050806277632,0.998346707646899
0.97652950286673,0.99780586187996
0.976041136587008,0.997407825679632
0.977190878681506,0.997126611793148
0.974912209890898,0.996263433561841
0.97351616935574,0.99557210588597
0.972919262565133,0.994872861240483
0.968897157966965,0.993367923234051
0.96444535868603,0.991557703057571
0.961342797446022,0.990086147937272
0.956784439604085,0.989359741474814
0.950625738490381,0.988023933171839
0.963054240909269,0.994913887432901
0.589194493538117,0.846110738595299
0.601788404319949,0.846544569434852
0.60006076372288,0.840810213375149
0.595783416903034,0.833863274188509
0.597321660880746,0.826576004371051
0.599569065615089,0.823980194023968
0.604179106870361,0.819153293047166
0.614676777103598,0.826688809905352
0.603917066744237,0.817008513429054
0.600080895128403,0.812739277048993
0.637466079573884,0.828666371474317
0.655301465131768,0.850881753964033
0.659632026617136,0.849703736673125
0.715272600152238,0.886993725795762
0.757749234432942,0.91344788497052
0.317129805153276,0.73048871452784
0.318279921875374,0.732046626420774
0.324857245334448,0.729288397314241
0.337954829020057,0.731032470149709
0.333145598071404,0.718639621371195
0.34923714759427,0.721327971246038
0.341838628169069,0.708099273839473
0.372094809478949,0.715217092529211
0.39908871883563,0.732399643818752
0.419674201150042,0.747423264036405
0.439243099620512,0.774775505155643
0.451505221924277,0.793002878657153
0.445956245646172,0.785604687717042
0.475870215637178,0.800126628107886
0.490326570225246,0.821105665111247
0.0339368295128335,0.208587917996454
0.0338797501618123,0.206980352489638
0.0351598292247356,0.207333553645213
0.0348518644822153,0.20326103311561
0.0349715638249306,0.203915182174671
0.0351607337441891,0.204363758028839
0.0350358232322632,0.204427688671508
0.0352809488541323,0.205406717824744
0.0358862734160587,0.2059813724637
0.0360609559103594,0.203582305141995
0.0360802127501152,0.201375995189751
0.036312144579966,0.198099365027835
0.0359853442791001,0.193180075373714
0.0370073501196106,0.195564848901252
0.0374497583314563,0.194868847421995
0.0237054142485151,0.204805517833336
0.0238172941506645,0.206339850189905
0.0237769493195108,0.21316584500577
0.0230362350616588,0.212816705869329
0.022507248666004,0.214312612814208
0.0221847582717778,0.216310002894867
0.0217238676196879,0.215170380319168
0.0218450394008906,0.218075759111831
0.0218997243714019,0.218417614501783
0.0223300093154457,0.216623208665983
0.0230372398931139,0.221461941625509
0.0228451882969762,0.219583234547013
0.0223903389954943,0.21583171145292
0.0226728684938485,0.217869311467523
0.0230075110667634,0.21504980916462
0.333624800069472,0.740432408599643
0.34771542564141,0.738408906310425
0.369526750332039,0.749248924194963
0.374806338973549,0.74890908125223
0.37318808675876,0.737797827563054
0.386827422971961,0.736225184065496
0.399296800075921,0.734761221531064
0.403385165531706,0.733679525317832
0.423829467316695,0.736282864706881
0.434137865670159,0.735003127171376
0.462802319944184,0.744544592447423
0.458757684095654,0.738517817133232
0.455048575688725,0.732100033309666
0.475735731322111,0.747350646377908
0.485281834808661,0.773635088045304
0.434917784311741,0.908090502875708
0.43670836902707,0.907759244171052
0.442095652858135,0.910774999635606
0.438751608300534,0.907449756437653
0.430055583634552,0.902445663013618
0.431295828582883,0.90511779666673
0.446789403295505,0.910473500352167
0.47070581835085,0.919847061143683
0.462139788203161,0.913942379855602
0.474851206654702,0.922655773816449
0.484238106303011,0.925003177664984
0.477547403881448,0.921127015662462
0.509949619744415,0.933625070477612
0.539383722242124,0.944148043697468
0.552137886082447,0.95199576978105
0.360746119422795,0.721630070590796
0.354953534739387,0.709745575233953
0.369867895139682,0.712307766539279
0.371920286186679,0.704400051478794
0.368056339622849,0.690287043682112
0.375574600835649,0.689637976964977
0.39286599555154,0.698771573400727
0.397321989242766,0.698816816489337
0.387204326982056,0.685023387149821
0.410374145381554,0.699487495140223
0.430189523353362,0.707809701133047
0.430680758690272,0.702608364541015
0.432425057116818,0.699309844089423
0.470644984495306,0.734946321302605
0.483860030261734,0.746101922941801
0.326664229354158,0.563868402580861
0.332771513687669,0.551459734269315
0.351667991416215,0.555414049253014
0.352692316920672,0.549312480634797
0.356154418643993,0.547001962826259
0.35990960569885,0.551813466299233
0.361041331974929,0.551928701556998
0.36676761562011,0.563986765290156
0.361512092320927,0.558387054989586
0.368544373509059,0.560927071383047
0.390070071049242,0.580842685408239
0.386798128770275,0.575488227654435
0.382826028162862,0.568117633905787
0.424567992431898,0.605535913561948
0.449281015160663,0.627393799736142
