"V1","V2","V3","V4","V5","V6"
0.34065444461234,0.65934555538766,0.440630068423787,0.39907111771044,0.0417818133761007,0.0325156130051755
0.675490671300778,0.324509328699222,0.390447485408496,0.432025161713162,0.0320498882763202,0.0412704365661011
0.690766662488115,0.309233337511885,0.383366819046632,0.424559489999636,0.0312309136919205,0.0404625297542436
0.697897792498652,0.302102207501348,0.380536529333498,0.421119444695316,0.0304030879658531,0.0395844060855314
0.689351844183792,0.310648155816208,0.380884649368228,0.420430164750953,0.0293053857938985,0.0385443505728975
0.673115663121528,0.326884336878472,0.380318628686296,0.418578708606205,0.0282804146873023,0.0375418883160115
0.676311471526457,0.323688528473543,0.386338655271567,0.424425718519244,0.0275729290460385,0.0370884032015952
0.661897030927493,0.338102969072507,0.389941849900886,0.427680969700645,0.0270159213301565,0.0367925967552241
0.645973797443189,0.354026202556811,0.390725690365863,0.427720824517669,0.0260848346506888,0.035782245836132
0.617118406846169,0.382881593153831,0.412701381454889,0.449701111881677,0.0256091678544913,0.0353893542771188
0.629405933182675,0.370594066817325,0.434871923062589,0.472277140791932,0.0259177969746051,0.0357397974703983
0.629091502800147,0.370908497199853,0.430023090207848,0.467127727635189,0.0255276067392853,0.0353190122096631
0.619028757594288,0.380971242405712,0.43348090501206,0.470592257729944,0.0252508584820943,0.0350191488489741
0.389790325024684,0.610209674975316,0.493567695336206,0.455739650218342,0.0354332710844659,0.0258463941367024
0.998696363576963,0.00130363642303715,0.478738828469045,0.507987335955554,0.0357528724025709,4.16901860807031e-05
0.578658417722686,0.421341582277314,0.319462522664749,0.363995799341139,0.0313369394345941,0.0443714861827677
0.632124261912225,0.367875738087775,0.3197240414394,0.363306441712497,0.0317485017599085,0.0439782996325068
0.526078501152305,0.473921498847695,0.311679882005036,0.352950841447001,0.0286439091460912,0.0417949152772294
0.490175530868941,0.509824469131059,0.316820665610834,0.358971390498026,0.0266390057271656,0.0404385745219597
0.446427543457994,0.553572456542006,0.379800705569886,0.333443412150179,0.0387018085999592,0.0259560942331341
0.590064097568088,0.409935902431912,0.333323367684947,0.38138057843353,0.0258707770056037,0.037596967657426
0.408823660622012,0.591176339377988,0.389373136170088,0.342775647098675,0.0366670180663388,0.0251726355040104
0.626296617325093,0.373703382674907,0.36690670822096,0.415165163887178,0.0254780542399935,0.0357463374533291
0.625959268848225,0.374040731151775,0.364117429804459,0.411358824809048,0.0249480045195177,0.0350988299151668
0.59571609123363,0.40428390876637,0.387977908994082,0.432271679938816,0.0246702773781138,0.0355118366301794
0.371366085349625,0.628633914650375,0.454707463415169,0.410250756013535,0.0349029881847387,0.0244809811829145
0.354491010027436,0.645508989972564,0.4653710819045,0.421065477603825,0.0347770855045695,0.024516463044206
0.663303726465408,0.336696273534592,0.429630386689695,0.473729397043628,0.0247515252357665,0.0346697788422767
0.679735284726794,0.320264715273206,0.438114038602427,0.482584936017249,0.0252683921195759,0.0347790561007222
0.672643331361286,0.327356668638714,0.45811956829335,0.501588364723821,0.0253802231199357,0.0349687887640157
0.10366134902967,0.89633865097033,0.926654688763971,0.9567006866814,0.0286241791004781,0.0175897785002753
0.120027123543314,0.879972876456686,0.933444397634884,0.961734654180431,0.0264987052235345,0.015587655809966
0.873487987381996,0.126512012618004,0.961103480306117,0.932349117504823,0.0156914960943818,0.0267921861002825
0.139602888468138,0.860397111531862,0.944516960444602,0.96891013706063,0.0223911536248654,0.0125889419073327
0.862561259927074,0.137438740072926,0.973632914766653,0.951656692031783,0.0107339610479304,0.0199850840129844
0.862897210378095,0.137102789621905,0.977822917782401,0.958244297182412,0.00912250009297394,0.0177046211275413
0.139564811010821,0.860435188989179,0.955378862149468,0.976086179200595,0.0186666826057175,0.00968237939135296
0.853264949346873,0.146735050653127,0.975748088583067,0.954997609898336,0.00972079294179523,0.0188104073746481
0.152687653549087,0.847312346450913,0.954830459413394,0.975463028883671,0.0186949472909958,0.00964518932235526
0.158043986449864,0.841956013550136,0.950951294102358,0.972702952071293,0.019687712495129,0.0102670621981948
0.165454810086365,0.834545189913635,0.951694898055907,0.972886989154675,0.0191832944838872,0.0099678589122309
0.173153013793859,0.826846986206141,0.952565939789709,0.97310549177901,0.0186858331279633,0.00971006440626846
0.179913435172685,0.820086564827315,0.94884962228061,0.969970069236551,0.0192087950246037,0.0101808139681282
0.195773587061282,0.804226412938718,0.949700499926404,0.970074241446669,0.0181793574808166,0.0097818731594431
0.200421860221155,0.799578139778845,0.94975415156146,0.969647894112314,0.0177182039283508,0.00955291505995581
0.432067231374216,0.567932768625784,0.560409733669818,0.593202564179581,0.0372665518778353,0.0411828291339708
0.571382999016583,0.428617000983418,0.592283528504699,0.559465164581635,0.0402062466040266,0.0355498599356437
0.518437390017313,0.481562609982687,0.557540979789088,0.59204884647883,0.0352580418163522,0.0391713417720438
0.607308694340772,0.392691305659228,0.566991034751726,0.603971325149829,0.0352490404438141,0.0378133250895846
0.568081572213801,0.431918427786199,0.583664253820364,0.550960040976272,0.0388466129587912,0.0334730240278362
0.550258761183094,0.449741238816906,0.600796437073778,0.565424708562129,0.0381908442358969,0.032927162475129
0.432229392778951,0.567770607221049,0.580391491533917,0.614014233934238,0.0323916867119734,0.0381899114665846
0.545853357345766,0.454146642654234,0.618703930166289,0.584874450128569,0.0385449403021924,0.0326349141763219
0.547619776750139,0.452380223249861,0.629698630964704,0.595155508893094,0.037945537036822,0.0318974500483833
0.425666093232852,0.574333906767148,0.61859356903361,0.653141187283312,0.0315457822975745,0.0377000532134086
0.386978068692883,0.613021931307117,0.636153034379776,0.670299859693728,0.0310700657861679,0.0373840348505758
0.605645611237106,0.394354388762894,0.662357039944147,0.628110814829788,0.0376854910635461,0.0311749949767739
0.417072408442883,0.582927591557117,0.63860890992631,0.674731755903829,0.0313231545310839,0.0372777132467112
0.401309177400522,0.598690822599478,0.635625055265499,0.672083886848349,0.0314269897303432,0.0377195863754085
0.525498615237583,0.474501384762417,0.680805217426301,0.643678651020124,0.0375786816947139,0.0327648011536133
0.39464845537947,0.60535154462053,0.356997140797989,0.363244388751531,0.0164482884538356,0.0228406909227934
0.442320757588687,0.557679242411313,0.352636060349267,0.357508127559587,0.0163878416331985,0.0223668948098689
0.404325039438763,0.595674960561237,0.347856999456241,0.352594739901497,0.0153633129472359,0.0215905930735363
0.358538239348933,0.641461760651067,0.342572569985723,0.347170475582806,0.0144367345837839,0.02090489350784
0.426415602085232,0.573584397914768,0.346229188404373,0.350864178602886,0.0146355452544807,0.020809937696172
0.334826345358273,0.665173654641727,0.349626308592663,0.354872088612913,0.014139179530311,0.0204261819358585
0.609016987146315,0.390983012853685,0.358718723461989,0.354478199696077,0.0205080496781902,0.0140811413867841
0.409652322131409,0.590347677868591,0.372791403119914,0.375957270688555,0.0145499368661156,0.0213176902239287
0.233011529715645,0.766988470284355,0.383529058746022,0.388072441176895,0.0124923580259379,0.0207473899715584
0.807882110942702,0.192117889057298,0.392169782690848,0.387122735897307,0.0210258132590267,0.0118408427546966
0.191606808540414,0.808393191459586,0.396366732447308,0.40222407564723,0.0112775208540372,0.0217596205487817
0.217514895293402,0.782485104706598,0.404741410547152,0.411356455762027,0.0122635534538109,0.0229489833658288
0.17662430496538,0.82337569503462,0.412874934877512,0.419548571165319,0.0115320728937009,0.0232795431533718
0.167751089042727,0.832248910957273,0.410454724995948,0.417244820437247,0.0116040650384366,0.0235746601848733
0.112134911680176,0.887865088319824,0.419733114743688,0.427212643326797,0.0123526238658259,0.0249341559559592
0.388207930769972,0.611792069230028,0.564507605180928,0.592542799873757,0.0388490209138049,0.0406261014001069
0.463343571673804,0.536656428326196,0.593696017923827,0.568572366439834,0.0395353744706621,0.0379956753316221
0.849139588631641,0.150860411368359,0.57053137395999,0.55411281598772,0.040821925226982,0.033173157744848
0.982584023137253,0.0174159768627468,0.563015148224485,0.640763438846375,0.037906369944021,0.0227065689192486
0.719884902485569,0.280115097514431,0.54712451771709,0.579371745270054,0.0349812588692319,0.0369523470360216
0.906974052624259,0.0930259473757408,0.542061611514788,0.594340428281622,0.0350218483808814,0.0314386673349808
0.991007343812248,0.00899265618775196,0.549139376212908,0.572381039770593,0.0378861692447925,0.00158663979506176
0.460927196289506,0.539072803710494,0.565406855827831,0.538400832056703,0.0378667487814182,0.0333414230885064
0.899183893079164,0.100816106920836,0.545068167817567,0.598242678336009,0.0346271845781298,0.0307621298782932
0.540681352438146,0.459318647561854,0.589570160417994,0.564408213389279,0.0386614073811644,0.0336067180628418
0.411787787298345,0.588212212701655,0.581541583761567,0.606881799178453,0.0341115226850218,0.0391897081215429
0.389863825131207,0.610136174868793,0.58569887313327,0.611855138181872,0.0346254138105692,0.0398943220081986
0.947330960289907,0.0526690397100927,0.609428137002992,0.674393367574896,0.0377314988050692,0.0276455343201222
0.333408726884347,0.666591273115653,0.604965178608286,0.631791606514227,0.0346052837075472,0.0401751599215346
0.996896429473153,0.00310357052684729,0.628151859795759,0.665293543928034,0.0411548901595569,0.00042881548647345
0.734747393532626,0.265252606467374,0.391131636157019,0.414039010293295,0.0250028322708352,0.0297983356997446
0.904009976305393,0.0959900236946066,0.393680584222743,0.433024358162049,0.0238729476662658,0.0245273542615652
0.582961179134372,0.417038820865628,0.3964234919668,0.413967589440469,0.0209533108426043,0.0279276703348175
0.575618454933837,0.424381545066163,0.399514531455048,0.417904659548346,0.020289982602693,0.0270913864819471
0.56257073485968,0.43742926514032,0.40088772752427,0.419537081466138,0.0192349094873813,0.0260660677717103
0.43741848867967,0.56258151132033,0.427952332218468,0.409001075981309,0.0258459351459959,0.0191000446835579
0.688804819582021,0.311195180417979,0.420221793900837,0.444256466464616,0.0189542797686179,0.0239128026799982
0.591260709652514,0.408739290347486,0.445242041512044,0.465881760256917,0.0181983883116292,0.0246460625484369
0.651828610740004,0.348171389259996,0.462368558115075,0.485923461146102,0.018487153129028,0.0240287263303571
0.341715739250629,0.658284260749371,0.492709414058974,0.468736076525219,0.0242208418010648,0.0188383220724551
0.661308403084625,0.338691596915375,0.485102858128705,0.509176913771349,0.0189996000110252,0.0243460454737366
0.672494968202156,0.327505031797844,0.500355294960014,0.525065578856664,0.0197749559748594,0.0248175321672471
0.667386515258417,0.332613484741583,0.510726954113138,0.535265941000285,0.0199498206599716,0.025109329107479
0.654524036613366,0.345475963386634,0.517008115916357,0.541411697394705,0.0202808927118452,0.0255347159648055
0.609696034161817,0.390303965838183,0.525351643893669,0.549382764682985,0.0209288974607378,0.0259180620507318
0.818213285386864,0.181786714613136,0.497769661113229,0.627784970602905,0.0468594061612827,0.112906474658587
0.811910423996546,0.188089576003454,0.481859876033924,0.617828943800957,0.0464981296420331,0.117204257441494
0.804219440911327,0.195780559088673,0.478749505039222,0.619184022987432,0.0459587682380163,0.120545762272629
0.800631881640896,0.199368118359104,0.467592493514784,0.612488759085653,0.0455694314242403,0.124099896825962
0.79723542971723,0.20276457028277,0.467148675848554,0.613110835848318,0.045095304592061,0.124974483368191
0.793994685845873,0.206005314154127,0.498712323967874,0.643324361718945,0.0459856847095712,0.122751192531342
0.790184542436377,0.209815457563623,0.498663646398136,0.644847547995073,0.0459418132088734,0.122656643595834
0.789597760753391,0.210402239246609,0.514892612232861,0.664867770573184,0.048217627855327,0.121122635734806
0.791030790172126,0.208969209827874,0.543199958576556,0.685794815785065,0.0473205444305234,0.115938282133772
0.794178279383487,0.205821720616513,0.552069378955117,0.691440111650117,0.0471963405599006,0.113939221321482
0.791974808138293,0.208025191861707,0.553710816140832,0.694223664452394,0.04766071388632,0.113743915563607
0.788108857372246,0.211891142627754,0.563720412451859,0.704675852508079,0.0486912711161583,0.112217142474461
0.777483871557702,0.222516128442298,0.584190823987527,0.715113917918328,0.0480925277018443,0.108333689440673
0.771707224435333,0.228292775564667,0.594726846178666,0.720320598273341,0.0482838987560836,0.106435364168506
0.777147512852367,0.222852487147633,0.610143327825869,0.733811209797982,0.0498605165478817,0.104635278134917
0.740025043484827,0.259974956515173,0.353475056650108,0.396251538958991,0.0347259206809531,0.043809671234702
0.738180540963545,0.261819459036455,0.346226370367891,0.387522071851848,0.0337575087840294,0.0431850341369691
0.757095299202951,0.242904700797049,0.345524006244127,0.386221092196172,0.0325099826326727,0.0421012288256266
0.226363614849579,0.773636385150421,0.389134263279482,0.349351213853323,0.0413517335073074,0.0317364660498569
0.221388159760091,0.778611840239909,0.376081609557391,0.337253102578468,0.040161610940543,0.0304327598306456
0.213256870668206,0.786743129331794,0.390800977777123,0.353299840822612,0.0399874856187564,0.0292643903975352
0.22790661855176,0.77209338144824,0.404533495434451,0.37042391657947,0.0398533211925767,0.0284097201449445
0.739812169206083,0.260187830793917,0.401470239064296,0.43099039286951,0.0282850891233133,0.0409167471536803
0.731329717768707,0.268670282231293,0.401806407502327,0.429724025186168,0.0276464390742388,0.0406050072052316
0.723117503501654,0.276882496498346,0.433023170841239,0.458309940467646,0.0279655068725763,0.0420088072217104
0.66373147842328,0.33626852157672,0.456069517001423,0.477900245318092,0.0268609359331029,0.0410644956923811
0.632404742735173,0.367595257264827,0.480504460368798,0.500977709379136,0.0270021518228204,0.0410965589163427
0.612397914633153,0.387602085366847,0.503216043345771,0.522508487833716,0.0273184358984627,0.0412683486240164
0.38140778572136,0.61859221427864,0.525670112486572,0.506455573206879,0.041363916262386,0.0277528902590627
0.606270573449333,0.393729426550667,0.521785913857756,0.541402763886257,0.0286056015992116,0.0416321388905449
0.31183317964557,0.68816682035443,0.708688603762569,0.726869665246293,0.0363192058871666,0.0334335885114673
0.298889439707777,0.701110560292223,0.702610213771304,0.723541384719622,0.0359506970989194,0.0342387115384997
0.610271786691367,0.389728213308633,0.71786291757139,0.702077185582163,0.0346706042070704,0.0369204200355483
0.377110338589986,0.622889661410014,0.70133473004304,0.715783671725308,0.0375154696338794,0.0352992124528215
0.764219166208967,0.235780833791033,0.694402138505231,0.706810152632868,0.0378404317194282,0.0361614959105203
0.617268767734009,0.382731232265991,0.708444976843764,0.735012962191706,0.0382242611423277,0.0359412516744225
0.517851318416004,0.482148681583996,0.730219912682309,0.752174292535531,0.035331064245693,0.033461341149815
0.00758743431986814,0.992412565680132,0.757473278795675,0.767064577362105,0.00282118475572663,0.0344505248477089
0.297853881335533,0.702146118664467,0.772797107228097,0.797971813277347,0.0302584025054185,0.027502187340066
0.350218529174713,0.649781470825287,0.766287768845621,0.789911497335319,0.0308660018602217,0.0277828596496277
0.320745056168274,0.679254943831726,0.766812317960329,0.79124070625848,0.0298816277574548,0.0273237462187573
0.30509378499935,0.69490621500065,0.778787104385768,0.802989027099519,0.0282831280982038,0.0259672385733525
0.346992498231499,0.653007501768501,0.783970155484265,0.806297886656463,0.028479185788394,0.0257398183709171
0.253810574345485,0.746189425654515,0.784790683980467,0.810702956764981,0.0277403893118857,0.0258866074372314
0.142260520712142,0.857739479287858,0.784918044465758,0.821482264702586,0.0239964253598587,0.0251297775931361
0.0588948825340456,0.941105117465954,0.802465280317382,0.907025670486037,0.0908970334944695,0.022326449870252
0.0623382963788848,0.937661703621115,0.804807235203815,0.909206451909205,0.0923441875120023,0.0220163411397245
0.060753302356006,0.939246697643994,0.807284650718905,0.913053218305757,0.0933573300039677,0.0215753353119348
0.0574295890659312,0.942570410934069,0.804886534986748,0.914483883423318,0.0956431469369583,0.0219090859636892
0.0668024822324563,0.933197517767544,0.825648930464277,0.924699892313302,0.0905238385044975,0.0197691368150052
0.924298480116907,0.0757015198830925,0.94296274345316,0.857353814030015,0.0169148761448317,0.0814537606586257
0.0776854803493883,0.922314519650612,0.878117214356669,0.953535634445817,0.0738034525680904,0.0137208282671297
0.0776411509058376,0.922358849094162,0.901220624224662,0.965617313396191,0.0654272178650157,0.0106219594810796
0.07644651258773,0.92355348741227,0.912699701818358,0.96955796126708,0.0580014077542085,0.00952656749350434
0.0779171405190338,0.922082859480966,0.90944164270699,0.967512343498548,0.0589444580701291,0.0100011785083745
0.92113691677521,0.0788630832247903,0.966218997638259,0.908432504727519,0.0102057811236857,0.0583643965881087
0.924342229800536,0.0756577701994643,0.969743782341344,0.91701581377483,0.00925705688933868,0.0530612162747365
0.0785778974601313,0.921422102539869,0.922728823595996,0.973187870725983,0.050968517694834,0.00895254455131286
0.921106820991711,0.0788931790082886,0.973972535789193,0.924044165476662,0.00904260100135447,0.0501131676087316
0.078915960154599,0.921084039845401,0.931243595215949,0.977784416770514,0.0468500878653519,0.00833833572307657
0.183953278442962,0.816046721557038,0.388882529747811,0.448160860081912,0.0431120278976369,0.040008907991263
0.0936361363473815,0.906363863652619,0.360805692532631,0.43275225791214,0.0374481608393905,0.0404187263682548
0.548214836973214,0.451785163026786,0.410724302290701,0.433356379771829,0.0467711388165867,0.0342233474950044
0.597324544677153,0.402675455322847,0.401382389572139,0.420076974575814,0.0451682333727818,0.0326500102834057
0.59383360694582,0.40616639305418,0.393028203002594,0.407527161053974,0.0436834211205526,0.0319644302649457
0.391293793039983,0.608706206960017,0.410684005403486,0.422524012027391,0.0450801845547211,0.0339255489523728
0.271618259668701,0.728381740331299,0.408774986118416,0.419803619407417,0.0459759642714041,0.0340305727334439
0.230876806651169,0.769123193348831,0.43509550181479,0.448422203557264,0.0472262615889235,0.034211944640865
0.676207697076475,0.323792302923525,0.472382472161416,0.460325732059623,0.0325478173913744,0.0462875975580912
0.657463120761703,0.342536879238297,0.467820847293859,0.456882146692866,0.032048354649609,0.0458178341723977
0.360784962097847,0.639215037902153,0.469290770409264,0.4802442536019,0.0461052839172758,0.0317317639111018
0.420100302785491,0.579899697214509,0.489777197184217,0.501407786699928,0.0468233676009808,0.0319213874800552
0.453114290123245,0.546885709876755,0.496371458095892,0.507429416815741,0.0464055313466719,0.0311291142138056
0.514056322785273,0.485943677214727,0.510431970627251,0.521389546839505,0.0463544036619818,0.030528722405601
0.561177318321365,0.438822681678635,0.519798109653212,0.532052424951868,0.0464840015870239,0.0302087801460977
0.306413986275118,0.693586013724882,0.911570420782709,0.936557904902959,0.0228298903216377,0.014223076345485
0.300568314942279,0.699431685057721,0.914347807396968,0.9390933863015,0.0224681321418373,0.0136490999602102
0.723393121208878,0.276606878791122,0.944887694564069,0.920944846659219,0.0126567228092457,0.0215621746085465
0.262686641674764,0.737313358325236,0.920092637311562,0.944991966157282,0.0222665260461966,0.0129335739011733
0.26599366541734,0.73400633458266,0.922575981206604,0.947140852524888,0.0217671013918099,0.0123004017375984
0.71739311998927,0.28260688001073,0.961839202597385,0.940863438303211,0.00937920294316401,0.0182472187990484
0.743911470392495,0.256088529607505,0.963870036516515,0.945917580567347,0.00852240060548125,0.0160205992959313
0.229398601450528,0.770601398549472,0.954412548707889,0.969160823227966,0.0134433522500429,0.00726846680190296
0.231988041889689,0.768011958110311,0.956360355425271,0.970303750826158,0.0127578729327637,0.0069329312566469
0.234342674315291,0.765657325684709,0.953260837649623,0.967822125152359,0.0133525559558165,0.00736130929530869
0.237393266507466,0.762606733492534,0.954241397484101,0.96853887193743,0.0130579015658233,0.00725856048785459
0.242472625740058,0.757527374259942,0.953385246673062,0.967839131945059,0.0131976072927496,0.00743765145354279
0.255138991383696,0.744861008616304,0.955070161443595,0.96977810682915,0.0132485098665702,0.0073617050791613
0.739887067811089,0.260112932188911,0.967451515877068,0.952089645008712,0.00782668628678448,0.0138743172435511
0.27456684533954,0.72543315466046,0.952028540018835,0.967582992196357,0.0139541756578448,0.00793833339264693
0.746014818955755,0.253985181044245,0.657168446856238,0.63012201355879,0.0400423781169258,0.0581865760755228
0.0279207593025025,0.972079240697498,0.538471580822017,0.647629052222365,0.0344337165731665,0.0435942056288202
0.252025067509224,0.747974932490776,0.623908467964528,0.645579550850794,0.0576541920566785,0.0397701242064155
0.279822196942864,0.720177803057136,0.617660129502931,0.634800738508351,0.056903809922544,0.0390960045099634
0.669810696442295,0.330189303557705,0.634146029323091,0.621036286603651,0.0373675690986476,0.0543783643366196
0.596754525463799,0.403245474536201,0.623386641903586,0.613986002746717,0.036118318712797,0.0525898008446076
0.524746480042195,0.475253519957805,0.618333549893916,0.612956896779718,0.0344069664624114,0.0505830312845961
0.537045312787979,0.462954687212021,0.630645572949371,0.632643548009534,0.0481820277895363,0.032506790107905
0.534036010391902,0.465963989608098,0.636885487151442,0.633196303909498,0.0473602085064074,0.032289721487013
0.42499971098957,0.57500028901043,0.621873460985501,0.628699276150183,0.0315493545252596,0.0466902782099784
0.416006910549755,0.583993089450245,0.618508345141589,0.626889585583376,0.0312917170294048,0.0465076479487365
0.427662807138744,0.572337192861256,0.603018486193744,0.613330996351155,0.0314391445088592,0.046496208945015
0.581712083180583,0.418287916819417,0.617680863486697,0.602736937691181,0.0454111195561955,0.031031278442544
0.448593885745641,0.551406114254359,0.592576450209893,0.610073678285713,0.0315618539013338,0.0454795774748091
0.545370146061128,0.454629853938872,0.611567886607273,0.592720977903879,0.045406918266327,0.0324683134509921
0.563736691457276,0.436263308542724,0.688148732737248,0.744552626924068,0.0579059444080478,0.0482928692290875
0.54644497448992,0.45355502551008,0.674566320674931,0.735320993394581,0.0606915700008879,0.0507481322232285
0.509470587248803,0.490529412751197,0.67491168391901,0.739944393318183,0.0612219032306915,0.0507624142422569
0.474571994049719,0.525428005950281,0.674333535810034,0.744501156749916,0.0621271284080488,0.0514129442420265
0.447822842643092,0.552177157356908,0.670571129350401,0.744933201178772,0.0625666011990402,0.0514583311944878
0.42418252240534,0.57581747759466,0.680618532298276,0.759030539787562,0.0632890563003892,0.0503691363514657
0.439064699482422,0.560935300517578,0.714705512416357,0.784848964814074,0.0617156411225737,0.0464669838458516
0.582504123808339,0.417495876191661,0.804154942406048,0.737835183790914,0.0442291209649551,0.0604118481324325
0.394702441347705,0.605297558652295,0.757441599625346,0.815581643762815,0.0570649950185879,0.0431166842275107
0.611121767446524,0.388878232553476,0.806122766152737,0.748389816416515,0.0444638195432975,0.0578872812317797
0.377538640260549,0.622461359739451,0.741459879448165,0.797300223312192,0.0579457494629156,0.0455513399024616
0.65751301209528,0.34248698790472,0.807948627265515,0.75886022070465,0.0436857919491024,0.0541425670585456
0.68798709452137,0.31201290547863,0.820593491641003,0.773821348359024,0.0410966978227407,0.0515294782563575
0.287880712455958,0.712119287544042,0.766064029810366,0.812491748634726,0.052141666118057,0.0420112604993092
0.250922573389516,0.749077426610484,0.786277413887891,0.830710815379848,0.0497087862708943,0.0396050520863963
0.583316725681907,0.416683274318093,0.658160152024001,0.666765321226934,0.0357411813435134,0.0362517250039754
0.993115350906288,0.0068846490937124,0.647188767990103,0.662425462037321,0.0370071043205378,0.00284224872059656
0.00505690254720543,0.994943097452795,0.732723925718445,0.64558079546732,0.0038422664429176,0.036394197515207
0.331354388514958,0.668645611485042,0.636502595125408,0.643092177053714,0.0330881271729393,0.0385213906584964
0.702539279525996,0.297460720474004,0.631747095280079,0.640121131744301,0.0347732626863613,0.0400665973600487
0.597313536346746,0.402686463653254,0.650195406293473,0.653055156712878,0.0331198823954207,0.039947651808998
0.546628607442593,0.453371392557407,0.656115748122492,0.659161714602856,0.0321072277468845,0.0393312612373711
0.669198490667789,0.330801509332211,0.678028262814396,0.679065972185438,0.0325079563464427,0.040594191627993
0.314645768118646,0.685354231881354,0.670487030641037,0.667651213635542,0.0411799472280815,0.0326894174439932
0.277883893924755,0.722116106075245,0.67356212974285,0.668959464017573,0.0418346507907298,0.0326972826946784
0.994777368980292,0.00522263101970831,0.671183677144617,0.765671437773095,0.034889873369866,0.0227191312536364
0.747540033149468,0.252459966850532,0.66873438812824,0.676239035517655,0.0327341091911672,0.0422577630643476
0.845610384204222,0.154389615795778,0.675818453589302,0.685924644578346,0.0334097858318614,0.0440059277039383
0.852623063023125,0.147376936976875,0.678382615139537,0.688773844411164,0.0338849694854241,0.0444133016463606
0.736666851659288,0.263333148340712,0.685143343601926,0.691792684799046,0.0335608220739665,0.042783404980744
0.902845506721252,0.0971544932787478,0.721221986216358,0.761633467415061,0.0327155633807879,0.0191165312134723
0.911565843669961,0.088434156330039,0.724743282164703,0.764348815259803,0.0317990403364953,0.0178540353255771
0.90783392714068,0.0921660728593199,0.725010839846567,0.763442221379597,0.0310055640149039,0.0175613013611964
0.910510040144935,0.0894899598550653,0.717252563930098,0.755360040077317,0.0308808620050519,0.0173239945200982
0.910304593314975,0.0896954066850245,0.716720376169572,0.753305258246683,0.0302515946810937,0.0170703518002697
0.910715818665951,0.0892841813340493,0.714056682391369,0.749093486524797,0.02989168776856,0.016939906014605
0.0758506475344842,0.924149352465516,0.743437304150999,0.708741661044012,0.0154029618702204,0.0296393326587015
0.933900040209648,0.0660999597903522,0.703526326922006,0.738072741425096,0.0294267773624079,0.0139782926713096
0.934359015242779,0.0656409847572213,0.698471859573153,0.73208934908077,0.0290603678224055,0.0142448037749129
0.919251508458931,0.0807484915410691,0.699265728185954,0.730326983472252,0.0285349484368935,0.0163796162780548
0.833577240663299,0.166422759336701,0.70654725031229,0.733996825888486,0.0266438473025347,0.0194812389113579
0.815984952084897,0.184015047915103,0.697978711091626,0.724853092403164,0.0263329349361462,0.0199145686096449
0.813226468331567,0.186773531668433,0.6871632612826,0.713538220483854,0.0261627380996088,0.0201111506668206
0.00393697196163487,0.996063028038365,0.697442499031565,0.70771353045649,0.000490725138709517,0.0261874893606388
0.770515736118555,0.229484263881445,0.705986713275929,0.729090114302698,0.0245231103188874,0.0197001911813776
0.806055103445168,0.193944896554832,0.436494262155161,0.513171094031917,0.0286108648111132,0.0580198473242951
0.807960495086111,0.192039504913888,0.427049864894674,0.501796921483247,0.0278540799124966,0.0571259409318199
0.809354800720525,0.190645199279475,0.432441622075243,0.50651888190844,0.0273532496336379,0.0562715048337717
0.814966164904044,0.185033835095956,0.441195195832846,0.513548170132591,0.0270652304819949,0.0548082263515203
0.814192748493958,0.185807251506042,0.441975048112827,0.512519358978708,0.0261951740943731,0.0534994169320701
0.813869825746549,0.186130174253451,0.45334175725859,0.52329176863971,0.0258284433040012,0.0527969054557845
0.816082110580328,0.183917889419672,0.458572926653672,0.528232000594565,0.0252983847009698,0.0520690752244871
0.818009387693779,0.181990612306221,0.462177931534179,0.531668150020223,0.0250102837509159,0.0515994411778664
0.819900798211749,0.180099201788251,0.473947921241375,0.539947162717138,0.0244605423180167,0.0495576351702374
0.183485356795055,0.816514643204945,0.549693785192531,0.48710171417985,0.0480299784334678,0.0243814666144335
0.185733171163564,0.814266828836436,0.551186176352016,0.491038754945882,0.0467033993824227,0.0238627259915387
0.811947802363677,0.188052197636323,0.505882168497042,0.563372969243809,0.0235721868274467,0.0452633318267622
0.809842194799402,0.190157805200598,0.503415617186027,0.55933558619245,0.023335449662338,0.0444489349824959
0.807902113298802,0.192097886701198,0.519257647323686,0.573127963713918,0.0234812463756604,0.0436344212946119
0.803379605928313,0.196620394071687,0.533585831977783,0.588416450762414,0.0241958652304714,0.0440257721176731
0.352924494191606,0.647075505808394,0.989312401861776,0.992559524879334,0.00304905807646987,0.0019744475491757
0.63711062181753,0.36288937818247,0.993258454722812,0.990359311032813,0.0017194629752875,0.00267907929241007
0.376441943502454,0.623558056497546,0.991692921697835,0.994133250913877,0.00225710556089345,0.00144116285934332
0.373050990041712,0.626949009958288,0.990593624317355,0.993215657752238,0.00243420740659887,0.00157462442251893
0.359249746873148,0.640750253126852,0.99012077017621,0.992741917181698,0.00244048800951246,0.00159839873749473
0.337454251096958,0.662545748903042,0.990294663086494,0.992728686238186,0.00228843383096204,0.00152313458199875
0.674772376657654,0.325227623342346,0.991322489649416,0.988666439217662,0.00170324883794218,0.00251273102381837
0.309419582366537,0.690580417633463,0.987493061145095,0.990276167076476,0.00264242081363162,0.0018060696435741
0.29730140953612,0.70269859046388,0.986777947283159,0.989524647569656,0.00264915766398028,0.00184124109803207
0.292848766197506,0.707151233802494,0.984030472934444,0.987108372811047,0.00301453459395063,0.00213378897626066
0.296416154412671,0.703583845587329,0.980932388861268,0.984325079751867,0.00339679320769441,0.00244919708474857
0.317274907104265,0.682725092895735,0.978771412764861,0.982313653839682,0.00366882858273687,0.0026901315090964
0.379896098665908,0.620103901334092,0.976274207169156,0.980051557232112,0.00397888490724127,0.00293975929287838
0.454308786707675,0.545691213292325,0.972934930002615,0.977151835635256,0.00450133733399469,0.00332973281273688
0.332229577814798,0.667770422185202,0.982919761231192,0.986704414712162,0.00373867088054912,0.00259170797995412
0.12549372941391,0.87450627058609,0.765131639237977,0.721748276452688,0.0217722038099192,0.0365339959329299
0.880396566158104,0.119603433841896,0.727695742921701,0.769243038805972,0.0347514815926019,0.0204927654737141
0.893999635297765,0.106000364702235,0.724288304580038,0.764316633554064,0.0340184991046965,0.0191746558296897
0.904771394593208,0.0952286054067919,0.718152345217871,0.757141830724142,0.0336099663569049,0.0182674305134164
0.904543506960497,0.095456493039503,0.713637423704312,0.751866371616867,0.0329585918715768,0.0182539446704585
0.110452309719029,0.889547690280971,0.748734354385145,0.712630026105313,0.0191361778066701,0.0319182964759869
0.900748508130895,0.0992514918691052,0.71210022785538,0.747308188334972,0.0310643510001646,0.0180881798814095
0.913168931875218,0.0868310681247823,0.718230995496824,0.752158851766703,0.030058234183166,0.0167051131247574
0.918990537272909,0.081009462727091,0.706820032918215,0.740891082080694,0.0300252953066968,0.0166984479138457
0.887810413598879,0.112189586401121,0.706938770458496,0.738507416220352,0.0290132395647116,0.0197720447818914
0.646910484371083,0.353089515628917,0.723839679199428,0.74925926692482,0.0266546125452066,0.0228742087613286
0.134838134778108,0.865161865221892,0.724131081787467,0.758913066706167,0.0229515705827207,0.0255617047402972
0.829924286377022,0.170075713622978,0.752307242567769,0.768943079986514,0.0272732578260183,0.0204638715260416
0.242266351684054,0.757733648315945,0.803099564322221,0.822977289499284,0.023857846493349,0.0190089722560695
0.300644638481727,0.699355361518273,0.844562289958927,0.864810402358004,0.0210650450795998,0.0158127154721465
0.196912049440108,0.803087950559892,0.48925361221509,0.430684991383691,0.0541824015618487,0.0331270957402444
0.822245071450775,0.177754928549225,0.438874543021559,0.49855180188298,0.0328703222242652,0.0543107330188561
0.817199907205126,0.182800092794874,0.444007194516884,0.502771248971099,0.0309599010703499,0.0528869152658124
0.799960532518309,0.200039467481691,0.454604032295305,0.510950400523505,0.0294725589941559,0.0510757600128777
0.799997835992364,0.200002164007636,0.447616139375892,0.503144729892019,0.0287290358235493,0.0502396068998292
0.8058249826832,0.1941750173168,0.464747025110905,0.518100873488737,0.0281353756858279,0.0491043539769231
0.805358301510684,0.194641698489316,0.454822120804619,0.507716302983958,0.0275863803875089,0.048623451262072
0.208619093053059,0.791380906946941,0.521743301159667,0.470264753240001,0.0473232626383135,0.0265515512767271
0.771556377035956,0.228443622964044,0.493268329271627,0.540683271365873,0.0264913771577538,0.0447762296572393
0.750650679140755,0.249349320859245,0.516269520112772,0.559313557927161,0.0260079761008541,0.0427825195672232
0.763222050924081,0.236777949075919,0.533443128042976,0.577698992836169,0.0258672550614499,0.0435659088183017
0.773755035602997,0.226244964397003,0.544129192687966,0.588988597755855,0.0259823465768585,0.0442053886468552
0.771954411874736,0.228045588125264,0.538171849384452,0.582387540470684,0.0258064529520464,0.0436824543080264
0.751321440631899,0.248678559368101,0.568332022681954,0.609452389436459,0.0259715182131187,0.0413130947278412
0.794622477551408,0.205377522448592,0.594181394096444,0.635369885826495,0.0263596254957909,0.0420704501102971
0.675663922338463,0.324336077661537,0.0784639569568723,0.100990717713746,0.0129376479168473,0.0213799600676187
0.683484711605908,0.316515288394092,0.0789210908086186,0.101404397014598,0.0129654150162118,0.0213392194602198
0.694208783815828,0.305791216184172,0.0805556750563747,0.103200637679411,0.0131160209537865,0.0214999012025856
0.302657876943976,0.697342123056024,0.101955547242017,0.0796390905485245,0.0211659153599502,0.0129346933048771
0.71023062367598,0.289769376324021,0.0798892743600764,0.102260447066135,0.0130182772714493,0.0211607351769949
0.282084145031112,0.717915854968888,0.102923479431143,0.0804439079138966,0.0211791520764898,0.0130920356415753
0.716296576161646,0.283703423838354,0.0805059327485568,0.102725136596898,0.0130170310347857,0.021028012358223
0.711915076311976,0.288084923688024,0.0811200913195638,0.103183910299416,0.0130217660576837,0.0210305570970685
0.703445657238959,0.296554342761041,0.0813318645263324,0.103320356796659,0.0129690205723509,0.0209604559146437
0.705697236291565,0.294302763708435,0.0814155773044733,0.103440740368102,0.0128777815281694,0.0207707098466608
0.709327077599184,0.290672922400816,0.082365468432124,0.104543071678691,0.0129460039413854,0.0208748744361581
0.716525445603721,0.283474554396279,0.0825785800629599,0.104787096679676,0.0129767515668181,0.0209112017733708
0.279033820513159,0.720966179486841,0.10359350809157,0.0816723897763463,0.0206522671844987,0.0128380966644668
0.730533631635497,0.269466368364503,0.0832924337790008,0.105517145374776,0.0130944598677866,0.0209781032958952
0.732932035059321,0.267067964940679,0.0835604011967672,0.10567940398571,0.0131190854688721,0.020895114915988
0.714117736635437,0.285882263364563,0.0807646961109206,0.107720842069196,0.0153898935966266,0.0254526725531812
0.72016041195852,0.27983958804148,0.0814006591959479,0.108213978457624,0.0154816250229393,0.0255725347909384
0.727588545851971,0.272411454148029,0.0830945656887457,0.10976047234627,0.0157692861012667,0.0259016914325382
0.732262610312468,0.267737389687532,0.0821110010415312,0.108237671014478,0.0156128101945897,0.0255901946461507
0.737917623595934,0.262082376404066,0.0824239607985053,0.108357571759234,0.0156943488347787,0.0256937597308521
0.748172746922542,0.251827253077458,0.0831552426851916,0.109271778355836,0.0159091331254144,0.0259656015474292
0.750226376197273,0.249773623802727,0.0826023531174673,0.108257604144708,0.0158212076651667,0.0257780175084903
0.749411777766392,0.250588222233608,0.0841383340041207,0.109732197875368,0.0161041039932219,0.0261456564734512
0.754039532799991,0.245960467200009,0.0849230992715922,0.110810375311536,0.0163018311684734,0.0263758975090926
0.762988538219824,0.237011461780176,0.0850532356834471,0.111008504127962,0.0164025117649285,0.0262913817100916
0.770973049521663,0.229026950478337,0.0874699202600336,0.11378758225571,0.0168155682640245,0.0268405677844083
0.77693603863215,0.22306396136785,0.0867574754792087,0.112854591602926,0.0167236261946153,0.026596590401521
0.780940489731556,0.219059510268444,0.0856504507243432,0.111350700805937,0.016552066404215,0.0262863167971081
0.780678435914275,0.219321564085725,0.0872079587087979,0.112951103926843,0.0168335806474182,0.0266686205092432
0.790072252393083,0.209927747606917,0.0875283301954204,0.113709056612905,0.0169597623123484,0.0267447030244156
0.760528761998478,0.239471238001522,0.483580526021486,0.53812704984825,0.0356092545920824,0.0585350580860435
0.908887756629172,0.0911122433708281,0.490359870247263,0.590906674363564,0.0374653727015555,0.0382591160542693
0.90263965957987,0.0973603404201298,0.509528056868802,0.606306842498267,0.0352322214764473,0.0373609381904104
0.101849213720645,0.898150786279355,0.606439180320678,0.512428032329335,0.037415365210627,0.0342227383878112
0.10792377698882,0.89207622301118,0.596075706164885,0.505206422726473,0.0379272352204098,0.0332896756302842
0.881369112089035,0.118630887910965,0.508404575400546,0.594519794122582,0.0320922005829211,0.0387327512295542
0.870467180040182,0.129532819959818,0.511412352087603,0.593164395875896,0.0306561100413797,0.039380053525079
0.138717926927912,0.861282073072088,0.59199301009157,0.51377921376633,0.0399985595576902,0.02956363177944
0.848126214698561,0.151873785301439,0.524899560701467,0.596089270816227,0.0279238271258879,0.0403065284753399
0.843513275500055,0.156486724499945,0.532062131223703,0.599416352207971,0.0267491909207688,0.0397248128661451
0.173114623548592,0.826885376451408,0.61414118169225,0.553847020244178,0.0401058711194347,0.0248452275098179
0.819166778002248,0.180833221997752,0.547487777897471,0.604908197824024,0.0242030045716816,0.040354911326666
0.814502425128724,0.185497574871276,0.541293022012269,0.596518650393138,0.0234877547546128,0.0400497835445637
0.81297837143261,0.18702162856739,0.558499464448077,0.611370886532306,0.0226513206325007,0.0386977957445945
0.813687935222458,0.186312064777542,0.581054017795934,0.636266178556993,0.0248690360915048,0.0402476454410895
0.276152072635703,0.723847927364297,0.643627726799733,0.738224825513767,0.0564113768180455,0.0489286872556988
0.327991983923038,0.672008016076962,0.657106505836381,0.744973751072231,0.0607218871847092,0.0475117842886454
0.6605249500891,0.3394750499109,0.757258072082274,0.668993194210769,0.0460935633837956,0.0622134368447108
0.652197141782304,0.347802858217696,0.757525473353204,0.669240242100523,0.0460171117537266,0.0637781097845783
0.651500056059087,0.348499943940913,0.75348116316298,0.664911669827682,0.0460977117818833,0.0649771837242375
0.339480374323204,0.660519625676796,0.67376543639094,0.761789280384222,0.0660410748113744,0.0451415543956239
0.328957814917697,0.671042185082303,0.687803585972656,0.775059397681088,0.0656644918012741,0.0430378029335221
0.31802625181641,0.68197374818359,0.708881709441311,0.79479626433181,0.0647665327779153,0.040356804914878
0.314673579573908,0.685326420426092,0.700184280115316,0.787411661837131,0.0655285973287412,0.0409543724826476
0.30855291075416,0.69144708924584,0.717416229211191,0.80546160177716,0.0662082080511783,0.0396159198010881
0.298578018811577,0.701421981188423,0.730754189568631,0.817111970336177,0.0654482125878054,0.0374067983440273
0.705004079516893,0.294995920483107,0.811517441280465,0.724380321801869,0.0377290125377593,0.066078103589982
0.296194335366181,0.703805664633819,0.749161704175755,0.832646969880585,0.063560442808595,0.0350222042526181
0.293752488558796,0.706247511441204,0.770298952650071,0.850535369444763,0.0614321417271106,0.0328858140401357
0.286393373601662,0.713606626398338,0.787516763199754,0.86582380865169,0.0611727627074313,0.0311912196325636
0.30985973383757,0.69014026616243,0.501187635266248,0.541315571246344,0.0411733091726152,0.0461664321598679
0.0125673581504534,0.987432641849547,0.47261103042036,0.529373730879952,0.0162941034792607,0.0471079537108558
0.132702885013717,0.867297114986283,0.503031441681217,0.541061446469818,0.0398332908140649,0.0440969158923451
0.116747004100851,0.883252995899149,0.499731002740572,0.536553950113889,0.0391689567500497,0.0430688073040704
0.712345643765009,0.287654356234991,0.519962026157427,0.533354558288479,0.0434217712802623,0.0410915046265287
0.967026907148947,0.0329730928510528,0.526307451582548,0.559336661924823,0.0428104574871862,0.0134658581337754
0.0311273060028414,0.968872693997159,0.482192293544321,0.540080972816348,0.0340428145485935,0.0393179706327592
0.0282561297542992,0.971743870245701,0.565059075160183,0.538679007939851,0.0110114773061175,0.0394726120432643
0.604005453071807,0.395994546928193,0.523877197730308,0.530722367519368,0.0412329959672148,0.0338264617869577
0.611120907912584,0.388879092087416,0.543700269295103,0.552829997916805,0.0398832981001006,0.0330776582826923
0.00368477879953393,0.996315221200466,0.459150439883242,0.560830586852004,0.0110809304269499,0.0358046095237973
0.683679882477373,0.316320117522627,0.555115406582329,0.562704140874078,0.0379931994888224,0.0297650432218932
0.980969189352235,0.0190308106477653,0.555206712467474,0.575727177285706,0.0352820575994055,0.00827833845622443
0.190601999155857,0.809398000844143,0.594373808956715,0.592480138599225,0.024555256178709,0.0354702627076879
0.674380838986333,0.325619161013667,0.605498771707989,0.606949870043583,0.0355690106625575,0.0257660693181603
0.359254209795884,0.640745790204116,0.436208282455276,0.46981595968849,0.0322769280878939,0.0280148894577778
0.183455344145996,0.816544655854004,0.424077717521986,0.464621853299754,0.0277212472716585,0.0273605363164084
0.275140573840749,0.724859426159251,0.441920145415471,0.474459532043737,0.0283336521630533,0.0259411706313073
0.303774145014431,0.696225854985569,0.437810279152106,0.467535039797422,0.0282235448262061,0.0256394235527862
0.258087798939468,0.741912201060532,0.43532288211327,0.465110247912237,0.0267015690890163,0.0251933309023303
0.502313821647434,0.497686178352566,0.447607608613774,0.468160283382999,0.027662204005082,0.0240705582434273
0.990696948786976,0.00930305121302397,0.456055625342045,0.388895918409741,0.0260661227843287,0.0108816610282097
0.965479725857622,0.0345202741423781,0.463823990275383,0.473415219763248,0.0262743541829967,0.00247944075153896
0.963402249707269,0.0365977502927312,0.459444103454233,0.468120251101385,0.0258017939747793,0.00233461363783281
0.00912281218267596,0.990877187817324,0.400275463350535,0.462550250196385,0.00971531861817289,0.02435614718989
0.971581747647751,0.0284182523522495,0.484819527324523,0.487122591828452,0.0248804486989874,0.00108001939055685
0.995926863954469,0.00407313604553082,0.480288430180051,0.50139859725403,0.024355853601118,0.000466453419442518
0.0110562405744374,0.988943759425563,0.420019963137362,0.474811685683869,0.0112270854628839,0.0235045883104211
0.863697764638225,0.136302235361775,0.510520830528599,0.510128567021005,0.0257224839158476,0.0115770116447855
0.135614363386858,0.864385636613142,0.535505418176138,0.537771877380584,0.0118745910972729,0.0265368621764673
