state,Year,Age,severe,numcase
53,2000,6,Mild,1
53,2000,7,Mild,1
53,2000,8,Mild,1
53,2000,9,Mild,1
53,2000,10,Mild,1
53,2000,11,Mild,2
53,2000,12,Mild,3
53,2000,13,Mild,5
53,2000,14,Mild,1
53,2000,15,Mild,2
53,2000,16,Mild,2
53,2000,17,Mild,1
53,2000,18,Mild,2
53,2000,19,Mild,3
53,2000,20,Mild,4
53,2000,20,Severe,1
53,2000,21,Mild,4
53,2000,22,Mild,4
53,2000,23,Mild,4
53,2000,24,Mild,5
53,2000,25,Mild,5
53,2000,26,Mild,6
53,2000,27,Mild,3
53,2000,28,Mild,4
53,2000,29,Mild,2
53,2000,30,Mild,4
53,2000,31,Mild,4
53,2000,32,Mild,3
53,2000,33,Mild,3
53,2000,34,Mild,6
53,2000,36,Mild,5
53,2000,37,Mild,4
53,2000,38,Mild,6
53,2000,39,Mild,6
53,2000,40,Mild,3
53,2000,41,Mild,4
53,2000,42,Mild,6
53,2000,43,Mild,9
53,2000,44,Mild,4
53,2000,45,Mild,3
53,2000,46,Mild,1
53,2000,47,Mild,9
53,2000,48,Mild,3
53,2000,49,Mild,1
53,2000,50,Mild,3
53,2000,51,Mild,6
53,2000,52,Mild,9
53,2000,53,Mild,1
53,2000,54,Mild,3
53,2000,55,Mild,3
53,2000,56,Mild,3
53,2000,57,Mild,1
53,2000,58,Mild,1
53,2000,59,Mild,2
53,2000,60,Mild,3
53,2000,61,Mild,1
53,2000,62,Mild,1
53,2000,63,Mild,2
53,2000,64,Mild,2
53,2000,66,Mild,2
53,2000,67,Mild,1
53,2000,68,Mild,2
53,2000,69,Mild,1
53,2000,80,Mild,1
53,2000,88,Mild,1
53,2001,2,Mild,11
53,2001,3,Mild,9
53,2001,4,Mild,11
53,2001,5,Mild,9
53,2001,6,Mild,11
53,2001,7,Mild,5
53,2001,8,Mild,7
53,2001,9,Mild,12
53,2001,10,Mild,12
53,2001,11,Mild,15
53,2001,12,Mild,19
53,2001,13,Mild,19
53,2001,14,Mild,17
53,2001,15,Mild,19
53,2001,16,Mild,21
53,2001,17,Mild,31
53,2001,18,Mild,35
53,2001,19,Mild,40
53,2001,20,Mild,32
53,2001,21,Mild,40
53,2001,22,Mild,44
53,2001,23,Mild,58
53,2001,24,Mild,41
53,2001,25,Mild,55
53,2001,26,Mild,41
53,2001,27,Mild,47
53,2001,28,Mild,42
53,2001,29,Mild,58
53,2001,30,Mild,50
53,2001,31,Mild,30
53,2001,32,Mild,44
53,2001,33,Mild,41
53,2001,34,Mild,36
53,2001,35,Mild,29
53,2001,36,Mild,30
53,2001,37,Mild,33
53,2001,38,Mild,25
53,2001,39,Mild,22
53,2001,40,Mild,31
53,2001,41,Mild,29
53,2001,42,Mild,32
53,2001,43,Mild,30
53,2001,44,Mild,15
53,2001,45,Mild,19
53,2001,46,Mild,22
53,2001,47,Mild,29
53,2001,48,Mild,15
53,2001,49,Mild,15
53,2001,50,Mild,19
53,2001,51,Mild,11
53,2001,52,Mild,12
53,2001,53,Mild,17
53,2001,54,Mild,10
53,2001,55,Mild,13
53,2001,56,Mild,20
53,2001,57,Mild,10
53,2001,58,Mild,13
53,2001,59,Mild,11
53,2001,60,Mild,3
53,2001,61,Mild,12
53,2001,62,Mild,6
53,2001,63,Mild,1
53,2001,64,Mild,6
53,2001,65,Mild,8
53,2001,66,Mild,7
53,2001,67,Mild,1
53,2001,68,Mild,1
53,2001,69,Mild,2
53,2001,70,Mild,2
53,2001,72,Mild,3
53,2001,73,Mild,2
53,2001,74,Mild,2
53,2001,75,Mild,3
53,2001,76,Mild,1
53,2001,77,Mild,2
53,2001,78,Mild,1
53,2001,79,Mild,1
53,2001,84,Mild,1
53,2001,87,Mild,1
53,2002,2,Mild,8
53,2002,3,Mild,10
53,2002,4,Mild,16
53,2002,5,Mild,10
53,2002,6,Mild,9
53,2002,7,Mild,14
53,2002,8,Mild,13
53,2002,9,Mild,9
53,2002,10,Mild,13
53,2002,11,Mild,19
53,2002,12,Mild,21
53,2002,13,Mild,35
53,2002,14,Mild,34
53,2002,15,Mild,40
53,2002,16,Mild,48
53,2002,16,Severe,1
53,2002,17,Mild,44
53,2002,17,Severe,1
53,2002,18,Mild,48
53,2002,19,Mild,68
53,2002,20,Mild,60
53,2002,21,Mild,60
53,2002,22,Mild,57
53,2002,23,Mild,68
53,2002,24,Mild,47
53,2002,25,Mild,45
53,2002,26,Mild,62
53,2002,27,Mild,59
53,2002,28,Mild,53
53,2002,29,Mild,56
53,2002,30,Mild,44
53,2002,31,Mild,57
53,2002,32,Mild,47
53,2002,33,Mild,52
53,2002,34,Mild,47
53,2002,35,Mild,29
53,2002,36,Mild,32
53,2002,37,Mild,45
53,2002,38,Mild,43
53,2002,39,Mild,46
53,2002,39,Severe,1
53,2002,40,Mild,35
53,2002,41,Mild,30
53,2002,42,Mild,29
53,2002,43,Mild,28
53,2002,44,Mild,35
53,2002,45,Mild,23
53,2002,46,Mild,34
53,2002,47,Mild,30
53,2002,48,Mild,19
53,2002,49,Mild,22
53,2002,50,Mild,14
53,2002,51,Mild,22
53,2002,52,Mild,10
53,2002,53,Mild,16
53,2002,54,Mild,10
53,2002,55,Mild,16
53,2002,55,Severe,2
53,2002,56,Mild,15
53,2002,57,Mild,8
53,2002,58,Mild,8
53,2002,59,Mild,9
53,2002,60,Mild,8
53,2002,61,Mild,5
53,2002,62,Mild,12
53,2002,63,Mild,11
53,2002,63,Severe,1
53,2002,64,Mild,10
53,2002,65,Mild,6
53,2002,66,Mild,4
53,2002,67,Mild,9
53,2002,68,Mild,7
53,2002,69,Mild,7
53,2002,70,Mild,1
53,2002,71,Mild,4
53,2002,72,Mild,4
53,2002,73,Mild,2
53,2002,74,Mild,2
53,2002,75,Mild,2
53,2002,76,Mild,2
53,2002,77,Mild,2
53,2002,78,Mild,1
53,2002,79,Mild,1
53,2002,81,Mild,1
53,2002,99,Mild,1
53,2003,4,Mild,2
53,2003,5,Mild,2
53,2003,6,Mild,7
53,2003,7,Mild,3
53,2003,8,Mild,4
53,2003,9,Mild,4
53,2003,10,Mild,2
53,2003,11,Mild,8
53,2003,12,Mild,6
53,2003,13,Mild,5
53,2003,14,Mild,7
53,2003,15,Mild,9
53,2003,16,Mild,8
53,2003,17,Mild,7
53,2003,18,Mild,11
53,2003,19,Mild,6
53,2003,20,Mild,8
53,2003,21,Mild,11
53,2003,22,Mild,8
53,2003,23,Mild,6
53,2003,23,Severe,1
53,2003,24,Mild,12
53,2003,24,Severe,1
53,2003,25,Mild,14
53,2003,26,Mild,14
53,2003,27,Mild,17
53,2003,28,Mild,13
53,2003,29,Mild,9
53,2003,30,Mild,18
53,2003,31,Mild,13
53,2003,31,Severe,1
53,2003,32,Mild,14
53,2003,32,Severe,1
53,2003,33,Mild,15
53,2003,34,Mild,11
53,2003,35,Mild,18
53,2003,35,Severe,1
53,2003,36,Mild,14
53,2003,37,Mild,15
53,2003,38,Mild,9
53,2003,39,Mild,11
53,2003,40,Mild,7
53,2003,41,Mild,12
53,2003,42,Mild,7
53,2003,43,Mild,10
53,2003,44,Mild,14
53,2003,45,Mild,11
53,2003,46,Mild,9
53,2003,47,Mild,9
53,2003,48,Mild,4
53,2003,49,Mild,7
53,2003,50,Mild,3
53,2003,51,Mild,10
53,2003,52,Mild,6
53,2003,53,Mild,10
53,2003,54,Mild,8
53,2003,55,Mild,6
53,2003,55,Severe,1
53,2003,56,Mild,3
53,2003,57,Mild,6
53,2003,58,Mild,5
53,2003,59,Mild,6
53,2003,60,Mild,7
53,2003,61,Mild,2
53,2003,62,Mild,5
53,2003,63,Mild,3
53,2003,64,Mild,6
53,2003,65,Mild,6
53,2003,66,Mild,3
53,2003,67,Mild,5
53,2003,68,Mild,2
53,2003,70,Mild,1
53,2003,72,Mild,1
53,2003,74,Mild,1
53,2003,82,Mild,1
53,2004,3,Mild,1
53,2004,4,Mild,1
53,2004,5,Mild,1
53,2004,10,Mild,2
53,2004,11,Mild,2
53,2004,12,Mild,2
53,2004,13,Mild,3
53,2004,14,Mild,1
53,2004,15,Mild,3
53,2004,16,Mild,2
53,2004,17,Mild,3
53,2004,18,Mild,4
53,2004,19,Mild,2
53,2004,20,Mild,4
53,2004,21,Mild,2
53,2004,22,Mild,5
53,2004,23,Mild,4
53,2004,24,Mild,2
53,2004,25,Mild,4
53,2004,26,Mild,6
53,2004,27,Mild,7
53,2004,28,Mild,4
53,2004,29,Mild,7
53,2004,30,Mild,1
53,2004,31,Mild,4
53,2004,32,Mild,4
53,2004,33,Mild,4
53,2004,34,Mild,7
53,2004,35,Mild,2
53,2004,36,Mild,4
53,2004,37,Mild,4
53,2004,38,Mild,2
53,2004,39,Mild,5
53,2004,40,Mild,4
53,2004,41,Mild,6
53,2004,42,Mild,4
53,2004,43,Mild,3
53,2004,44,Mild,6
53,2004,45,Mild,2
53,2004,46,Mild,2
53,2004,47,Mild,5
53,2004,48,Mild,1
53,2004,49,Mild,2
53,2004,50,Mild,5
53,2004,52,Mild,5
53,2004,53,Mild,2
53,2004,54,Mild,3
53,2004,55,Mild,5
53,2004,56,Mild,1
53,2004,59,Mild,1
53,2004,60,Mild,1
53,2004,61,Mild,1
53,2004,64,Mild,1
53,2004,68,Mild,1
53,2004,69,Mild,1
53,2004,74,Mild,1
53,2004,75,Mild,1
53,2005,2,Mild,1
53,2005,3,Mild,2
53,2005,5,Mild,3
53,2005,7,Mild,1
53,2005,8,Mild,1
53,2005,9,Mild,2
53,2005,10,Mild,2
53,2005,10,Severe,1
53,2005,11,Mild,2
53,2005,12,Mild,2
53,2005,13,Mild,3
53,2005,14,Mild,2
53,2005,15,Mild,3
53,2005,16,Mild,1
53,2005,17,Mild,7
53,2005,18,Mild,4
53,2005,19,Mild,4
53,2005,20,Mild,4
53,2005,21,Mild,6
53,2005,22,Mild,5
53,2005,23,Mild,8
53,2005,24,Mild,4
53,2005,25,Mild,7
53,2005,26,Mild,9
53,2005,27,Mild,10
53,2005,28,Mild,6
53,2005,29,Mild,9
53,2005,30,Mild,7
53,2005,31,Mild,9
53,2005,32,Mild,7
53,2005,33,Mild,11
53,2005,34,Mild,7
53,2005,35,Mild,3
53,2005,36,Mild,6
53,2005,37,Mild,4
53,2005,38,Mild,2
53,2005,38,Severe,1
53,2005,39,Mild,13
53,2005,40,Mild,4
53,2005,41,Mild,5
53,2005,42,Mild,4
53,2005,43,Mild,7
53,2005,44,Mild,5
53,2005,45,Mild,5
53,2005,46,Mild,5
53,2005,47,Mild,5
53,2005,48,Mild,5
53,2005,49,Mild,3
53,2005,50,Mild,5
53,2005,51,Mild,4
53,2005,52,Mild,5
53,2005,53,Mild,4
53,2005,54,Mild,2
53,2005,55,Mild,2
53,2005,56,Mild,3
53,2005,57,Mild,1
53,2005,58,Mild,2
53,2005,59,Mild,1
53,2005,60,Mild,4
53,2005,61,Mild,6
53,2005,62,Mild,3
53,2005,65,Mild,1
53,2005,67,Mild,2
53,2005,68,Mild,1
53,2005,73,Mild,1
53,2005,74,Mild,4
53,2005,77,Mild,1
53,2006,3,Mild,1
53,2006,4,Mild,1
53,2006,6,Mild,1
53,2006,7,Mild,3
53,2006,8,Mild,1
53,2006,9,Mild,1
53,2006,10,Mild,6
53,2006,11,Mild,1
53,2006,12,Mild,5
53,2006,13,Mild,3
53,2006,14,Mild,2
53,2006,15,Mild,1
53,2006,16,Mild,3
53,2006,17,Mild,6
53,2006,18,Mild,5
53,2006,19,Mild,9
53,2006,20,Mild,3
53,2006,21,Mild,5
53,2006,22,Mild,3
53,2006,23,Mild,11
53,2006,24,Mild,4
53,2006,25,Mild,9
53,2006,26,Mild,9
53,2006,27,Mild,11
53,2006,28,Mild,9
53,2006,29,Mild,5
53,2006,30,Mild,7
53,2006,31,Mild,8
53,2006,32,Mild,12
53,2006,33,Mild,10
53,2006,34,Mild,9
53,2006,35,Mild,10
53,2006,36,Mild,3
53,2006,37,Mild,7
53,2006,38,Mild,2
53,2006,39,Mild,7
53,2006,40,Mild,9
53,2006,41,Mild,3
53,2006,42,Mild,8
53,2006,43,Mild,6
53,2006,44,Mild,7
53,2006,45,Mild,7
53,2006,46,Mild,8
53,2006,47,Mild,7
53,2006,48,Mild,5
53,2006,49,Mild,3
53,2006,50,Mild,5
53,2006,51,Mild,8
53,2006,52,Mild,4
53,2006,53,Mild,5
53,2006,54,Mild,6
53,2006,55,Mild,4
53,2006,56,Mild,4
53,2006,57,Mild,3
53,2006,58,Mild,4
53,2006,59,Mild,6
53,2006,60,Mild,3
53,2006,61,Mild,3
53,2006,62,Mild,1
53,2006,63,Mild,4
53,2006,64,Mild,3
53,2006,65,Mild,4
53,2006,66,Mild,2
53,2006,66,Severe,1
53,2006,67,Mild,1
53,2006,68,Mild,1
53,2006,69,Mild,1
53,2006,70,Mild,2
53,2006,71,Mild,1
53,2006,72,Mild,1
53,2006,73,Mild,2
53,2006,74,Mild,1
53,2006,75,Mild,1
53,2006,89,Mild,1
53,2007,3,Mild,3
53,2007,5,Mild,2
53,2007,6,Mild,3
53,2007,7,Mild,6
53,2007,8,Mild,7
53,2007,9,Mild,5
53,2007,10,Mild,5
53,2007,11,Mild,8
53,2007,12,Mild,6
53,2007,13,Mild,6
53,2007,14,Mild,10
53,2007,15,Mild,6
53,2007,16,Mild,14
53,2007,17,Mild,13
53,2007,18,Mild,9
53,2007,18,Severe,1
53,2007,19,Mild,13
53,2007,20,Mild,8
53,2007,21,Mild,7
53,2007,22,Mild,13
53,2007,23,Mild,10
53,2007,24,Mild,16
53,2007,24,Severe,1
53,2007,25,Mild,16
53,2007,26,Mild,20
53,2007,27,Mild,13
53,2007,28,Mild,10
53,2007,29,Mild,28
53,2007,30,Mild,12
53,2007,30,Severe,1
53,2007,31,Mild,17
53,2007,32,Mild,17
53,2007,32,Severe,1
53,2007,33,Mild,16
53,2007,34,Mild,16
53,2007,35,Mild,18
53,2007,36,Mild,12
53,2007,36,Severe,1
53,2007,37,Mild,15
53,2007,38,Mild,15
53,2007,38,Severe,1
53,2007,39,Mild,10
53,2007,39,Severe,1
53,2007,40,Mild,16
53,2007,41,Mild,15
53,2007,42,Mild,12
53,2007,42,Severe,1
53,2007,43,Mild,7
53,2007,44,Mild,7
53,2007,44,Severe,1
53,2007,45,Mild,12
53,2007,46,Mild,11
53,2007,47,Mild,18
53,2007,48,Mild,12
53,2007,48,Severe,1
53,2007,49,Mild,4
53,2007,49,Severe,1
53,2007,50,Mild,12
53,2007,51,Mild,7
53,2007,52,Mild,10
53,2007,52,Severe,1
53,2007,53,Mild,5
53,2007,54,Mild,7
53,2007,55,Mild,6
53,2007,56,Mild,4
53,2007,57,Mild,6
53,2007,58,Mild,9
53,2007,59,Mild,4
53,2007,60,Mild,3
53,2007,61,Mild,3
53,2007,62,Mild,10
53,2007,63,Mild,3
53,2007,64,Mild,5
53,2007,65,Mild,2
53,2007,65,Severe,1
53,2007,66,Mild,2
53,2007,67,Mild,4
53,2007,68,Mild,2
53,2007,69,Mild,1
53,2007,70,Mild,3
53,2007,72,Mild,1
53,2007,73,Mild,3
53,2007,74,Mild,1
53,2007,75,Mild,1
53,2007,76,Mild,1
53,2007,77,Mild,5
53,2007,78,Mild,1
53,2007,80,Mild,1
53,2007,99,Mild,1
53,2008,2,Mild,3
53,2008,3,Mild,2
53,2008,4,Mild,6
53,2008,5,Mild,3
53,2008,7,Mild,3
53,2008,8,Mild,3
53,2008,9,Mild,4
53,2008,10,Mild,6
53,2008,11,Mild,1
53,2008,12,Mild,2
53,2008,13,Mild,7
53,2008,14,Mild,7
53,2008,15,Mild,8
53,2008,16,Mild,5
53,2008,17,Mild,9
53,2008,17,Severe,1
53,2008,18,Mild,11
53,2008,19,Mild,11
53,2008,19,Severe,1
53,2008,20,Mild,8
53,2008,21,Mild,10
53,2008,22,Mild,11
53,2008,23,Mild,13
53,2008,24,Mild,7
53,2008,25,Mild,7
53,2008,26,Mild,9
53,2008,27,Mild,12
53,2008,28,Mild,9
53,2008,29,Mild,17
53,2008,30,Mild,12
53,2008,31,Mild,15
53,2008,32,Mild,11
53,2008,33,Mild,17
53,2008,34,Mild,14
53,2008,35,Mild,14
53,2008,36,Mild,10
53,2008,37,Mild,10
53,2008,38,Mild,11
53,2008,38,Severe,1
53,2008,39,Mild,8
53,2008,40,Mild,13
53,2008,41,Mild,11
53,2008,42,Mild,13
53,2008,43,Mild,4
53,2008,44,Mild,2
53,2008,45,Mild,10
53,2008,46,Mild,6
53,2008,46,Severe,1
53,2008,47,Mild,9
53,2008,48,Mild,3
53,2008,49,Mild,8
53,2008,50,Mild,6
53,2008,51,Mild,6
53,2008,52,Mild,9
53,2008,53,Mild,7
53,2008,54,Mild,8
53,2008,55,Mild,10
53,2008,56,Mild,4
53,2008,57,Mild,4
53,2008,58,Mild,3
53,2008,59,Mild,8
53,2008,60,Mild,6
53,2008,60,Severe,1
53,2008,61,Mild,3
53,2008,62,Mild,5
53,2008,63,Mild,6
53,2008,64,Mild,3
53,2008,65,Mild,4
53,2008,66,Mild,2
53,2008,66,Severe,1
53,2008,68,Mild,4
53,2008,69,Mild,1
53,2008,71,Mild,3
53,2008,72,Mild,2
53,2008,73,Mild,2
53,2008,74,Mild,2
53,2008,75,Mild,1
53,2008,77,Mild,1
53,2008,79,Mild,1
53,2008,80,Mild,1
53,2008,84,Mild,1
53,2008,85,Mild,1
53,2008,87,Mild,1
53,2008,95,Mild,1
53,2009,2,Mild,3
53,2009,3,Mild,1
53,2009,4,Mild,1
53,2009,5,Mild,2
53,2009,6,Mild,4
53,2009,7,Mild,5
53,2009,8,Mild,3
53,2009,9,Mild,5
53,2009,10,Mild,5
53,2009,11,Mild,4
53,2009,12,Mild,8
53,2009,13,Mild,7
53,2009,14,Mild,9
53,2009,15,Mild,8
53,2009,16,Mild,7
53,2009,17,Mild,6
53,2009,18,Mild,10
53,2009,19,Mild,8
53,2009,20,Mild,2
53,2009,21,Mild,4
53,2009,22,Mild,11
53,2009,23,Mild,5
53,2009,23,Severe,1
53,2009,24,Mild,10
53,2009,25,Mild,9
53,2009,26,Mild,7
53,2009,27,Mild,10
53,2009,28,Mild,22
53,2009,29,Mild,15
53,2009,30,Mild,19
53,2009,31,Mild,15
53,2009,32,Mild,11
53,2009,33,Mild,21
53,2009,34,Mild,11
53,2009,35,Mild,11
53,2009,35,Severe,2
53,2009,36,Mild,14
53,2009,37,Mild,12
53,2009,38,Mild,8
53,2009,39,Mild,13
53,2009,39,Severe,1
53,2009,40,Mild,17
53,2009,41,Mild,7
53,2009,42,Mild,4
53,2009,43,Mild,11
53,2009,44,Mild,13
53,2009,45,Mild,9
53,2009,46,Mild,14
53,2009,47,Mild,6
53,2009,48,Mild,4
53,2009,49,Mild,6
53,2009,50,Mild,3
53,2009,51,Mild,8
53,2009,52,Mild,7
53,2009,53,Mild,6
53,2009,54,Mild,6
53,2009,55,Mild,3
53,2009,56,Mild,2
53,2009,57,Mild,6
53,2009,58,Mild,6
53,2009,59,Mild,7
53,2009,60,Mild,4
53,2009,61,Mild,3
53,2009,62,Mild,4
53,2009,63,Mild,4
53,2009,64,Mild,1
53,2009,65,Mild,3
53,2009,66,Mild,3
53,2009,66,Severe,1
53,2009,67,Mild,2
53,2009,68,Mild,13
53,2009,68,Severe,1
53,2009,69,Mild,2
53,2009,70,Mild,1
53,2009,71,Mild,1
53,2009,72,Mild,3
53,2009,73,Mild,2
53,2009,74,Mild,2
53,2009,75,Mild,3
53,2009,77,Mild,1
53,2009,81,Mild,1
53,2009,84,Mild,1
53,2010,2,Mild,52
53,2010,3,Mild,50
53,2010,4,Mild,56
53,2010,5,Mild,71
53,2010,6,Mild,96
53,2010,6,Severe,1
53,2010,7,Mild,105
53,2010,8,Mild,112
53,2010,9,Mild,124
53,2010,9,Severe,1
53,2010,10,Mild,142
53,2010,11,Mild,200
53,2010,12,Mild,225
53,2010,12,Severe,1
53,2010,13,Mild,234
53,2010,14,Mild,225
53,2010,15,Mild,280
53,2010,16,Mild,255
53,2010,16,Severe,1
53,2010,17,Mild,272
53,2010,18,Mild,303
53,2010,19,Mild,241
53,2010,20,Mild,238
53,2010,20,Severe,1
53,2010,21,Mild,246
53,2010,21,Severe,1
53,2010,22,Mild,267
53,2010,23,Mild,253
53,2010,24,Mild,270
53,2010,24,Severe,1
53,2010,25,Mild,304
53,2010,26,Mild,247
53,2010,26,Severe,3
53,2010,27,Mild,253
53,2010,28,Mild,320
53,2010,29,Mild,294
53,2010,29,Severe,1
53,2010,30,Mild,273
53,2010,30,Severe,1
53,2010,31,Mild,287
53,2010,31,Severe,1
53,2010,32,Mild,261
53,2010,32,Severe,3
53,2010,33,Mild,300
53,2010,33,Severe,1
53,2010,34,Mild,286
53,2010,35,Mild,239
53,2010,36,Mild,257
53,2010,36,Severe,1
53,2010,37,Mild,253
53,2010,37,Severe,3
53,2010,38,Mild,238
53,2010,39,Mild,250
53,2010,40,Mild,162
53,2010,41,Mild,209
53,2010,42,Mild,227
53,2010,43,Mild,173
53,2010,44,Mild,206
53,2010,44,Severe,1
53,2010,45,Mild,182
53,2010,46,Mild,124
53,2010,46,Severe,1
53,2010,47,Mild,133
53,2010,48,Mild,151
53,2010,49,Mild,142
53,2010,49,Severe,1
53,2010,50,Mild,153
53,2010,51,Mild,127
53,2010,51,Severe,2
53,2010,52,Mild,112
53,2010,53,Mild,106
53,2010,53,Severe,1
53,2010,54,Mild,79
53,2010,55,Mild,91
53,2010,55,Severe,1
53,2010,56,Mild,80
53,2010,57,Mild,74
53,2010,58,Mild,89
53,2010,59,Mild,77
53,2010,60,Mild,60
53,2010,60,Severe,3
53,2010,61,Mild,64
53,2010,62,Mild,66
53,2010,63,Mild,55
53,2010,63,Severe,1
53,2010,64,Mild,60
53,2010,65,Mild,35
53,2010,66,Mild,60
53,2010,67,Mild,39
53,2010,68,Mild,38
53,2010,69,Mild,40
53,2010,69,Severe,1
53,2010,70,Mild,44
53,2010,70,Severe,1
53,2010,71,Mild,39
53,2010,72,Mild,31
53,2010,72,Severe,1
53,2010,73,Mild,23
53,2010,74,Mild,24
53,2010,74,Severe,1
53,2010,75,Mild,15
53,2010,76,Mild,9
53,2010,76,Severe,1
53,2010,77,Mild,19
53,2010,78,Mild,9
53,2010,79,Mild,8
53,2010,80,Mild,9
53,2010,81,Mild,7
53,2010,82,Mild,4
53,2010,83,Mild,5
53,2010,83,Severe,1
53,2010,84,Mild,4
53,2010,85,Mild,1
53,2010,86,Mild,1
53,2010,87,Mild,2
53,2010,88,Mild,3
53,2010,88,Severe,1
53,2010,89,Mild,1
53,2010,89,Severe,3
53,2010,91,Mild,3
53,2010,94,Mild,1
53,2010,97,Mild,1
53,2011,2,Mild,5
53,2011,3,Mild,8
53,2011,4,Mild,12
53,2011,5,Mild,13
53,2011,6,Mild,9
53,2011,7,Mild,6
53,2011,8,Mild,8
53,2011,9,Mild,18
53,2011,10,Mild,21
53,2011,11,Mild,22
53,2011,12,Mild,20
53,2011,13,Mild,26
53,2011,14,Mild,24
53,2011,15,Mild,39
53,2011,16,Mild,21
53,2011,17,Mild,29
53,2011,18,Mild,22
53,2011,19,Mild,30
53,2011,20,Mild,40
53,2011,21,Mild,33
53,2011,22,Mild,39
53,2011,23,Mild,22
53,2011,24,Mild,31
53,2011,25,Mild,23
53,2011,26,Mild,41
53,2011,27,Mild,33
53,2011,28,Mild,33
53,2011,29,Mild,40
53,2011,30,Mild,43
53,2011,31,Mild,38
53,2011,32,Mild,49
53,2011,33,Mild,38
53,2011,34,Mild,30
53,2011,35,Mild,27
53,2011,36,Mild,26
53,2011,37,Mild,41
53,2011,38,Mild,33
53,2011,39,Mild,23
53,2011,40,Mild,46
53,2011,40,Severe,1
53,2011,41,Mild,23
53,2011,42,Mild,21
53,2011,42,Severe,1
53,2011,43,Mild,17
53,2011,43,Severe,1
53,2011,44,Mild,28
53,2011,45,Mild,35
53,2011,46,Mild,30
53,2011,47,Mild,16
53,2011,48,Mild,26
53,2011,49,Mild,19
53,2011,50,Mild,25
53,2011,51,Mild,22
53,2011,52,Mild,29
53,2011,53,Mild,24
53,2011,54,Mild,18
53,2011,55,Mild,18
53,2011,55,Severe,1
53,2011,56,Mild,19
53,2011,56,Severe,1
53,2011,57,Mild,10
53,2011,58,Mild,22
53,2011,59,Mild,9
53,2011,60,Mild,12
53,2011,61,Mild,13
53,2011,62,Mild,8
53,2011,63,Mild,10
53,2011,63,Severe,1
53,2011,64,Mild,7
53,2011,65,Mild,9
53,2011,66,Mild,14
53,2011,67,Mild,4
53,2011,67,Severe,1
53,2011,68,Mild,6
53,2011,69,Mild,2
53,2011,70,Mild,6
53,2011,71,Mild,9
53,2011,72,Mild,2
53,2011,73,Mild,8
53,2011,74,Mild,5
53,2011,75,Mild,4
53,2011,76,Mild,5
53,2011,77,Mild,4
53,2011,78,Mild,1
53,2011,79,Mild,2
53,2011,81,Mild,2
53,2011,83,Mild,3
53,2011,86,Mild,1
53,2011,89,Mild,1
53,2012,2,Mild,1
53,2012,3,Mild,3
53,2012,4,Mild,4
53,2012,5,Mild,2
53,2012,6,Mild,3
53,2012,7,Mild,6
53,2012,8,Mild,3
53,2012,9,Mild,4
53,2012,10,Mild,6
53,2012,10,Severe,1
53,2012,11,Mild,5
53,2012,12,Mild,9
53,2012,13,Mild,5
53,2012,14,Mild,16
53,2012,15,Mild,13
53,2012,15,Severe,1
53,2012,16,Mild,10
53,2012,17,Mild,11
53,2012,18,Mild,14
53,2012,19,Mild,9
53,2012,20,Mild,9
53,2012,21,Mild,11
53,2012,22,Mild,10
53,2012,23,Mild,10
53,2012,24,Mild,12
53,2012,25,Mild,20
53,2012,26,Mild,12
53,2012,27,Mild,11
53,2012,28,Mild,23
53,2012,29,Mild,23
53,2012,30,Mild,12
53,2012,31,Mild,19
53,2012,32,Mild,17
53,2012,33,Mild,18
53,2012,34,Mild,29
53,2012,35,Mild,20
53,2012,35,Severe,1
53,2012,36,Mild,14
53,2012,37,Mild,14
53,2012,38,Mild,20
53,2012,39,Mild,10
53,2012,40,Mild,11
53,2012,41,Mild,14
53,2012,42,Mild,13
53,2012,43,Mild,16
53,2012,44,Mild,11
53,2012,45,Mild,16
53,2012,46,Mild,10
53,2012,47,Mild,18
53,2012,48,Mild,18
53,2012,49,Mild,8
53,2012,50,Mild,10
53,2012,51,Mild,7
53,2012,52,Mild,12
53,2012,53,Mild,9
53,2012,54,Mild,7
53,2012,55,Mild,11
53,2012,56,Mild,5
53,2012,57,Mild,9
53,2012,58,Mild,10
53,2012,59,Mild,9
53,2012,60,Mild,15
53,2012,61,Mild,4
53,2012,62,Mild,7
53,2012,63,Mild,5
53,2012,64,Mild,7
53,2012,65,Mild,5
53,2012,66,Mild,3
53,2012,67,Mild,4
53,2012,68,Mild,5
53,2012,69,Mild,2
53,2012,70,Mild,2
53,2012,72,Mild,3
53,2012,72,Severe,1
53,2012,74,Mild,3
53,2012,75,Mild,4
53,2012,76,Mild,2
53,2012,78,Mild,2
53,2012,79,Mild,2
53,2012,80,Mild,1
53,2012,83,Mild,1
53,2013,0,Mild,3
53,2013,2,Mild,29
53,2013,3,Mild,57
53,2013,4,Mild,48
53,2013,5,Mild,39
53,2013,5,Severe,1
53,2013,6,Mild,56
53,2013,7,Mild,72
53,2013,8,Mild,115
53,2013,8,Severe,1
53,2013,9,Mild,105
53,2013,10,Mild,92
53,2013,11,Mild,145
53,2013,11,Severe,1
53,2013,12,Mild,157
53,2013,13,Mild,172
53,2013,14,Mild,165
53,2013,15,Mild,169
53,2013,16,Mild,164
53,2013,16,Severe,2
53,2013,17,Mild,171
53,2013,18,Mild,205
53,2013,19,Mild,191
53,2013,20,Mild,192
53,2013,21,Mild,199
53,2013,22,Mild,151
53,2013,23,Mild,213
53,2013,24,Mild,210
53,2013,25,Mild,216
53,2013,25,Severe,1
53,2013,26,Mild,191
53,2013,27,Mild,203
53,2013,28,Mild,187
53,2013,28,Severe,1
53,2013,29,Mild,202
53,2013,29,Severe,1
53,2013,30,Mild,171
53,2013,31,Mild,229
53,2013,32,Mild,214
53,2013,33,Mild,221
53,2013,34,Mild,178
53,2013,35,Mild,214
53,2013,35,Severe,1
53,2013,36,Mild,207
53,2013,37,Mild,176
53,2013,38,Mild,184
53,2013,39,Mild,190
53,2013,39,Severe,1
53,2013,40,Mild,166
53,2013,41,Mild,204
53,2013,42,Mild,153
53,2013,43,Mild,158
53,2013,43,Severe,1
53,2013,44,Mild,162
53,2013,44,Severe,1
53,2013,45,Mild,146
53,2013,46,Mild,142
53,2013,47,Mild,110
53,2013,48,Mild,144
53,2013,49,Mild,154
53,2013,50,Mild,117
53,2013,51,Mild,116
53,2013,52,Mild,111
53,2013,53,Mild,108
53,2013,54,Mild,105
53,2013,55,Mild,101
53,2013,56,Mild,91
53,2013,57,Mild,89
53,2013,58,Mild,89
53,2013,58,Severe,1
53,2013,59,Mild,82
53,2013,59,Severe,1
53,2013,60,Mild,66
53,2013,61,Mild,60
53,2013,62,Mild,78
53,2013,62,Severe,1
53,2013,63,Mild,49
53,2013,64,Mild,57
53,2013,65,Mild,34
53,2013,66,Mild,40
53,2013,67,Mild,39
53,2013,67,Severe,1
53,2013,68,Mild,30
53,2013,69,Mild,37
53,2013,69,Severe,1
53,2013,70,Mild,28
53,2013,71,Mild,24
53,2013,72,Mild,33
53,2013,73,Mild,28
53,2013,74,Mild,18
53,2013,75,Mild,18
53,2013,76,Mild,23
53,2013,77,Mild,20
53,2013,78,Mild,21
53,2013,79,Mild,14
53,2013,80,Mild,11
53,2013,81,Mild,11
53,2013,82,Mild,15
53,2013,82,Severe,1
53,2013,83,Mild,6
53,2013,84,Mild,10
53,2013,85,Mild,5
53,2013,86,Mild,2
53,2013,87,Mild,3
53,2013,88,Mild,3
53,2013,89,Mild,3
53,2013,90,Mild,3
53,2013,91,Mild,2
53,2013,94,Mild,1
53,2013,95,Mild,1
53,2013,100,Mild,2
53,2013,117,Mild,1
53,2014,0,Mild,57
53,2014,0,Severe,1
53,2014,2,Mild,47
53,2014,2,Severe,1
53,2014,3,Mild,62
53,2014,3,Severe,1
53,2014,4,Mild,55
53,2014,4,Severe,2
53,2014,5,Mild,61
53,2014,5,Severe,1
53,2014,6,Mild,79
53,2014,6,Severe,3
53,2014,7,Mild,91
53,2014,7,Severe,4
53,2014,8,Mild,111
53,2014,8,Severe,5
53,2014,9,Mild,115
53,2014,9,Severe,3
53,2014,10,Mild,139
53,2014,10,Severe,2
53,2014,11,Mild,158
53,2014,11,Severe,4
53,2014,12,Mild,169
53,2014,12,Severe,5
53,2014,13,Mild,185
53,2014,13,Severe,1
53,2014,14,Mild,232
53,2014,14,Severe,2
53,2014,15,Mild,224
53,2014,16,Mild,230
53,2014,16,Severe,3
53,2014,17,Mild,233
53,2014,17,Severe,3
53,2014,18,Mild,232
53,2014,18,Severe,3
53,2014,19,Mild,227
53,2014,19,Severe,1
53,2014,20,Mild,256
53,2014,21,Mild,190
53,2014,21,Severe,2
53,2014,22,Mild,208
53,2014,22,Severe,5
53,2014,23,Mild,228
53,2014,23,Severe,3
53,2014,24,Mild,215
53,2014,24,Severe,1
53,2014,25,Mild,221
53,2014,25,Severe,1
53,2014,26,Mild,235
53,2014,26,Severe,3
53,2014,27,Mild,207
53,2014,27,Severe,4
53,2014,28,Mild,215
53,2014,28,Severe,2
53,2014,29,Mild,226
53,2014,29,Severe,1
53,2014,30,Mild,227
53,2014,30,Severe,3
53,2014,31,Mild,239
53,2014,31,Severe,3
53,2014,32,Mild,228
53,2014,32,Severe,2
53,2014,33,Mild,214
53,2014,33,Severe,5
53,2014,34,Mild,206
53,2014,34,Severe,2
53,2014,35,Mild,247
53,2014,35,Severe,2
53,2014,36,Mild,205
53,2014,37,Mild,193
53,2014,37,Severe,1
53,2014,38,Mild,210
53,2014,38,Severe,5
53,2014,39,Mild,200
53,2014,39,Severe,5
53,2014,40,Mild,174
53,2014,40,Severe,1
53,2014,41,Mild,219
53,2014,41,Severe,2
53,2014,42,Mild,159
53,2014,43,Mild,215
53,2014,43,Severe,1
53,2014,44,Mild,179
53,2014,44,Severe,1
53,2014,45,Mild,170
53,2014,46,Mild,143
53,2014,46,Severe,1
53,2014,47,Mild,146
53,2014,47,Severe,1
53,2014,48,Mild,153
53,2014,48,Severe,2
53,2014,49,Mild,155
53,2014,50,Mild,138
53,2014,50,Severe,1
53,2014,51,Mild,137
53,2014,51,Severe,4
53,2014,52,Mild,124
53,2014,52,Severe,1
53,2014,53,Mild,135
53,2014,53,Severe,1
53,2014,54,Mild,103
53,2014,55,Mild,105
53,2014,55,Severe,1
53,2014,56,Mild,100
53,2014,56,Severe,1
53,2014,57,Mild,95
53,2014,58,Mild,78
53,2014,58,Severe,1
53,2014,59,Mild,99
53,2014,59,Severe,1
53,2014,60,Mild,101
53,2014,60,Severe,3
53,2014,61,Mild,69
53,2014,61,Severe,3
53,2014,62,Mild,72
53,2014,62,Severe,2
53,2014,63,Mild,69
53,2014,63,Severe,1
53,2014,64,Mild,53
53,2014,64,Severe,4
53,2014,65,Mild,63
53,2014,65,Severe,1
53,2014,66,Mild,52
53,2014,66,Severe,9
53,2014,67,Mild,36
53,2014,67,Severe,3
53,2014,68,Mild,34
53,2014,68,Severe,3
53,2014,69,Mild,39
53,2014,69,Severe,5
53,2014,70,Mild,42
53,2014,70,Severe,1
53,2014,71,Mild,30
53,2014,71,Severe,1
53,2014,72,Mild,28
53,2014,72,Severe,4
53,2014,73,Mild,26
53,2014,73,Severe,1
53,2014,74,Mild,28
53,2014,74,Severe,1
53,2014,75,Mild,18
53,2014,76,Mild,19
53,2014,76,Severe,1
53,2014,77,Mild,20
53,2014,78,Mild,19
53,2014,79,Mild,21
53,2014,79,Severe,2
53,2014,80,Mild,9
53,2014,81,Mild,8
53,2014,82,Mild,9
53,2014,83,Mild,11
53,2014,84,Mild,12
53,2014,85,Mild,3
53,2014,86,Mild,5
53,2014,87,Mild,3
53,2014,88,Mild,1
53,2014,89,Mild,1
53,2014,91,Mild,1
53,2014,91,Severe,1
53,2014,92,Mild,1
53,2014,93,Mild,1
53,2014,95,Mild,1
53,2015,0,Mild,34
53,2015,2,Mild,32
53,2015,3,Mild,38
53,2015,3,Severe,1
53,2015,4,Mild,45
53,2015,5,Mild,49
53,2015,5,Severe,2
53,2015,6,Mild,68
53,2015,7,Mild,63
53,2015,8,Mild,86
53,2015,9,Mild,98
53,2015,10,Mild,100
53,2015,11,Mild,109
53,2015,11,Severe,3
53,2015,12,Mild,132
53,2015,12,Severe,1
53,2015,13,Mild,140
53,2015,13,Severe,4
53,2015,14,Mild,177
53,2015,14,Severe,2
53,2015,15,Mild,182
53,2015,15,Severe,2
53,2015,16,Mild,149
53,2015,16,Severe,1
53,2015,17,Mild,168
53,2015,17,Severe,3
53,2015,18,Mild,201
53,2015,18,Severe,2
53,2015,19,Mild,201
53,2015,19,Severe,2
53,2015,20,Mild,205
53,2015,20,Severe,2
53,2015,21,Mild,188
53,2015,22,Mild,178
53,2015,22,Severe,2
53,2015,23,Mild,164
53,2015,23,Severe,2
53,2015,24,Mild,186
53,2015,24,Severe,1
53,2015,25,Mild,168
53,2015,25,Severe,2
53,2015,26,Mild,194
53,2015,26,Severe,2
53,2015,27,Mild,190
53,2015,27,Severe,2
53,2015,28,Mild,167
53,2015,29,Mild,171
53,2015,29,Severe,5
53,2015,30,Mild,176
53,2015,30,Severe,2
53,2015,31,Mild,181
53,2015,31,Severe,2
53,2015,32,Mild,190
53,2015,32,Severe,4
53,2015,33,Mild,199
53,2015,34,Mild,173
53,2015,34,Severe,1
53,2015,35,Mild,196
53,2015,35,Severe,3
53,2015,36,Mild,181
53,2015,36,Severe,2
53,2015,37,Mild,187
53,2015,37,Severe,2
53,2015,38,Mild,185
53,2015,38,Severe,4
53,2015,39,Mild,174
53,2015,39,Severe,2
53,2015,40,Mild,165
53,2015,40,Severe,2
53,2015,41,Mild,142
53,2015,42,Mild,163
53,2015,42,Severe,2
53,2015,43,Mild,154
53,2015,43,Severe,3
53,2015,44,Mild,160
53,2015,44,Severe,1
53,2015,45,Mild,132
53,2015,45,Severe,2
53,2015,46,Mild,162
53,2015,46,Severe,2
53,2015,47,Mild,142
53,2015,47,Severe,3
53,2015,48,Mild,123
53,2015,48,Severe,4
53,2015,49,Mild,141
53,2015,49,Severe,3
53,2015,50,Mild,128
53,2015,50,Severe,1
53,2015,51,Mild,138
53,2015,51,Severe,2
53,2015,52,Mild,108
53,2015,52,Severe,2
53,2015,53,Mild,101
53,2015,53,Severe,1
53,2015,54,Mild,86
53,2015,55,Mild,102
53,2015,56,Mild,104
53,2015,57,Mild,94
53,2015,57,Severe,1
53,2015,58,Mild,73
53,2015,59,Mild,82
53,2015,60,Mild,73
53,2015,61,Mild,59
53,2015,61,Severe,2
53,2015,62,Mild,75
53,2015,62,Severe,1
53,2015,63,Mild,68
53,2015,63,Severe,2
53,2015,64,Mild,51
53,2015,64,Severe,1
53,2015,65,Mild,48
53,2015,65,Severe,1
53,2015,66,Mild,37
53,2015,66,Severe,1
53,2015,67,Mild,41
53,2015,68,Mild,36
53,2015,68,Severe,1
53,2015,69,Mild,32
53,2015,70,Mild,39
53,2015,71,Mild,24
53,2015,71,Severe,1
53,2015,72,Mild,24
53,2015,73,Mild,27
53,2015,74,Mild,38
53,2015,75,Mild,21
53,2015,76,Mild,21
53,2015,76,Severe,1
53,2015,77,Mild,16
53,2015,78,Mild,14
53,2015,79,Mild,20
53,2015,80,Mild,13
53,2015,81,Mild,6
53,2015,81,Severe,2
53,2015,82,Mild,7
53,2015,83,Mild,5
53,2015,83,Severe,1
53,2015,84,Mild,5
53,2015,85,Mild,11
53,2015,85,Severe,2
53,2015,86,Mild,6
53,2015,87,Mild,3
53,2015,88,Mild,2
53,2015,88,Severe,1
53,2015,89,Mild,4
53,2015,90,Mild,1
53,2015,91,Mild,2
53,2015,92,Mild,2
53,2015,92,Severe,1
53,2015,93,Mild,2
53,2015,94,Mild,1
53,2015,95,Mild,1
53,2015,96,Mild,1
53,2015,97,Severe,1
53,2015,98,Mild,1
53,2015,105,Mild,1
53,2015,114,Mild,1
53,2015,115,Mild,1
53,2016,0,Mild,60
53,2016,0,Severe,2
53,2016,2,Mild,63
53,2016,2,Severe,3
53,2016,3,Mild,67
53,2016,3,Severe,4
53,2016,4,Mild,88
53,2016,4,Severe,2
53,2016,5,Mild,86
53,2016,5,Severe,3
53,2016,6,Mild,115
53,2016,6,Severe,1
53,2016,7,Mild,120
53,2016,7,Severe,6
53,2016,8,Mild,143
53,2016,8,Severe,6
53,2016,9,Mild,153
53,2016,9,Severe,4
53,2016,10,Mild,194
53,2016,10,Severe,17
53,2016,11,Mild,203
53,2016,11,Severe,16
53,2016,12,Mild,231
53,2016,12,Severe,7
53,2016,13,Mild,212
53,2016,13,Severe,2
53,2016,14,Mild,229
53,2016,14,Severe,6
53,2016,15,Mild,236
53,2016,15,Severe,7
53,2016,16,Mild,240
53,2016,16,Severe,10
53,2016,17,Mild,263
53,2016,17,Severe,11
53,2016,18,Mild,275
53,2016,18,Severe,9
53,2016,19,Mild,286
53,2016,19,Severe,9
53,2016,20,Mild,259
53,2016,20,Severe,16
53,2016,21,Mild,256
53,2016,21,Severe,11
53,2016,22,Mild,273
53,2016,22,Severe,8
53,2016,23,Mild,255
53,2016,23,Severe,8
53,2016,24,Mild,264
53,2016,24,Severe,12
53,2016,25,Mild,220
53,2016,25,Severe,11
53,2016,26,Mild,262
53,2016,26,Severe,14
53,2016,27,Mild,233
53,2016,27,Severe,11
53,2016,28,Mild,257
53,2016,28,Severe,11
53,2016,29,Mild,280
53,2016,29,Severe,11
53,2016,30,Mild,295
53,2016,30,Severe,10
53,2016,31,Mild,266
53,2016,31,Severe,7
53,2016,32,Mild,293
53,2016,32,Severe,12
53,2016,33,Mild,259
53,2016,33,Severe,6
53,2016,34,Mild,314
53,2016,34,Severe,10
53,2016,35,Mild,295
53,2016,35,Severe,14
53,2016,36,Mild,269
53,2016,36,Severe,7
53,2016,37,Mild,260
53,2016,37,Severe,10
53,2016,38,Mild,265
53,2016,38,Severe,9
53,2016,39,Mild,259
53,2016,39,Severe,9
53,2016,40,Mild,241
53,2016,40,Severe,5
53,2016,41,Mild,256
53,2016,41,Severe,11
53,2016,42,Mild,223
53,2016,42,Severe,12
53,2016,43,Mild,231
53,2016,43,Severe,11
53,2016,44,Mild,216
53,2016,44,Severe,7
53,2016,45,Mild,199
53,2016,45,Severe,4
53,2016,46,Mild,231
53,2016,46,Severe,8
53,2016,47,Mild,190
53,2016,47,Severe,6
53,2016,48,Mild,198
53,2016,48,Severe,3
53,2016,49,Mild,198
53,2016,49,Severe,5
53,2016,50,Mild,190
53,2016,50,Severe,6
53,2016,51,Mild,175
53,2016,51,Severe,2
53,2016,52,Mild,204
53,2016,52,Severe,6
53,2016,53,Mild,185
53,2016,53,Severe,2
53,2016,54,Mild,152
53,2016,54,Severe,5
53,2016,55,Mild,121
53,2016,55,Severe,4
53,2016,56,Mild,133
53,2016,56,Severe,1
53,2016,57,Mild,133
53,2016,57,Severe,6
53,2016,58,Mild,136
53,2016,58,Severe,4
53,2016,59,Mild,100
53,2016,59,Severe,3
53,2016,60,Mild,109
53,2016,60,Severe,6
53,2016,61,Mild,104
53,2016,61,Severe,3
53,2016,62,Mild,103
53,2016,62,Severe,3
53,2016,63,Mild,105
53,2016,63,Severe,3
53,2016,64,Mild,73
53,2016,64,Severe,4
53,2016,65,Mild,70
53,2016,65,Severe,4
53,2016,66,Mild,83
53,2016,66,Severe,1
53,2016,67,Mild,62
53,2016,67,Severe,1
53,2016,68,Mild,47
53,2016,68,Severe,1
53,2016,69,Mild,57
53,2016,69,Severe,2
53,2016,70,Mild,49
53,2016,70,Severe,4
53,2016,71,Mild,40
53,2016,71,Severe,1
53,2016,72,Mild,27
53,2016,72,Severe,1
53,2016,73,Mild,44
53,2016,73,Severe,3
53,2016,74,Mild,35
53,2016,74,Severe,2
53,2016,75,Mild,47
53,2016,75,Severe,2
53,2016,76,Mild,26
53,2016,76,Severe,1
53,2016,77,Mild,24
53,2016,77,Severe,1
53,2016,78,Mild,19
53,2016,78,Severe,3
53,2016,79,Mild,26
53,2016,79,Severe,1
53,2016,80,Mild,19
53,2016,80,Severe,2
53,2016,81,Mild,7
53,2016,82,Mild,11
53,2016,83,Mild,13
53,2016,83,Severe,1
53,2016,84,Mild,12
53,2016,84,Severe,1
53,2016,85,Mild,9
53,2016,85,Severe,1
53,2016,86,Mild,5
53,2016,86,Severe,1
53,2016,87,Mild,3
53,2016,88,Mild,3
53,2016,88,Severe,1
53,2016,89,Mild,7
53,2016,89,Severe,1
53,2016,90,Mild,5
53,2016,91,Mild,1
53,2016,91,Severe,1
53,2016,92,Mild,3
53,2016,93,Mild,1
53,2016,93,Severe,1
53,2016,94,Mild,1
53,2016,95,Mild,1
53,2016,99,Mild,1
53,2016,101,Mild,1
53,2017,0,Mild,56
53,2017,0,Severe,2
53,2017,2,Mild,35
53,2017,2,Severe,1
53,2017,3,Mild,36
53,2017,3,Severe,1
53,2017,4,Mild,36
53,2017,5,Mild,30
53,2017,5,Severe,2
53,2017,6,Mild,36
53,2017,6,Severe,2
53,2017,7,Mild,28
53,2017,7,Severe,2
53,2017,8,Mild,30
53,2017,8,Severe,1
53,2017,9,Mild,25
53,2017,9,Severe,2
53,2017,10,Mild,25
53,2017,10,Severe,1
53,2017,11,Mild,41
53,2017,12,Mild,55
53,2017,12,Severe,2
53,2017,13,Mild,40
53,2017,13,Severe,1
53,2017,14,Mild,26
53,2017,14,Severe,2
53,2017,15,Mild,29
53,2017,15,Severe,1
53,2017,16,Mild,39
53,2017,16,Severe,4
53,2017,17,Mild,50
53,2017,17,Severe,1
53,2017,18,Mild,42
53,2017,18,Severe,1
53,2017,19,Mild,54
53,2017,19,Severe,1
53,2017,20,Mild,48
53,2017,20,Severe,1
53,2017,21,Mild,40
53,2017,21,Severe,1
53,2017,22,Mild,48
53,2017,22,Severe,3
53,2017,23,Mild,36
53,2017,24,Mild,54
53,2017,24,Severe,2
53,2017,25,Mild,45
53,2017,25,Severe,1
53,2017,26,Mild,38
53,2017,27,Mild,48
53,2017,28,Mild,41
53,2017,28,Severe,1
53,2017,29,Mild,39
53,2017,29,Severe,4
53,2017,30,Mild,47
53,2017,30,Severe,2
53,2017,31,Mild,53
53,2017,31,Severe,1
53,2017,32,Mild,50
53,2017,32,Severe,2
53,2017,33,Mild,34
53,2017,34,Mild,49
53,2017,34,Severe,1
53,2017,35,Mild,48
53,2017,36,Mild,43
53,2017,36,Severe,1
53,2017,37,Mild,53
53,2017,38,Mild,46
53,2017,38,Severe,1
53,2017,39,Mild,42
53,2017,39,Severe,2
53,2017,40,Mild,50
53,2017,40,Severe,5
53,2017,41,Mild,58
53,2017,41,Severe,1
53,2017,42,Mild,47
53,2017,42,Severe,3
53,2017,43,Mild,43
53,2017,44,Mild,59
53,2017,44,Severe,2
53,2017,45,Mild,38
53,2017,45,Severe,3
53,2017,46,Mild,41
53,2017,46,Severe,2
53,2017,47,Mild,38
53,2017,47,Severe,3
53,2017,48,Mild,29
53,2017,48,Severe,1
53,2017,49,Mild,32
53,2017,49,Severe,5
53,2017,50,Mild,29
53,2017,50,Severe,3
53,2017,51,Mild,44
53,2017,51,Severe,1
53,2017,52,Mild,36
53,2017,53,Mild,30
53,2017,53,Severe,2
53,2017,54,Mild,23
53,2017,54,Severe,2
53,2017,55,Mild,25
53,2017,56,Mild,21
53,2017,57,Mild,19
53,2017,57,Severe,2
53,2017,58,Mild,26
53,2017,59,Mild,22
53,2017,60,Mild,18
53,2017,60,Severe,3
53,2017,61,Mild,16
53,2017,61,Severe,3
53,2017,62,Mild,14
53,2017,63,Mild,12
53,2017,63,Severe,2
53,2017,64,Mild,22
53,2017,64,Severe,1
53,2017,65,Mild,9
53,2017,65,Severe,3
53,2017,66,Mild,13
53,2017,66,Severe,1
53,2017,67,Mild,10
53,2017,68,Mild,5
53,2017,68,Severe,3
53,2017,69,Mild,9
53,2017,69,Severe,1
53,2017,70,Mild,7
53,2017,71,Mild,7
53,2017,72,Mild,4
53,2017,72,Severe,1
53,2017,73,Mild,6
53,2017,74,Mild,5
53,2017,75,Mild,6
53,2017,76,Mild,5
53,2017,76,Severe,1
53,2017,78,Mild,2
53,2017,79,Mild,4
53,2017,79,Severe,1
53,2017,80,Mild,2
53,2017,80,Severe,1
53,2017,81,Mild,1
53,2017,82,Severe,1
53,2017,83,Mild,3
53,2017,84,Mild,3
53,2017,84,Severe,1
53,2017,86,Mild,2
53,2017,88,Mild,1
53,2018,0,Mild,27
53,2018,2,Mild,12
53,2018,3,Mild,12
53,2018,4,Mild,11
53,2018,5,Mild,13
53,2018,6,Mild,28
53,2018,7,Mild,8
53,2018,7,Severe,1
53,2018,8,Mild,13
53,2018,8,Severe,1
53,2018,9,Mild,17
53,2018,10,Mild,16
53,2018,11,Mild,21
53,2018,11,Severe,1
53,2018,12,Mild,18
53,2018,13,Mild,18
53,2018,13,Severe,1
53,2018,14,Mild,20
53,2018,15,Mild,19
53,2018,16,Mild,21
53,2018,17,Mild,22
53,2018,18,Mild,33
53,2018,19,Mild,26
53,2018,20,Mild,23
53,2018,21,Mild,30
53,2018,21,Severe,2
53,2018,22,Mild,33
53,2018,23,Mild,32
53,2018,24,Mild,28
53,2018,25,Mild,28
53,2018,26,Mild,30
53,2018,26,Severe,1
53,2018,27,Mild,25
53,2018,28,Mild,31
53,2018,29,Mild,30
53,2018,30,Mild,30
53,2018,30,Severe,2
53,2018,31,Mild,26
53,2018,31,Severe,1
53,2018,32,Mild,26
53,2018,33,Mild,16
53,2018,34,Mild,24
53,2018,34,Severe,1
53,2018,35,Mild,34
53,2018,35,Severe,1
53,2018,36,Mild,19
53,2018,36,Severe,2
53,2018,37,Mild,22
53,2018,37,Severe,1
53,2018,38,Mild,28
53,2018,39,Mild,16
53,2018,39,Severe,2
53,2018,40,Mild,24
53,2018,41,Mild,22
53,2018,41,Severe,1
53,2018,42,Mild,30
53,2018,43,Mild,16
53,2018,43,Severe,2
53,2018,44,Mild,24
53,2018,44,Severe,1
53,2018,45,Mild,17
53,2018,46,Mild,11
53,2018,47,Mild,11
53,2018,47,Severe,1
53,2018,48,Mild,16
53,2018,49,Mild,11
53,2018,50,Mild,16
53,2018,51,Mild,21
53,2018,52,Mild,14
53,2018,53,Mild,16
53,2018,54,Mild,17
53,2018,55,Mild,14
53,2018,56,Mild,12
53,2018,56,Severe,1
53,2018,57,Mild,9
53,2018,58,Mild,11
53,2018,58,Severe,2
53,2018,59,Mild,8
53,2018,60,Mild,14
53,2018,61,Mild,10
53,2018,61,Severe,1
53,2018,62,Mild,6
53,2018,62,Severe,1
53,2018,63,Mild,6
53,2018,63,Severe,1
53,2018,64,Mild,2
53,2018,65,Mild,5
53,2018,66,Mild,4
53,2018,67,Mild,6
53,2018,68,Mild,8
53,2018,68,Severe,1
53,2018,69,Mild,2
53,2018,70,Mild,4
53,2018,71,Mild,2
53,2018,72,Mild,2
53,2018,73,Mild,5
53,2018,74,Mild,2
53,2018,74,Severe,1
53,2018,75,Mild,1
53,2018,76,Mild,2
53,2018,77,Mild,4
53,2018,78,Mild,2
53,2018,79,Mild,7
53,2018,80,Mild,1
53,2018,81,Mild,1
53,2018,82,Mild,1
53,2018,85,Mild,1
53,2018,86,Mild,1
53,2018,87,Mild,1
53,2018,88,Mild,1
53,2018,95,Mild,1
53,2019,0,Mild,153
53,2019,0,Severe,3
53,2019,2,Mild,155
53,2019,2,Severe,5
53,2019,3,Mild,184
53,2019,3,Severe,6
53,2019,4,Mild,186
53,2019,4,Severe,8
53,2019,5,Mild,213
53,2019,5,Severe,10
53,2019,6,Mild,241
53,2019,6,Severe,11
53,2019,7,Mild,272
53,2019,7,Severe,13
53,2019,8,Mild,257
53,2019,8,Severe,14
53,2019,9,Mild,295
53,2019,9,Severe,9
53,2019,10,Mild,335
53,2019,10,Severe,12
53,2019,11,Mild,360
53,2019,11,Severe,12
53,2019,12,Mild,416
53,2019,12,Severe,5
53,2019,13,Mild,485
53,2019,13,Severe,12
53,2019,14,Mild,454
53,2019,14,Severe,12
53,2019,15,Mild,437
53,2019,15,Severe,13
53,2019,16,Mild,460
53,2019,16,Severe,7
53,2019,17,Mild,510
53,2019,17,Severe,19
53,2019,18,Mild,559
53,2019,18,Severe,13
53,2019,19,Mild,602
53,2019,19,Severe,19
53,2019,20,Mild,545
53,2019,20,Severe,11
53,2019,21,Mild,557
53,2019,21,Severe,20
53,2019,22,Mild,569
53,2019,22,Severe,16
53,2019,23,Mild,495
53,2019,23,Severe,18
53,2019,24,Mild,545
53,2019,24,Severe,10
53,2019,25,Mild,556
53,2019,25,Severe,15
53,2019,26,Mild,529
53,2019,26,Severe,23
53,2019,27,Mild,541
53,2019,27,Severe,19
53,2019,28,Mild,522
53,2019,28,Severe,15
53,2019,29,Mild,494
53,2019,29,Severe,21
53,2019,30,Mild,526
53,2019,30,Severe,5
53,2019,31,Mild,561
53,2019,31,Severe,21
53,2019,32,Mild,493
53,2019,32,Severe,15
53,2019,33,Mild,481
53,2019,33,Severe,15
53,2019,34,Mild,494
53,2019,34,Severe,9
53,2019,35,Mild,490
53,2019,35,Severe,14
53,2019,36,Mild,561
53,2019,36,Severe,10
53,2019,37,Mild,521
53,2019,37,Severe,21
53,2019,38,Mild,492
53,2019,38,Severe,14
53,2019,39,Mild,541
53,2019,39,Severe,15
53,2019,40,Mild,527
53,2019,40,Severe,18
53,2019,41,Mild,489
53,2019,41,Severe,19
53,2019,42,Mild,470
53,2019,42,Severe,14
53,2019,43,Mild,462
53,2019,43,Severe,15
53,2019,44,Mild,425
53,2019,44,Severe,20
53,2019,45,Mild,405
53,2019,45,Severe,20
53,2019,46,Mild,391
53,2019,46,Severe,13
53,2019,47,Mild,417
53,2019,47,Severe,15
53,2019,48,Mild,365
53,2019,48,Severe,14
53,2019,49,Mild,408
53,2019,49,Severe,7
53,2019,50,Mild,373
53,2019,50,Severe,19
53,2019,51,Mild,319
53,2019,51,Severe,13
53,2019,52,Mild,306
53,2019,52,Severe,16
53,2019,53,Mild,316
53,2019,53,Severe,15
53,2019,54,Mild,297
53,2019,54,Severe,9
53,2019,55,Mild,306
53,2019,55,Severe,10
53,2019,56,Mild,254
53,2019,56,Severe,13
53,2019,57,Mild,245
53,2019,57,Severe,8
53,2019,58,Mild,242
53,2019,58,Severe,11
53,2019,59,Mild,230
53,2019,59,Severe,15
53,2019,60,Mild,216
53,2019,60,Severe,16
53,2019,61,Mild,202
53,2019,61,Severe,15
53,2019,62,Mild,197
53,2019,62,Severe,6
53,2019,63,Mild,192
53,2019,63,Severe,13
53,2019,64,Mild,157
53,2019,64,Severe,10
53,2019,65,Mild,128
53,2019,65,Severe,4
53,2019,66,Mild,145
53,2019,66,Severe,9
53,2019,67,Mild,105
53,2019,67,Severe,6
53,2019,68,Mild,95
53,2019,68,Severe,8
53,2019,69,Mild,114
53,2019,69,Severe,4
53,2019,70,Mild,94
53,2019,70,Severe,6
53,2019,71,Mild,84
53,2019,71,Severe,9
53,2019,72,Mild,51
53,2019,72,Severe,4
53,2019,73,Mild,55
53,2019,73,Severe,7
53,2019,74,Mild,60
53,2019,74,Severe,4
53,2019,75,Mild,57
53,2019,75,Severe,5
53,2019,76,Mild,35
53,2019,77,Mild,43
53,2019,77,Severe,5
53,2019,78,Mild,40
53,2019,79,Mild,46
53,2019,79,Severe,6
53,2019,80,Mild,35
53,2019,80,Severe,3
53,2019,81,Mild,31
53,2019,82,Mild,31
53,2019,82,Severe,4
53,2019,83,Mild,20
53,2019,83,Severe,2
53,2019,84,Mild,16
53,2019,84,Severe,1
53,2019,85,Mild,7
53,2019,85,Severe,1
53,2019,86,Mild,7
53,2019,86,Severe,4
53,2019,87,Mild,12
53,2019,87,Severe,4
53,2019,88,Mild,9
53,2019,88,Severe,4
53,2019,89,Mild,9
53,2019,89,Severe,3
53,2019,90,Mild,3
53,2019,91,Mild,4
53,2019,91,Severe,2
53,2019,92,Mild,3
53,2019,93,Mild,3
53,2019,93,Severe,2
53,2019,94,Mild,3
53,2019,94,Severe,4
53,2019,95,Mild,2
53,2019,98,Severe,2
53,2019,99,Mild,3
53,2020,0,Mild,208
53,2020,0,Severe,6
53,2020,1,Mild,1
53,2020,2,Mild,201
53,2020,2,Severe,9
53,2020,3,Mild,182
53,2020,3,Severe,8
53,2020,4,Mild,209
53,2020,4,Severe,9
53,2020,5,Mild,242
53,2020,5,Severe,10
53,2020,6,Mild,235
53,2020,6,Severe,10
53,2020,7,Mild,274
53,2020,7,Severe,16
53,2020,8,Mild,269
53,2020,8,Severe,12
53,2020,9,Mild,294
53,2020,9,Severe,18
53,2020,10,Mild,334
53,2020,10,Severe,13
53,2020,11,Mild,348
53,2020,11,Severe,9
53,2020,12,Mild,380
53,2020,12,Severe,16
53,2020,13,Mild,425
53,2020,13,Severe,12
53,2020,14,Mild,472
53,2020,14,Severe,4
53,2020,15,Mild,464
53,2020,15,Severe,8
53,2020,16,Mild,489
53,2020,16,Severe,10
53,2020,17,Mild,533
53,2020,17,Severe,9
53,2020,18,Mild,630
53,2020,18,Severe,10
53,2020,19,Mild,678
53,2020,19,Severe,13
53,2020,20,Mild,788
53,2020,20,Severe,6
53,2020,21,Mild,789
53,2020,21,Severe,19
53,2020,22,Mild,833
53,2020,22,Severe,18
53,2020,23,Mild,854
53,2020,23,Severe,11
53,2020,24,Mild,765
53,2020,24,Severe,15
53,2020,25,Mild,866
53,2020,25,Severe,14
53,2020,26,Mild,885
53,2020,26,Severe,12
53,2020,27,Mild,836
53,2020,27,Severe,10
53,2020,28,Mild,773
53,2020,28,Severe,9
53,2020,29,Mild,710
53,2020,29,Severe,9
53,2020,30,Mild,772
53,2020,30,Severe,9
53,2020,31,Mild,790
53,2020,31,Severe,9
53,2020,32,Mild,804
53,2020,32,Severe,8
53,2020,33,Mild,794
53,2020,33,Severe,19
53,2020,34,Mild,803
53,2020,34,Severe,11
53,2020,35,Mild,752
53,2020,35,Severe,10
53,2020,36,Mild,758
53,2020,36,Severe,13
53,2020,37,Mild,847
53,2020,37,Severe,17
53,2020,38,Mild,851
53,2020,38,Severe,14
53,2020,39,Mild,832
53,2020,39,Severe,8
53,2020,40,Mild,796
53,2020,40,Severe,14
53,2020,41,Mild,816
53,2020,41,Severe,12
53,2020,42,Mild,754
53,2020,42,Severe,12
53,2020,43,Mild,766
53,2020,43,Severe,14
53,2020,44,Mild,764
53,2020,44,Severe,13
53,2020,45,Mild,716
53,2020,45,Severe,9
53,2020,46,Mild,656
53,2020,46,Severe,14
53,2020,47,Mild,713
53,2020,47,Severe,18
53,2020,48,Mild,590
53,2020,48,Severe,7
53,2020,49,Mild,637
53,2020,49,Severe,10
53,2020,50,Mild,574
53,2020,50,Severe,16
53,2020,51,Mild,577
53,2020,51,Severe,4
53,2020,52,Mild,565
53,2020,52,Severe,9
53,2020,53,Mild,576
53,2020,53,Severe,12
53,2020,54,Mild,514
53,2020,54,Severe,8
53,2020,55,Mild,538
53,2020,55,Severe,12
53,2020,56,Mild,489
53,2020,56,Severe,11
53,2020,57,Mild,431
53,2020,57,Severe,10
53,2020,58,Mild,402
53,2020,58,Severe,16
53,2020,59,Mild,335
53,2020,59,Severe,6
53,2020,60,Mild,331
53,2020,60,Severe,16
53,2020,61,Mild,320
53,2020,61,Severe,11
53,2020,62,Mild,316
53,2020,62,Severe,10
53,2020,63,Mild,272
53,2020,63,Severe,9
53,2020,64,Mild,257
53,2020,64,Severe,3
53,2020,65,Mild,247
53,2020,65,Severe,14
53,2020,66,Mild,221
53,2020,66,Severe,8
53,2020,67,Mild,228
53,2020,67,Severe,7
53,2020,68,Mild,186
53,2020,68,Severe,3
53,2020,69,Mild,155
53,2020,69,Severe,5
53,2020,70,Mild,169
53,2020,70,Severe,4
53,2020,71,Mild,142
53,2020,71,Severe,8
53,2020,72,Mild,127
53,2020,72,Severe,4
53,2020,73,Mild,129
53,2020,73,Severe,7
53,2020,74,Mild,102
53,2020,74,Severe,1
53,2020,75,Mild,108
53,2020,75,Severe,1
53,2020,76,Mild,100
53,2020,76,Severe,1
53,2020,77,Mild,85
53,2020,77,Severe,1
53,2020,78,Mild,76
53,2020,78,Severe,4
53,2020,79,Mild,82
53,2020,79,Severe,8
53,2020,80,Mild,82
53,2020,80,Severe,4
53,2020,81,Mild,54
53,2020,81,Severe,2
53,2020,82,Mild,64
53,2020,82,Severe,3
53,2020,83,Mild,38
53,2020,83,Severe,2
53,2020,84,Mild,27
53,2020,84,Severe,2
53,2020,85,Mild,33
53,2020,85,Severe,1
53,2020,86,Mild,20
53,2020,86,Severe,1
53,2020,87,Mild,24
53,2020,87,Severe,3
53,2020,88,Mild,22
53,2020,88,Severe,1
53,2020,89,Mild,20
53,2020,89,Severe,2
53,2020,90,Mild,17
53,2020,90,Severe,1
53,2020,91,Mild,15
53,2020,91,Severe,1
53,2020,92,Mild,9
53,2020,92,Severe,2
53,2020,93,Mild,5
53,2020,93,Severe,1
53,2020,94,Mild,3
53,2020,95,Mild,4
53,2020,96,Mild,4
53,2020,96,Severe,1
53,2020,97,Mild,3
53,2020,98,Mild,1
53,2020,99,Mild,1
53,2020,100,Mild,1
53,2020,101,Mild,1
53,2020,102,Mild,1
53,2020,103,Mild,1
53,2020,109,Mild,1
