variable,2.5%,25%,50%,75%,97.5%,rhat,ess_bulk,ess_tail,year,iType
"lambda_tk[1,1]",5.382268499999998e-5,0.0049875625,0.01667695,0.027928275,0.03730748749999999,1.00151774247361,4933.198222745659,4938.314538592885,1901,1
"lambda_tk[2,1]",5.382268499999998e-5,0.0049875625,0.01667695,0.027928275,0.03730748749999999,1.00151774247361,4933.198222745659,4938.314538592885,1902,1
"lambda_tk[3,1]",5.382268499999998e-5,0.0049875625,0.01667695,0.027928275,0.03730748749999999,1.00151774247361,4933.198222745659,4938.314538592885,1903,1
"lambda_tk[4,1]",5.382268499999998e-5,0.0049875625,0.01667695,0.027928275,0.03730748749999999,1.00151774247361,4933.198222745659,4938.314538592885,1904,1
"lambda_tk[5,1]",5.382268499999998e-5,0.0049875625,0.01667695,0.027928275,0.03730748749999999,1.00151774247361,4933.198222745659,4938.314538592885,1905,1
"lambda_tk[6,1]",5.382268499999998e-5,0.0049875625,0.01667695,0.027928275,0.03730748749999999,1.00151774247361,4933.198222745659,4938.314538592885,1906,1
"lambda_tk[7,1]",5.382268499999998e-5,0.0049875625,0.01667695,0.027928275,0.03730748749999999,1.00151774247361,4933.198222745659,4938.314538592885,1907,1
"lambda_tk[8,1]",5.382268499999998e-5,0.0049875625,0.01667695,0.027928275,0.03730748749999999,1.00151774247361,4933.198222745659,4938.314538592885,1908,1
"lambda_tk[9,1]",5.382268499999998e-5,0.0049875625,0.01667695,0.027928275,0.03730748749999999,1.00151774247361,4933.198222745659,4938.314538592885,1909,1
"lambda_tk[10,1]",5.382268499999998e-5,0.0049875625,0.01667695,0.027928275,0.03730748749999999,1.00151774247361,4933.198222745659,4938.314538592885,1910,1
"lambda_tk[11,1]",3.1479905e-5,0.003019705,0.01178755,0.025066025,0.0361924125,0.9993638921255452,5240.926853389133,5366.063792514347,1911,1
"lambda_tk[12,1]",3.1479905e-5,0.003019705,0.01178755,0.025066025,0.0361924125,0.9993638921255452,5240.926853389133,5366.063792514347,1912,1
"lambda_tk[13,1]",3.1479905e-5,0.003019705,0.01178755,0.025066025,0.0361924125,0.9993638921255452,5240.926853389133,5366.063792514347,1913,1
"lambda_tk[14,1]",3.1479905e-5,0.003019705,0.01178755,0.025066025,0.0361924125,0.9993638921255452,5240.926853389133,5366.063792514347,1914,1
"lambda_tk[15,1]",3.1479905e-5,0.003019705,0.01178755,0.025066025,0.0361924125,0.9993638921255452,5240.926853389133,5366.063792514347,1915,1
"lambda_tk[16,1]",3.1479905e-5,0.003019705,0.01178755,0.025066025,0.0361924125,0.9993638921255452,5240.926853389133,5366.063792514347,1916,1
"lambda_tk[17,1]",3.1479905e-5,0.003019705,0.01178755,0.025066025,0.0361924125,0.9993638921255452,5240.926853389133,5366.063792514347,1917,1
"lambda_tk[18,1]",3.1479905e-5,0.003019705,0.01178755,0.025066025,0.0361924125,0.9993638921255452,5240.926853389133,5366.063792514347,1918,1
"lambda_tk[19,1]",3.1479905e-5,0.003019705,0.01178755,0.025066025,0.0361924125,0.9993638921255452,5240.926853389133,5366.063792514347,1919,1
"lambda_tk[20,1]",3.1479905e-5,0.003019705,0.01178755,0.025066025,0.0361924125,0.9993638921255452,5240.926853389133,5366.063792514347,1920,1
"lambda_tk[21,1]",7.5950762499999995e-6,8.677685e-4,0.003899165,0.012315225,0.03290868,1.0015683082599358,3837.5116518719656,4969.173763483589,1921,1
"lambda_tk[22,1]",7.5950762499999995e-6,8.677685e-4,0.003899165,0.012315225,0.03290868,1.0015683082599358,3837.5116518719656,4969.173763483589,1922,1
"lambda_tk[23,1]",7.5950762499999995e-6,8.677685e-4,0.003899165,0.012315225,0.03290868,1.0015683082599358,3837.5116518719656,4969.173763483589,1923,1
"lambda_tk[24,1]",7.5950762499999995e-6,8.677685e-4,0.003899165,0.012315225,0.03290868,1.0015683082599358,3837.5116518719656,4969.173763483589,1924,1
"lambda_tk[25,1]",7.5950762499999995e-6,8.677685e-4,0.003899165,0.012315225,0.03290868,1.0015683082599358,3837.5116518719656,4969.173763483589,1925,1
"lambda_tk[26,1]",7.5950762499999995e-6,8.677685e-4,0.003899165,0.012315225,0.03290868,1.0015683082599358,3837.5116518719656,4969.173763483589,1926,1
"lambda_tk[27,1]",7.5950762499999995e-6,8.677685e-4,0.003899165,0.012315225,0.03290868,1.0015683082599358,3837.5116518719656,4969.173763483589,1927,1
"lambda_tk[28,1]",7.5950762499999995e-6,8.677685e-4,0.003899165,0.012315225,0.03290868,1.0015683082599358,3837.5116518719656,4969.173763483589,1928,1
"lambda_tk[29,1]",7.5950762499999995e-6,8.677685e-4,0.003899165,0.012315225,0.03290868,1.0015683082599358,3837.5116518719656,4969.173763483589,1929,1
"lambda_tk[30,1]",7.5950762499999995e-6,8.677685e-4,0.003899165,0.012315225,0.03290868,1.0015683082599358,3837.5116518719656,4969.173763483589,1930,1
"lambda_tk[31,1]",1.77871225e-5,0.001851555,0.008017465,0.020013275,0.03493667999999997,1.0005067770046518,5276.3829917975645,5237.35306423521,1931,1
"lambda_tk[32,1]",1.77871225e-5,0.001851555,0.008017465,0.020013275,0.03493667999999997,1.0005067770046518,5276.3829917975645,5237.35306423521,1932,1
"lambda_tk[33,1]",1.77871225e-5,0.001851555,0.008017465,0.020013275,0.03493667999999997,1.0005067770046518,5276.3829917975645,5237.35306423521,1933,1
"lambda_tk[34,1]",1.77871225e-5,0.001851555,0.008017465,0.020013275,0.03493667999999997,1.0005067770046518,5276.3829917975645,5237.35306423521,1934,1
"lambda_tk[35,1]",1.77871225e-5,0.001851555,0.008017465,0.020013275,0.03493667999999997,1.0005067770046518,5276.3829917975645,5237.35306423521,1935,1
"lambda_tk[36,1]",1.77871225e-5,0.001851555,0.008017465,0.020013275,0.03493667999999997,1.0005067770046518,5276.3829917975645,5237.35306423521,1936,1
"lambda_tk[37,1]",1.77871225e-5,0.001851555,0.008017465,0.020013275,0.03493667999999997,1.0005067770046518,5276.3829917975645,5237.35306423521,1937,1
"lambda_tk[38,1]",1.77871225e-5,0.001851555,0.008017465,0.020013275,0.03493667999999997,1.0005067770046518,5276.3829917975645,5237.35306423521,1938,1
"lambda_tk[39,1]",1.77871225e-5,0.001851555,0.008017465,0.020013275,0.03493667999999997,1.0005067770046518,5276.3829917975645,5237.35306423521,1939,1
"lambda_tk[40,1]",1.77871225e-5,0.001851555,0.008017465,0.020013275,0.03493667999999997,1.0005067770046518,5276.3829917975645,5237.35306423521,1940,1
"lambda_tk[41,1]",1.362065e-5,0.0017285475000000002,0.008334385,0.023823524999999998,0.03696735499999999,1.0068977423505663,1979.9065681405189,4452.537916820366,1941,1
"lambda_tk[42,1]",1.362065e-5,0.0017285475000000002,0.008334385,0.023823524999999998,0.03696735499999999,1.0068977423505663,1979.9065681405189,4452.537916820366,1942,1
"lambda_tk[43,1]",1.362065e-5,0.0017285475000000002,0.008334385,0.023823524999999998,0.03696735499999999,1.0068977423505663,1979.9065681405189,4452.537916820366,1943,1
"lambda_tk[44,1]",1.362065e-5,0.0017285475000000002,0.008334385,0.023823524999999998,0.03696735499999999,1.0068977423505663,1979.9065681405189,4452.537916820366,1944,1
"lambda_tk[45,1]",1.362065e-5,0.0017285475000000002,0.008334385,0.023823524999999998,0.03696735499999999,1.0068977423505663,1979.9065681405189,4452.537916820366,1945,1
"lambda_tk[46,1]",1.362065e-5,0.0017285475000000002,0.008334385,0.023823524999999998,0.03696735499999999,1.0068977423505663,1979.9065681405189,4452.537916820366,1946,1
"lambda_tk[47,1]",1.362065e-5,0.0017285475000000002,0.008334385,0.023823524999999998,0.03696735499999999,1.0068977423505663,1979.9065681405189,4452.537916820366,1947,1
"lambda_tk[48,1]",1.362065e-5,0.0017285475000000002,0.008334385,0.023823524999999998,0.03696735499999999,1.0068977423505663,1979.9065681405189,4452.537916820366,1948,1
"lambda_tk[49,1]",1.362065e-5,0.0017285475000000002,0.008334385,0.023823524999999998,0.03696735499999999,1.0068977423505663,1979.9065681405189,4452.537916820366,1949,1
"lambda_tk[50,1]",1.362065e-5,0.0017285475000000002,0.008334385,0.023823524999999998,0.03696735499999999,1.0068977423505663,1979.9065681405189,4452.537916820366,1950,1
"lambda_tk[51,1]",1.42305125e-5,0.001442395,0.007207025,0.022715149999999996,0.035683239999999984,1.0150395179527796,1052.3788618160058,3970.8907500143264,1951,1
"lambda_tk[52,1]",1.42305125e-5,0.001442395,0.007207025,0.022715149999999996,0.035683239999999984,1.0150395179527796,1052.3788618160058,3970.8907500143264,1952,1
"lambda_tk[53,1]",1.42305125e-5,0.001442395,0.007207025,0.022715149999999996,0.035683239999999984,1.0150395179527796,1052.3788618160058,3970.8907500143264,1953,1
"lambda_tk[54,1]",1.42305125e-5,0.001442395,0.007207025,0.022715149999999996,0.035683239999999984,1.0150395179527796,1052.3788618160058,3970.8907500143264,1954,1
"lambda_tk[55,1]",1.42305125e-5,0.001442395,0.007207025,0.022715149999999996,0.035683239999999984,1.0150395179527796,1052.3788618160058,3970.8907500143264,1955,1
"lambda_tk[56,1]",1.42305125e-5,0.001442395,0.007207025,0.022715149999999996,0.035683239999999984,1.0150395179527796,1052.3788618160058,3970.8907500143264,1956,1
"lambda_tk[57,1]",1.42305125e-5,0.001442395,0.007207025,0.022715149999999996,0.035683239999999984,1.0150395179527796,1052.3788618160058,3970.8907500143264,1957,1
"lambda_tk[58,1]",1.42305125e-5,0.001442395,0.007207025,0.022715149999999996,0.035683239999999984,1.0150395179527796,1052.3788618160058,3970.8907500143264,1958,1
"lambda_tk[59,1]",1.42305125e-5,0.001442395,0.007207025,0.022715149999999996,0.035683239999999984,1.0150395179527796,1052.3788618160058,3970.8907500143264,1959,1
"lambda_tk[60,1]",1.42305125e-5,0.001442395,0.007207025,0.022715149999999996,0.035683239999999984,1.0150395179527796,1052.3788618160058,3970.8907500143264,1960,1
"lambda_tk[61,1]",5.782221499999999e-6,7.574845e-4,0.0042051250000000005,0.02028405,0.034832289999999995,1.0191280475671374,853.5933513867608,3541.1435617626785,1961,1
"lambda_tk[62,1]",5.782221499999999e-6,7.574845e-4,0.0042051250000000005,0.02028405,0.034832289999999995,1.0191280475671374,853.5933513867608,3541.1435617626785,1962,1
"lambda_tk[63,1]",5.782221499999999e-6,7.574845e-4,0.0042051250000000005,0.02028405,0.034832289999999995,1.0191280475671374,853.5933513867608,3541.1435617626785,1963,1
"lambda_tk[64,1]",5.782221499999999e-6,7.574845e-4,0.0042051250000000005,0.02028405,0.034832289999999995,1.0191280475671374,853.5933513867608,3541.1435617626785,1964,1
"lambda_tk[65,1]",5.782221499999999e-6,7.574845e-4,0.0042051250000000005,0.02028405,0.034832289999999995,1.0191280475671374,853.5933513867608,3541.1435617626785,1965,1
"lambda_tk[66,1]",5.782221499999999e-6,7.574845e-4,0.0042051250000000005,0.02028405,0.034832289999999995,1.0191280475671374,853.5933513867608,3541.1435617626785,1966,1
"lambda_tk[67,1]",5.782221499999999e-6,7.574845e-4,0.0042051250000000005,0.02028405,0.034832289999999995,1.0191280475671374,853.5933513867608,3541.1435617626785,1967,1
"lambda_tk[68,1]",5.782221499999999e-6,7.574845e-4,0.0042051250000000005,0.02028405,0.034832289999999995,1.0191280475671374,853.5933513867608,3541.1435617626785,1968,1
"lambda_tk[69,1]",5.782221499999999e-6,7.574845e-4,0.0042051250000000005,0.02028405,0.034832289999999995,1.0191280475671374,853.5933513867608,3541.1435617626785,1969,1
"lambda_tk[70,1]",5.782221499999999e-6,7.574845e-4,0.0042051250000000005,0.02028405,0.034832289999999995,1.0191280475671374,853.5933513867608,3541.1435617626785,1970,1
"lambda_tk[71,1]",9.858104999999998e-6,8.0433375e-4,0.005160095,0.027360375,0.037160114999999994,1.0192755815956405,801.0439636851698,3196.2241324250417,1971,1
"lambda_tk[72,1]",9.858104999999998e-6,8.0433375e-4,0.005160095,0.027360375,0.037160114999999994,1.0192755815956405,801.0439636851698,3196.2241324250417,1972,1
"lambda_tk[73,1]",9.858104999999998e-6,8.0433375e-4,0.005160095,0.027360375,0.037160114999999994,1.0192755815956405,801.0439636851698,3196.2241324250417,1973,1
"lambda_tk[74,1]",9.858104999999998e-6,8.0433375e-4,0.005160095,0.027360375,0.037160114999999994,1.0192755815956405,801.0439636851698,3196.2241324250417,1974,1
"lambda_tk[75,1]",9.858104999999998e-6,8.0433375e-4,0.005160095,0.027360375,0.037160114999999994,1.0192755815956405,801.0439636851698,3196.2241324250417,1975,1
"lambda_tk[76,1]",9.858104999999998e-6,8.0433375e-4,0.005160095,0.027360375,0.037160114999999994,1.0192755815956405,801.0439636851698,3196.2241324250417,1976,1
"lambda_tk[77,1]",9.858104999999998e-6,8.0433375e-4,0.005160095,0.027360375,0.037160114999999994,1.0192755815956405,801.0439636851698,3196.2241324250417,1977,1
"lambda_tk[78,1]",9.858104999999998e-6,8.0433375e-4,0.005160095,0.027360375,0.037160114999999994,1.0192755815956405,801.0439636851698,3196.2241324250417,1978,1
"lambda_tk[79,1]",9.858104999999998e-6,8.0433375e-4,0.005160095,0.027360375,0.037160114999999994,1.0192755815956405,801.0439636851698,3196.2241324250417,1979,1
"lambda_tk[80,1]",9.858104999999998e-6,8.0433375e-4,0.005160095,0.027360375,0.037160114999999994,1.0192755815956405,801.0439636851698,3196.2241324250417,1980,1
"lambda_tk[81,1]",5.2643714999999995e-6,7.008697499999999e-4,0.003172275,0.009678952499999999,0.03195050249999999,1.0269812682599972,292.23809035552483,113.39956150240312,1981,1
"lambda_tk[82,1]",5.2643714999999995e-6,7.008697499999999e-4,0.003172275,0.009678952499999999,0.03195050249999999,1.0269812682599972,292.23809035552483,113.39956150240312,1982,1
"lambda_tk[83,1]",5.2643714999999995e-6,7.008697499999999e-4,0.003172275,0.009678952499999999,0.03195050249999999,1.0269812682599972,292.23809035552483,113.39956150240312,1983,1
"lambda_tk[84,1]",5.2643714999999995e-6,7.008697499999999e-4,0.003172275,0.009678952499999999,0.03195050249999999,1.0269812682599972,292.23809035552483,113.39956150240312,1984,1
"lambda_tk[85,1]",1.6958707499999997e-6,2.6540225e-4,0.001208755,0.003704355,0.025534587499999987,1.0558836215805842,130.4302223870542,38.409109660485385,1985,1
"lambda_tk[86,1]",1.6958707499999997e-6,2.6540225e-4,0.001208755,0.003704355,0.025534587499999987,1.0558836215805842,130.4302223870542,38.409109660485385,1986,1
"lambda_tk[87,1]",1.6958707499999997e-6,2.6540225e-4,0.001208755,0.003704355,0.025534587499999987,1.0558836215805842,130.4302223870542,38.409109660485385,1987,1
"lambda_tk[88,1]",1.6958707499999997e-6,2.6540225e-4,0.001208755,0.003704355,0.025534587499999987,1.0558836215805842,130.4302223870542,38.409109660485385,1988,1
"lambda_tk[89,1]",1.6958707499999997e-6,2.6540225e-4,0.001208755,0.003704355,0.025534587499999987,1.0558836215805842,130.4302223870542,38.409109660485385,1989,1
"lambda_tk[90,1]",1.4751417499999997e-6,1.7118475e-4,7.638335e-4,0.0023087375,0.02303915249999971,1.0498139135004665,157.014695133188,38.43591412482078,1990,1
"lambda_tk[91,1]",1.4751417499999997e-6,1.7118475e-4,7.638335e-4,0.0023087375,0.02303915249999971,1.0498139135004665,157.014695133188,38.43591412482078,1991,1
"lambda_tk[92,1]",1.4751417499999997e-6,1.7118475e-4,7.638335e-4,0.0023087375,0.02303915249999971,1.0498139135004665,157.014695133188,38.43591412482078,1992,1
"lambda_tk[93,1]",1.4751417499999997e-6,1.7118475e-4,7.638335e-4,0.0023087375,0.02303915249999971,1.0498139135004665,157.014695133188,38.43591412482078,1993,1
"lambda_tk[94,1]",1.4751417499999997e-6,1.7118475e-4,7.638335e-4,0.0023087375,0.02303915249999971,1.0498139135004665,157.014695133188,38.43591412482078,1994,1
"lambda_tk[95,1]",4.974056999999999e-6,6.6960575e-4,0.003148265,0.009448685,0.031851689999999995,1.0137180856022756,786.221814159928,450.954206225483,1995,1
"lambda_tk[96,1]",8.380401999999999e-6,8.52545e-4,0.003627245,0.010824625000000001,0.03244454499999999,1.013983561436385,716.9069417063864,784.8134156828628,1996,1
"lambda_tk[97,1]",6.047067249999999e-6,7.110059999999999e-4,0.003219595,0.00962915,0.03126394999999999,1.0116748409872671,1330.7777861781474,551.281633336697,1997,1
"lambda_tk[98,1]",9.384471999999998e-6,0.0010293375000000001,0.004563625,0.0136598,0.033274015,1.0063567113592133,3603.0675112521153,3952.948754152343,1998,1
"lambda_tk[99,1]",9.977831749999998e-6,8.536592500000001e-4,0.00351032,0.010468599999999998,0.03171746249999999,1.0031647371259291,4069.811950540669,4344.838901392318,1999,1
"lambda_tk[100,1]",3.457273e-6,5.113925e-4,0.002775635,0.00973386,0.030565797499999985,1.0069308881754757,2247.668295906955,3416.454670803623,2000,1
"lambda_tk[101,1]",8.372736e-6,7.469705000000001e-4,0.00343324,0.012101174999999999,0.03306354749999999,1.0042672285122283,2381.922059202189,4661.668255761785,2001,1
"lambda_tk[102,1]",5.46281375e-6,6.5931075e-4,0.004244325,0.0247098,0.03644683749999999,1.0111930833187832,1404.1501466002073,4609.195742107235,2002,1
"lambda_tk[103,1]",6.55079575e-6,4.659905e-4,0.00233974,0.013865875,0.03149800999999997,1.009898235250171,1758.1306882198417,4520.768715378503,2003,1
"lambda_tk[104,1]",9.4533135e-6,9.45239e-4,0.006042555,0.027596075,0.03715391499999999,1.0129685364634275,1164.0637831460213,4712.335099678877,2004,1
"lambda_tk[105,1]",8.502166749999999e-6,8.203782500000001e-4,0.00344864,0.010555725,0.02686955249999999,1.0081786169902904,2157.7084091346683,4678.1570317076175,2005,1
"lambda_tk[106,1]",2.6653057499999998e-5,0.00217195,0.007836284999999998,0.01803665,0.03240138,1.0065299829340302,2697.8757882678215,5006.669123037098,2006,1
"lambda_tk[107,1]",0.00161253825,0.022318025000000002,0.02850055,0.032280825,0.03886587749999999,1.0240675183608068,369.5081365313042,223.8844474413454,2007,1
"lambda_tk[108,1]",7.54669725e-6,8.0129e-4,0.003243005,0.0085814525,0.03219065499999999,1.0420097896828606,211.96215114794524,64.21593756093951,2008,1
"lambda_tk[109,1]",7.656053499999995e-6,6.3588925e-4,0.0022905549999999997,0.00462855,0.01332137999999998,1.0016439140671014,5395.608598298936,5312.351440313476,2009,1
"lambda_tk[110,1]",1.25006675e-6,9.3531075e-5,4.38685e-4,0.0013641325,0.02500703999999986,1.0562194657971151,140.57560872668282,38.538760844350755,2010,1
"lambda_tk[111,1]",1.0084447499999999e-6,1.0013965e-4,3.80445e-4,8.844752499999999e-4,0.002796784499999997,1.0383870703225955,200.66693427335622,69.27660666401479,2011,1
"lambda_tk[112,1]",1.0624522499999998e-5,0.00126114,0.007721199999999999,0.0282088,0.037514305000000005,1.0062510349901566,1378.8142119901104,3944.371699762422,2012,1
"lambda_tk[113,1]",6.661521e-6,5.5061075e-4,0.00210821,0.00493236,0.013934999999999994,1.022762811930217,395.82515937847467,319.57488998150137,2013,1
"lambda_tk[114,1]",1.07620525e-5,0.001056795,0.006319205,0.02099225,0.035677957499999996,1.007868527578205,1507.8110182143312,3883.3982489215005,2014,1
"lambda_tk[1,2]",5.505424e-5,0.005023405,0.016690049999999998,0.02764,0.03753281999999999,1.000929897301146,5403.168102795952,5390.858792911785,1901,2
"lambda_tk[2,2]",5.505424e-5,0.005023405,0.016690049999999998,0.02764,0.03753281999999999,1.000929897301146,5403.168102795952,5390.858792911785,1902,2
"lambda_tk[3,2]",5.505424e-5,0.005023405,0.016690049999999998,0.02764,0.03753281999999999,1.000929897301146,5403.168102795952,5390.858792911785,1903,2
"lambda_tk[4,2]",5.505424e-5,0.005023405,0.016690049999999998,0.02764,0.03753281999999999,1.000929897301146,5403.168102795952,5390.858792911785,1904,2
"lambda_tk[5,2]",5.505424e-5,0.005023405,0.016690049999999998,0.02764,0.03753281999999999,1.000929897301146,5403.168102795952,5390.858792911785,1905,2
"lambda_tk[6,2]",5.505424e-5,0.005023405,0.016690049999999998,0.02764,0.03753281999999999,1.000929897301146,5403.168102795952,5390.858792911785,1906,2
"lambda_tk[7,2]",5.505424e-5,0.005023405,0.016690049999999998,0.02764,0.03753281999999999,1.000929897301146,5403.168102795952,5390.858792911785,1907,2
"lambda_tk[8,2]",5.505424e-5,0.005023405,0.016690049999999998,0.02764,0.03753281999999999,1.000929897301146,5403.168102795952,5390.858792911785,1908,2
"lambda_tk[9,2]",5.505424e-5,0.005023405,0.016690049999999998,0.02764,0.03753281999999999,1.000929897301146,5403.168102795952,5390.858792911785,1909,2
"lambda_tk[10,2]",5.505424e-5,0.005023405,0.016690049999999998,0.02764,0.03753281999999999,1.000929897301146,5403.168102795952,5390.858792911785,1910,2
"lambda_tk[11,2]",2.474555e-5,0.00268819,0.011276350000000001,0.02463545,0.0362308275,0.9996521453042124,5301.977698431341,5322.762471754881,1911,2
"lambda_tk[12,2]",2.474555e-5,0.00268819,0.011276350000000001,0.02463545,0.0362308275,0.9996521453042124,5301.977698431341,5322.762471754881,1912,2
"lambda_tk[13,2]",2.474555e-5,0.00268819,0.011276350000000001,0.02463545,0.0362308275,0.9996521453042124,5301.977698431341,5322.762471754881,1913,2
"lambda_tk[14,2]",2.474555e-5,0.00268819,0.011276350000000001,0.02463545,0.0362308275,0.9996521453042124,5301.977698431341,5322.762471754881,1914,2
"lambda_tk[15,2]",2.474555e-5,0.00268819,0.011276350000000001,0.02463545,0.0362308275,0.9996521453042124,5301.977698431341,5322.762471754881,1915,2
"lambda_tk[16,2]",2.474555e-5,0.00268819,0.011276350000000001,0.02463545,0.0362308275,0.9996521453042124,5301.977698431341,5322.762471754881,1916,2
"lambda_tk[17,2]",2.474555e-5,0.00268819,0.011276350000000001,0.02463545,0.0362308275,0.9996521453042124,5301.977698431341,5322.762471754881,1917,2
"lambda_tk[18,2]",2.474555e-5,0.00268819,0.011276350000000001,0.02463545,0.0362308275,0.9996521453042124,5301.977698431341,5322.762471754881,1918,2
"lambda_tk[19,2]",2.474555e-5,0.00268819,0.011276350000000001,0.02463545,0.0362308275,0.9996521453042124,5301.977698431341,5322.762471754881,1919,2
"lambda_tk[20,2]",2.474555e-5,0.00268819,0.011276350000000001,0.02463545,0.0362308275,0.9996521453042124,5301.977698431341,5322.762471754881,1920,2
"lambda_tk[21,2]",5.167762249999999e-6,6.755484999999999e-4,0.003261465,0.01023615,0.032381689999999984,1.001214679046187,4852.295204443862,5554.579248450022,1921,2
"lambda_tk[22,2]",5.167762249999999e-6,6.755484999999999e-4,0.003261465,0.01023615,0.032381689999999984,1.001214679046187,4852.295204443862,5554.579248450022,1922,2
"lambda_tk[23,2]",5.167762249999999e-6,6.755484999999999e-4,0.003261465,0.01023615,0.032381689999999984,1.001214679046187,4852.295204443862,5554.579248450022,1923,2
"lambda_tk[24,2]",5.167762249999999e-6,6.755484999999999e-4,0.003261465,0.01023615,0.032381689999999984,1.001214679046187,4852.295204443862,5554.579248450022,1924,2
"lambda_tk[25,2]",5.167762249999999e-6,6.755484999999999e-4,0.003261465,0.01023615,0.032381689999999984,1.001214679046187,4852.295204443862,5554.579248450022,1925,2
"lambda_tk[26,2]",5.167762249999999e-6,6.755484999999999e-4,0.003261465,0.01023615,0.032381689999999984,1.001214679046187,4852.295204443862,5554.579248450022,1926,2
"lambda_tk[27,2]",5.167762249999999e-6,6.755484999999999e-4,0.003261465,0.01023615,0.032381689999999984,1.001214679046187,4852.295204443862,5554.579248450022,1927,2
"lambda_tk[28,2]",5.167762249999999e-6,6.755484999999999e-4,0.003261465,0.01023615,0.032381689999999984,1.001214679046187,4852.295204443862,5554.579248450022,1928,2
"lambda_tk[29,2]",5.167762249999999e-6,6.755484999999999e-4,0.003261465,0.01023615,0.032381689999999984,1.001214679046187,4852.295204443862,5554.579248450022,1929,2
"lambda_tk[30,2]",5.167762249999999e-6,6.755484999999999e-4,0.003261465,0.01023615,0.032381689999999984,1.001214679046187,4852.295204443862,5554.579248450022,1930,2
"lambda_tk[31,2]",1.9440307499999998e-5,0.0018039700000000002,0.00783943,0.019606949999999998,0.03488932249999999,1.000675072539927,5272.5224980916855,5315.460947099889,1931,2
"lambda_tk[32,2]",1.9440307499999998e-5,0.0018039700000000002,0.00783943,0.019606949999999998,0.03488932249999999,1.000675072539927,5272.5224980916855,5315.460947099889,1932,2
"lambda_tk[33,2]",1.9440307499999998e-5,0.0018039700000000002,0.00783943,0.019606949999999998,0.03488932249999999,1.000675072539927,5272.5224980916855,5315.460947099889,1933,2
"lambda_tk[34,2]",1.9440307499999998e-5,0.0018039700000000002,0.00783943,0.019606949999999998,0.03488932249999999,1.000675072539927,5272.5224980916855,5315.460947099889,1934,2
"lambda_tk[35,2]",1.9440307499999998e-5,0.0018039700000000002,0.00783943,0.019606949999999998,0.03488932249999999,1.000675072539927,5272.5224980916855,5315.460947099889,1935,2
"lambda_tk[36,2]",1.9440307499999998e-5,0.0018039700000000002,0.00783943,0.019606949999999998,0.03488932249999999,1.000675072539927,5272.5224980916855,5315.460947099889,1936,2
"lambda_tk[37,2]",1.9440307499999998e-5,0.0018039700000000002,0.00783943,0.019606949999999998,0.03488932249999999,1.000675072539927,5272.5224980916855,5315.460947099889,1937,2
"lambda_tk[38,2]",1.9440307499999998e-5,0.0018039700000000002,0.00783943,0.019606949999999998,0.03488932249999999,1.000675072539927,5272.5224980916855,5315.460947099889,1938,2
"lambda_tk[39,2]",1.9440307499999998e-5,0.0018039700000000002,0.00783943,0.019606949999999998,0.03488932249999999,1.000675072539927,5272.5224980916855,5315.460947099889,1939,2
"lambda_tk[40,2]",1.9440307499999998e-5,0.0018039700000000002,0.00783943,0.019606949999999998,0.03488932249999999,1.000675072539927,5272.5224980916855,5315.460947099889,1940,2
"lambda_tk[41,2]",1.0157384499999998e-5,0.001125615,0.00524904,0.01726735,0.03559777999999999,1.0025343799315845,2173.3691341318054,4147.40479750918,1941,2
"lambda_tk[42,2]",1.0157384499999998e-5,0.001125615,0.00524904,0.01726735,0.03559777999999999,1.0025343799315845,2173.3691341318054,4147.40479750918,1942,2
"lambda_tk[43,2]",1.0157384499999998e-5,0.001125615,0.00524904,0.01726735,0.03559777999999999,1.0025343799315845,2173.3691341318054,4147.40479750918,1943,2
"lambda_tk[44,2]",1.0157384499999998e-5,0.001125615,0.00524904,0.01726735,0.03559777999999999,1.0025343799315845,2173.3691341318054,4147.40479750918,1944,2
"lambda_tk[45,2]",1.0157384499999998e-5,0.001125615,0.00524904,0.01726735,0.03559777999999999,1.0025343799315845,2173.3691341318054,4147.40479750918,1945,2
"lambda_tk[46,2]",1.0157384499999998e-5,0.001125615,0.00524904,0.01726735,0.03559777999999999,1.0025343799315845,2173.3691341318054,4147.40479750918,1946,2
"lambda_tk[47,2]",1.0157384499999998e-5,0.001125615,0.00524904,0.01726735,0.03559777999999999,1.0025343799315845,2173.3691341318054,4147.40479750918,1947,2
"lambda_tk[48,2]",1.0157384499999998e-5,0.001125615,0.00524904,0.01726735,0.03559777999999999,1.0025343799315845,2173.3691341318054,4147.40479750918,1948,2
"lambda_tk[49,2]",1.0157384499999998e-5,0.001125615,0.00524904,0.01726735,0.03559777999999999,1.0025343799315845,2173.3691341318054,4147.40479750918,1949,2
"lambda_tk[50,2]",1.0157384499999998e-5,0.001125615,0.00524904,0.01726735,0.03559777999999999,1.0025343799315845,2173.3691341318054,4147.40479750918,1950,2
"lambda_tk[51,2]",6.81854725e-6,9.065970000000001e-4,0.004325275,0.016131425,0.03524336999999998,1.0016577360678924,2058.241607849174,3818.486771122803,1951,2
"lambda_tk[52,2]",6.81854725e-6,9.065970000000001e-4,0.004325275,0.016131425,0.03524336999999998,1.0016577360678924,2058.241607849174,3818.486771122803,1952,2
"lambda_tk[53,2]",6.81854725e-6,9.065970000000001e-4,0.004325275,0.016131425,0.03524336999999998,1.0016577360678924,2058.241607849174,3818.486771122803,1953,2
"lambda_tk[54,2]",6.81854725e-6,9.065970000000001e-4,0.004325275,0.016131425,0.03524336999999998,1.0016577360678924,2058.241607849174,3818.486771122803,1954,2
"lambda_tk[55,2]",6.81854725e-6,9.065970000000001e-4,0.004325275,0.016131425,0.03524336999999998,1.0016577360678924,2058.241607849174,3818.486771122803,1955,2
"lambda_tk[56,2]",6.81854725e-6,9.065970000000001e-4,0.004325275,0.016131425,0.03524336999999998,1.0016577360678924,2058.241607849174,3818.486771122803,1956,2
"lambda_tk[57,2]",6.81854725e-6,9.065970000000001e-4,0.004325275,0.016131425,0.03524336999999998,1.0016577360678924,2058.241607849174,3818.486771122803,1957,2
"lambda_tk[58,2]",6.81854725e-6,9.065970000000001e-4,0.004325275,0.016131425,0.03524336999999998,1.0016577360678924,2058.241607849174,3818.486771122803,1958,2
"lambda_tk[59,2]",6.81854725e-6,9.065970000000001e-4,0.004325275,0.016131425,0.03524336999999998,1.0016577360678924,2058.241607849174,3818.486771122803,1959,2
"lambda_tk[60,2]",6.81854725e-6,9.065970000000001e-4,0.004325275,0.016131425,0.03524336999999998,1.0016577360678924,2058.241607849174,3818.486771122803,1960,2
"lambda_tk[61,2]",4.609662249999999e-6,4.5649149999999996e-4,0.0024327949999999997,0.011083675000000001,0.0339021675,1.0053121423565057,1756.5545853796643,3666.9169186717477,1961,2
"lambda_tk[62,2]",4.609662249999999e-6,4.5649149999999996e-4,0.0024327949999999997,0.011083675000000001,0.0339021675,1.0053121423565057,1756.5545853796643,3666.9169186717477,1962,2
"lambda_tk[63,2]",4.609662249999999e-6,4.5649149999999996e-4,0.0024327949999999997,0.011083675000000001,0.0339021675,1.0053121423565057,1756.5545853796643,3666.9169186717477,1963,2
"lambda_tk[64,2]",4.609662249999999e-6,4.5649149999999996e-4,0.0024327949999999997,0.011083675000000001,0.0339021675,1.0053121423565057,1756.5545853796643,3666.9169186717477,1964,2
"lambda_tk[65,2]",4.609662249999999e-6,4.5649149999999996e-4,0.0024327949999999997,0.011083675000000001,0.0339021675,1.0053121423565057,1756.5545853796643,3666.9169186717477,1965,2
"lambda_tk[66,2]",4.609662249999999e-6,4.5649149999999996e-4,0.0024327949999999997,0.011083675000000001,0.0339021675,1.0053121423565057,1756.5545853796643,3666.9169186717477,1966,2
"lambda_tk[67,2]",4.609662249999999e-6,4.5649149999999996e-4,0.0024327949999999997,0.011083675000000001,0.0339021675,1.0053121423565057,1756.5545853796643,3666.9169186717477,1967,2
"lambda_tk[68,2]",4.609662249999999e-6,4.5649149999999996e-4,0.0024327949999999997,0.011083675000000001,0.0339021675,1.0053121423565057,1756.5545853796643,3666.9169186717477,1968,2
"lambda_tk[69,2]",4.609662249999999e-6,4.5649149999999996e-4,0.0024327949999999997,0.011083675000000001,0.0339021675,1.0053121423565057,1756.5545853796643,3666.9169186717477,1969,2
"lambda_tk[70,2]",4.609662249999999e-6,4.5649149999999996e-4,0.0024327949999999997,0.011083675000000001,0.0339021675,1.0053121423565057,1756.5545853796643,3666.9169186717477,1970,2
"lambda_tk[71,2]",3.5098275e-6,4.5896675e-4,0.00257057,0.020479724999999997,0.03560945,1.0055654385119766,1608.276690098924,3522.0974881142324,1971,2
"lambda_tk[72,2]",3.5098275e-6,4.5896675e-4,0.00257057,0.020479724999999997,0.03560945,1.0055654385119766,1608.276690098924,3522.0974881142324,1972,2
"lambda_tk[73,2]",3.5098275e-6,4.5896675e-4,0.00257057,0.020479724999999997,0.03560945,1.0055654385119766,1608.276690098924,3522.0974881142324,1973,2
"lambda_tk[74,2]",3.5098275e-6,4.5896675e-4,0.00257057,0.020479724999999997,0.03560945,1.0055654385119766,1608.276690098924,3522.0974881142324,1974,2
"lambda_tk[75,2]",3.5098275e-6,4.5896675e-4,0.00257057,0.020479724999999997,0.03560945,1.0055654385119766,1608.276690098924,3522.0974881142324,1975,2
"lambda_tk[76,2]",3.5098275e-6,4.5896675e-4,0.00257057,0.020479724999999997,0.03560945,1.0055654385119766,1608.276690098924,3522.0974881142324,1976,2
"lambda_tk[77,2]",3.5098275e-6,4.5896675e-4,0.00257057,0.020479724999999997,0.03560945,1.0055654385119766,1608.276690098924,3522.0974881142324,1977,2
"lambda_tk[78,2]",3.5098275e-6,4.5896675e-4,0.00257057,0.020479724999999997,0.03560945,1.0055654385119766,1608.276690098924,3522.0974881142324,1978,2
"lambda_tk[79,2]",3.5098275e-6,4.5896675e-4,0.00257057,0.020479724999999997,0.03560945,1.0055654385119766,1608.276690098924,3522.0974881142324,1979,2
"lambda_tk[80,2]",3.5098275e-6,4.5896675e-4,0.00257057,0.020479724999999997,0.03560945,1.0055654385119766,1608.276690098924,3522.0974881142324,1980,2
"lambda_tk[81,2]",7.622082249999999e-6,7.0284275e-4,0.0032093950000000003,0.008963205000000002,0.029958522499999998,1.0007972533681313,5469.350952283375,5432.302948065633,1981,2
"lambda_tk[82,2]",7.622082249999999e-6,7.0284275e-4,0.0032093950000000003,0.008963205000000002,0.029958522499999998,1.0007972533681313,5469.350952283375,5432.302948065633,1982,2
"lambda_tk[83,2]",7.622082249999999e-6,7.0284275e-4,0.0032093950000000003,0.008963205000000002,0.029958522499999998,1.0007972533681313,5469.350952283375,5432.302948065633,1983,2
"lambda_tk[84,2]",7.622082249999999e-6,7.0284275e-4,0.0032093950000000003,0.008963205000000002,0.029958522499999998,1.0007972533681313,5469.350952283375,5432.302948065633,1984,2
"lambda_tk[85,2]",2.6072407499999996e-6,2.615135e-4,0.0011142650000000001,0.003286935,0.0126566225,1.002802738168841,5096.165286672466,5235.907249065394,1985,2
"lambda_tk[86,2]",2.6072407499999996e-6,2.615135e-4,0.0011142650000000001,0.003286935,0.0126566225,1.002802738168841,5096.165286672466,5235.907249065394,1986,2
"lambda_tk[87,2]",2.6072407499999996e-6,2.615135e-4,0.0011142650000000001,0.003286935,0.0126566225,1.002802738168841,5096.165286672466,5235.907249065394,1987,2
"lambda_tk[88,2]",2.6072407499999996e-6,2.615135e-4,0.0011142650000000001,0.003286935,0.0126566225,1.002802738168841,5096.165286672466,5235.907249065394,1988,2
"lambda_tk[89,2]",2.6072407499999996e-6,2.615135e-4,0.0011142650000000001,0.003286935,0.0126566225,1.002802738168841,5096.165286672466,5235.907249065394,1989,2
"lambda_tk[90,2]",2.0012237499999995e-6,1.7261375e-4,7.354935e-4,0.0020770825,0.008459854999999999,1.0002917311493138,5360.92617591184,5349.53849569094,1990,2
"lambda_tk[91,2]",2.0012237499999995e-6,1.7261375e-4,7.354935e-4,0.0020770825,0.008459854999999999,1.0002917311493138,5360.92617591184,5349.53849569094,1991,2
"lambda_tk[92,2]",2.0012237499999995e-6,1.7261375e-4,7.354935e-4,0.0020770825,0.008459854999999999,1.0002917311493138,5360.92617591184,5349.53849569094,1992,2
"lambda_tk[93,2]",2.0012237499999995e-6,1.7261375e-4,7.354935e-4,0.0020770825,0.008459854999999999,1.0002917311493138,5360.92617591184,5349.53849569094,1993,2
"lambda_tk[94,2]",2.0012237499999995e-6,1.7261375e-4,7.354935e-4,0.0020770825,0.008459854999999999,1.0002917311493138,5360.92617591184,5349.53849569094,1994,2
"lambda_tk[95,2]",7.360688e-6,6.867125e-4,0.0030332199999999997,0.0088575225,0.02938638749999996,1.0009733535895569,5199.774297688478,5156.593024261633,1995,2
"lambda_tk[96,2]",8.46591275e-6,8.528854999999999e-4,0.0037132199999999997,0.01097535,0.03129299749999999,1.0000458391005675,4708.515337488644,5387.076909966152,1996,2
"lambda_tk[97,2]",6.4783945000000005e-6,6.767635e-4,0.003155715,0.009744225,0.030915759999999973,1.0011019953347249,4347.837131962804,5365.740195178849,1997,2
"lambda_tk[98,2]",1.1209094999999999e-5,0.0010628575,0.005051679999999999,0.014449324999999999,0.03316847999999999,1.000516658867352,4642.239217182959,5214.708213130108,1998,2
"lambda_tk[99,2]",8.5068285e-6,8.971085e-4,0.003812325,0.011118375,0.0319996875,0.9997873553053016,5280.149116805084,5391.3115512538225,1999,2
"lambda_tk[100,2]",6.354430999999995e-6,8.181045e-4,0.003905535,0.011987975,0.03123562,1.001920852442186,3010.2975890469306,4956.434693876753,2000,2
"lambda_tk[101,2]",7.4397889999999985e-6,9.70119e-4,0.00502618,0.015469225,0.03414622499999999,1.0012391863079937,2520.5135680640133,5073.745340378347,2001,2
"lambda_tk[102,2]",8.508257e-6,0.0011584825,0.010229499999999999,0.027754675,0.0372169125,1.0044867232419101,1897.6139030468134,4878.578318492209,2002,2
"lambda_tk[103,2]",9.524908e-6,7.7065225e-4,0.00424245,0.01846675,0.032281164999999994,1.0026502981445782,2170.0327974414317,4658.748362247073,2003,2
"lambda_tk[104,2]",1.4023949999999998e-5,0.0016498724999999999,0.01649385,0.029719325,0.037874544999999996,1.0030424888175267,1856.3295641494096,4636.378361793913,2004,2
"lambda_tk[105,2]",1.2435697499999998e-5,0.0011183224999999999,0.004755654999999999,0.012832024999999999,0.027652889999999996,1.00303940035899,2997.242951602177,5108.92633728219,2005,2
"lambda_tk[106,2]",2.08357675e-5,0.002483535,0.00915914,0.01956905,0.03282684749999999,1.0019970216649348,4025.412225757202,5224.701448443097,2006,2
"lambda_tk[107,2]",0.002726552,0.022265049999999998,0.0283748,0.03229195,0.038930309999999996,1.0001812746202858,4564.439210489836,4940.988157112264,2007,2
"lambda_tk[108,2]",7.050595249999999e-6,8.2708775e-4,0.0031116549999999996,0.00754584,0.02871718,1.0004637451506462,5353.332682143334,4789.867624206501,2008,2
"lambda_tk[109,2]",6.789302499999999e-6,6.22611e-4,0.0022544749999999997,0.00460963,0.01269162749999999,1.0014524680405321,5474.242015086565,5003.431653290398,2009,2
"lambda_tk[110,2]",8.02195975e-7,8.239735000000002e-5,3.829425e-4,0.001178715,0.005671980999999998,1.0007026797392404,4408.142659412942,5054.7032375954705,2010,2
"lambda_tk[111,2]",1.132549e-6,9.300357499999998e-5,3.839815e-4,8.465612500000001e-4,0.0022418884999999976,1.0017442702658848,5414.249755871972,5231.0373332163535,2011,2
"lambda_tk[112,2]",8.301099249999999e-6,7.8791775e-4,0.00413992,0.024035775,0.03680018749999999,1.005282546445616,1659.2902274550918,4122.438579644092,2012,2
"lambda_tk[113,2]",5.0674480000000004e-6,4.528865e-4,0.00178267,0.0041144825,0.011748162499999989,1.0022619301807743,3992.6437647201988,5012.155730452516,2013,2
"lambda_tk[114,2]",8.781025749999998e-6,7.513584999999999e-4,0.0039392,0.016219325,0.03525133,1.0035678361314828,1846.9526039256455,3460.1454516328126,2014,2
"lambda_tk[1,3]",4.3743364999999996e-5,0.0049480475,0.01632045,0.027818225000000002,0.03708289,1.000785324421344,5284.764936391763,5415.889523753075,1901,3
"lambda_tk[2,3]",4.3743364999999996e-5,0.0049480475,0.01632045,0.027818225000000002,0.03708289,1.000785324421344,5284.764936391763,5415.889523753075,1902,3
"lambda_tk[3,3]",4.3743364999999996e-5,0.0049480475,0.01632045,0.027818225000000002,0.03708289,1.000785324421344,5284.764936391763,5415.889523753075,1903,3
"lambda_tk[4,3]",4.3743364999999996e-5,0.0049480475,0.01632045,0.027818225000000002,0.03708289,1.000785324421344,5284.764936391763,5415.889523753075,1904,3
"lambda_tk[5,3]",4.3743364999999996e-5,0.0049480475,0.01632045,0.027818225000000002,0.03708289,1.000785324421344,5284.764936391763,5415.889523753075,1905,3
"lambda_tk[6,3]",4.3743364999999996e-5,0.0049480475,0.01632045,0.027818225000000002,0.03708289,1.000785324421344,5284.764936391763,5415.889523753075,1906,3
"lambda_tk[7,3]",4.3743364999999996e-5,0.0049480475,0.01632045,0.027818225000000002,0.03708289,1.000785324421344,5284.764936391763,5415.889523753075,1907,3
"lambda_tk[8,3]",4.3743364999999996e-5,0.0049480475,0.01632045,0.027818225000000002,0.03708289,1.000785324421344,5284.764936391763,5415.889523753075,1908,3
"lambda_tk[9,3]",4.3743364999999996e-5,0.0049480475,0.01632045,0.027818225000000002,0.03708289,1.000785324421344,5284.764936391763,5415.889523753075,1909,3
"lambda_tk[10,3]",4.3743364999999996e-5,0.0049480475,0.01632045,0.027818225000000002,0.03708289,1.000785324421344,5284.764936391763,5415.889523753075,1910,3
"lambda_tk[11,3]",3.1031252499999996e-5,0.0028093375,0.01158465,0.024914224999999998,0.0365882275,1.0010988072633153,5238.629686784045,5312.253602446496,1911,3
"lambda_tk[12,3]",3.1031252499999996e-5,0.0028093375,0.01158465,0.024914224999999998,0.0365882275,1.0010988072633153,5238.629686784045,5312.253602446496,1912,3
"lambda_tk[13,3]",3.1031252499999996e-5,0.0028093375,0.01158465,0.024914224999999998,0.0365882275,1.0010988072633153,5238.629686784045,5312.253602446496,1913,3
"lambda_tk[14,3]",3.1031252499999996e-5,0.0028093375,0.01158465,0.024914224999999998,0.0365882275,1.0010988072633153,5238.629686784045,5312.253602446496,1914,3
"lambda_tk[15,3]",3.1031252499999996e-5,0.0028093375,0.01158465,0.024914224999999998,0.0365882275,1.0010988072633153,5238.629686784045,5312.253602446496,1915,3
"lambda_tk[16,3]",3.1031252499999996e-5,0.0028093375,0.01158465,0.024914224999999998,0.0365882275,1.0010988072633153,5238.629686784045,5312.253602446496,1916,3
"lambda_tk[17,3]",3.1031252499999996e-5,0.0028093375,0.01158465,0.024914224999999998,0.0365882275,1.0010988072633153,5238.629686784045,5312.253602446496,1917,3
"lambda_tk[18,3]",3.1031252499999996e-5,0.0028093375,0.01158465,0.024914224999999998,0.0365882275,1.0010988072633153,5238.629686784045,5312.253602446496,1918,3
"lambda_tk[19,3]",3.1031252499999996e-5,0.0028093375,0.01158465,0.024914224999999998,0.0365882275,1.0010988072633153,5238.629686784045,5312.253602446496,1919,3
"lambda_tk[20,3]",3.1031252499999996e-5,0.0028093375,0.01158465,0.024914224999999998,0.0365882275,1.0010988072633153,5238.629686784045,5312.253602446496,1920,3
"lambda_tk[21,3]",8.3834895e-6,7.977595e-4,0.0037356100000000003,0.011612525,0.03241282999999996,1.000673091909153,4330.746474698373,4674.694439776299,1921,3
"lambda_tk[22,3]",8.3834895e-6,7.977595e-4,0.0037356100000000003,0.011612525,0.03241282999999996,1.000673091909153,4330.746474698373,4674.694439776299,1922,3
"lambda_tk[23,3]",8.3834895e-6,7.977595e-4,0.0037356100000000003,0.011612525,0.03241282999999996,1.000673091909153,4330.746474698373,4674.694439776299,1923,3
"lambda_tk[24,3]",8.3834895e-6,7.977595e-4,0.0037356100000000003,0.011612525,0.03241282999999996,1.000673091909153,4330.746474698373,4674.694439776299,1924,3
"lambda_tk[25,3]",8.3834895e-6,7.977595e-4,0.0037356100000000003,0.011612525,0.03241282999999996,1.000673091909153,4330.746474698373,4674.694439776299,1925,3
"lambda_tk[26,3]",8.3834895e-6,7.977595e-4,0.0037356100000000003,0.011612525,0.03241282999999996,1.000673091909153,4330.746474698373,4674.694439776299,1926,3
"lambda_tk[27,3]",8.3834895e-6,7.977595e-4,0.0037356100000000003,0.011612525,0.03241282999999996,1.000673091909153,4330.746474698373,4674.694439776299,1927,3
"lambda_tk[28,3]",8.3834895e-6,7.977595e-4,0.0037356100000000003,0.011612525,0.03241282999999996,1.000673091909153,4330.746474698373,4674.694439776299,1928,3
"lambda_tk[29,3]",8.3834895e-6,7.977595e-4,0.0037356100000000003,0.011612525,0.03241282999999996,1.000673091909153,4330.746474698373,4674.694439776299,1929,3
"lambda_tk[30,3]",8.3834895e-6,7.977595e-4,0.0037356100000000003,0.011612525,0.03241282999999996,1.000673091909153,4330.746474698373,4674.694439776299,1930,3
"lambda_tk[31,3]",1.4224754999999998e-5,0.0018925975,0.00792675,0.019888499999999996,0.035418874999999975,1.0022552290504083,5076.520832315273,5218.005133315107,1931,3
"lambda_tk[32,3]",1.4224754999999998e-5,0.0018925975,0.00792675,0.019888499999999996,0.035418874999999975,1.0022552290504083,5076.520832315273,5218.005133315107,1932,3
"lambda_tk[33,3]",1.4224754999999998e-5,0.0018925975,0.00792675,0.019888499999999996,0.035418874999999975,1.0022552290504083,5076.520832315273,5218.005133315107,1933,3
"lambda_tk[34,3]",1.4224754999999998e-5,0.0018925975,0.00792675,0.019888499999999996,0.035418874999999975,1.0022552290504083,5076.520832315273,5218.005133315107,1934,3
"lambda_tk[35,3]",1.4224754999999998e-5,0.0018925975,0.00792675,0.019888499999999996,0.035418874999999975,1.0022552290504083,5076.520832315273,5218.005133315107,1935,3
"lambda_tk[36,3]",1.4224754999999998e-5,0.0018925975,0.00792675,0.019888499999999996,0.035418874999999975,1.0022552290504083,5076.520832315273,5218.005133315107,1936,3
"lambda_tk[37,3]",1.4224754999999998e-5,0.0018925975,0.00792675,0.019888499999999996,0.035418874999999975,1.0022552290504083,5076.520832315273,5218.005133315107,1937,3
"lambda_tk[38,3]",1.4224754999999998e-5,0.0018925975,0.00792675,0.019888499999999996,0.035418874999999975,1.0022552290504083,5076.520832315273,5218.005133315107,1938,3
"lambda_tk[39,3]",1.4224754999999998e-5,0.0018925975,0.00792675,0.019888499999999996,0.035418874999999975,1.0022552290504083,5076.520832315273,5218.005133315107,1939,3
"lambda_tk[40,3]",1.4224754999999998e-5,0.0018925975,0.00792675,0.019888499999999996,0.035418874999999975,1.0022552290504083,5076.520832315273,5218.005133315107,1940,3
"lambda_tk[41,3]",1.38800075e-5,0.0014234625,0.00629797,0.02090735,0.03637275749999998,1.00306763368507,1902.0969005344095,3992.6520126073874,1941,3
"lambda_tk[42,3]",1.38800075e-5,0.0014234625,0.00629797,0.02090735,0.03637275749999998,1.00306763368507,1902.0969005344095,3992.6520126073874,1942,3
"lambda_tk[43,3]",1.38800075e-5,0.0014234625,0.00629797,0.02090735,0.03637275749999998,1.00306763368507,1902.0969005344095,3992.6520126073874,1943,3
"lambda_tk[44,3]",1.38800075e-5,0.0014234625,0.00629797,0.02090735,0.03637275749999998,1.00306763368507,1902.0969005344095,3992.6520126073874,1944,3
"lambda_tk[45,3]",1.38800075e-5,0.0014234625,0.00629797,0.02090735,0.03637275749999998,1.00306763368507,1902.0969005344095,3992.6520126073874,1945,3
"lambda_tk[46,3]",1.38800075e-5,0.0014234625,0.00629797,0.02090735,0.03637275749999998,1.00306763368507,1902.0969005344095,3992.6520126073874,1946,3
"lambda_tk[47,3]",1.38800075e-5,0.0014234625,0.00629797,0.02090735,0.03637275749999998,1.00306763368507,1902.0969005344095,3992.6520126073874,1947,3
"lambda_tk[48,3]",1.38800075e-5,0.0014234625,0.00629797,0.02090735,0.03637275749999998,1.00306763368507,1902.0969005344095,3992.6520126073874,1948,3
"lambda_tk[49,3]",1.38800075e-5,0.0014234625,0.00629797,0.02090735,0.03637275749999998,1.00306763368507,1902.0969005344095,3992.6520126073874,1949,3
"lambda_tk[50,3]",1.38800075e-5,0.0014234625,0.00629797,0.02090735,0.03637275749999998,1.00306763368507,1902.0969005344095,3992.6520126073874,1950,3
"lambda_tk[51,3]",1.258555e-5,0.0010856350000000002,0.0055006099999999995,0.020049225,0.0353650725,1.0036120475261547,1600.892891248273,3530.3322467286657,1951,3
"lambda_tk[52,3]",1.258555e-5,0.0010856350000000002,0.0055006099999999995,0.020049225,0.0353650725,1.0036120475261547,1600.892891248273,3530.3322467286657,1952,3
"lambda_tk[53,3]",1.258555e-5,0.0010856350000000002,0.0055006099999999995,0.020049225,0.0353650725,1.0036120475261547,1600.892891248273,3530.3322467286657,1953,3
"lambda_tk[54,3]",1.258555e-5,0.0010856350000000002,0.0055006099999999995,0.020049225,0.0353650725,1.0036120475261547,1600.892891248273,3530.3322467286657,1954,3
"lambda_tk[55,3]",1.258555e-5,0.0010856350000000002,0.0055006099999999995,0.020049225,0.0353650725,1.0036120475261547,1600.892891248273,3530.3322467286657,1955,3
"lambda_tk[56,3]",1.258555e-5,0.0010856350000000002,0.0055006099999999995,0.020049225,0.0353650725,1.0036120475261547,1600.892891248273,3530.3322467286657,1956,3
"lambda_tk[57,3]",1.258555e-5,0.0010856350000000002,0.0055006099999999995,0.020049225,0.0353650725,1.0036120475261547,1600.892891248273,3530.3322467286657,1957,3
"lambda_tk[58,3]",1.258555e-5,0.0010856350000000002,0.0055006099999999995,0.020049225,0.0353650725,1.0036120475261547,1600.892891248273,3530.3322467286657,1958,3
"lambda_tk[59,3]",1.258555e-5,0.0010856350000000002,0.0055006099999999995,0.020049225,0.0353650725,1.0036120475261547,1600.892891248273,3530.3322467286657,1959,3
"lambda_tk[60,3]",1.258555e-5,0.0010856350000000002,0.0055006099999999995,0.020049225,0.0353650725,1.0036120475261547,1600.892891248273,3530.3322467286657,1960,3
"lambda_tk[61,3]",5.9677182499999996e-6,5.953612500000001e-4,0.00313368,0.0166356,0.034396684999999996,1.005850122852885,1336.9690965423729,3955.9429115519256,1961,3
"lambda_tk[62,3]",5.9677182499999996e-6,5.953612500000001e-4,0.00313368,0.0166356,0.034396684999999996,1.005850122852885,1336.9690965423729,3955.9429115519256,1962,3
"lambda_tk[63,3]",5.9677182499999996e-6,5.953612500000001e-4,0.00313368,0.0166356,0.034396684999999996,1.005850122852885,1336.9690965423729,3955.9429115519256,1963,3
"lambda_tk[64,3]",5.9677182499999996e-6,5.953612500000001e-4,0.00313368,0.0166356,0.034396684999999996,1.005850122852885,1336.9690965423729,3955.9429115519256,1964,3
"lambda_tk[65,3]",5.9677182499999996e-6,5.953612500000001e-4,0.00313368,0.0166356,0.034396684999999996,1.005850122852885,1336.9690965423729,3955.9429115519256,1965,3
"lambda_tk[66,3]",5.9677182499999996e-6,5.953612500000001e-4,0.00313368,0.0166356,0.034396684999999996,1.005850122852885,1336.9690965423729,3955.9429115519256,1966,3
"lambda_tk[67,3]",5.9677182499999996e-6,5.953612500000001e-4,0.00313368,0.0166356,0.034396684999999996,1.005850122852885,1336.9690965423729,3955.9429115519256,1967,3
"lambda_tk[68,3]",5.9677182499999996e-6,5.953612500000001e-4,0.00313368,0.0166356,0.034396684999999996,1.005850122852885,1336.9690965423729,3955.9429115519256,1968,3
"lambda_tk[69,3]",5.9677182499999996e-6,5.953612500000001e-4,0.00313368,0.0166356,0.034396684999999996,1.005850122852885,1336.9690965423729,3955.9429115519256,1969,3
"lambda_tk[70,3]",5.9677182499999996e-6,5.953612500000001e-4,0.00313368,0.0166356,0.034396684999999996,1.005850122852885,1336.9690965423729,3955.9429115519256,1970,3
"lambda_tk[71,3]",6.5873345e-6,5.979257500000001e-4,0.003435935,0.02448825,0.03649014249999999,1.0032017005547074,1274.6477596450022,3697.704848208123,1971,3
"lambda_tk[72,3]",6.5873345e-6,5.979257500000001e-4,0.003435935,0.02448825,0.03649014249999999,1.0032017005547074,1274.6477596450022,3697.704848208123,1972,3
"lambda_tk[73,3]",6.5873345e-6,5.979257500000001e-4,0.003435935,0.02448825,0.03649014249999999,1.0032017005547074,1274.6477596450022,3697.704848208123,1973,3
"lambda_tk[74,3]",6.5873345e-6,5.979257500000001e-4,0.003435935,0.02448825,0.03649014249999999,1.0032017005547074,1274.6477596450022,3697.704848208123,1974,3
"lambda_tk[75,3]",6.5873345e-6,5.979257500000001e-4,0.003435935,0.02448825,0.03649014249999999,1.0032017005547074,1274.6477596450022,3697.704848208123,1975,3
"lambda_tk[76,3]",6.5873345e-6,5.979257500000001e-4,0.003435935,0.02448825,0.03649014249999999,1.0032017005547074,1274.6477596450022,3697.704848208123,1976,3
"lambda_tk[77,3]",6.5873345e-6,5.979257500000001e-4,0.003435935,0.02448825,0.03649014249999999,1.0032017005547074,1274.6477596450022,3697.704848208123,1977,3
"lambda_tk[78,3]",6.5873345e-6,5.979257500000001e-4,0.003435935,0.02448825,0.03649014249999999,1.0032017005547074,1274.6477596450022,3697.704848208123,1978,3
"lambda_tk[79,3]",6.5873345e-6,5.979257500000001e-4,0.003435935,0.02448825,0.03649014249999999,1.0032017005547074,1274.6477596450022,3697.704848208123,1979,3
"lambda_tk[80,3]",6.5873345e-6,5.979257500000001e-4,0.003435935,0.02448825,0.03649014249999999,1.0032017005547074,1274.6477596450022,3697.704848208123,1980,3
"lambda_tk[81,3]",6.85559175e-6,6.8748075e-4,0.003124865,0.008814869999999999,0.029215147499999983,1.0004979675841463,5040.182962204659,5298.879418052242,1981,3
"lambda_tk[82,3]",6.85559175e-6,6.8748075e-4,0.003124865,0.008814869999999999,0.029215147499999983,1.0004979675841463,5040.182962204659,5298.879418052242,1982,3
"lambda_tk[83,3]",6.85559175e-6,6.8748075e-4,0.003124865,0.008814869999999999,0.029215147499999983,1.0004979675841463,5040.182962204659,5298.879418052242,1983,3
"lambda_tk[84,3]",6.85559175e-6,6.8748075e-4,0.003124865,0.008814869999999999,0.029215147499999983,1.0004979675841463,5040.182962204659,5298.879418052242,1984,3
"lambda_tk[85,3]",3.54971075e-6,2.6510575e-4,0.00111371,0.00320914,0.013075379999999998,1.0000547230291696,5540.662182814058,5430.923761950474,1985,3
"lambda_tk[86,3]",3.54971075e-6,2.6510575e-4,0.00111371,0.00320914,0.013075379999999998,1.0000547230291696,5540.662182814058,5430.923761950474,1986,3
"lambda_tk[87,3]",3.54971075e-6,2.6510575e-4,0.00111371,0.00320914,0.013075379999999998,1.0000547230291696,5540.662182814058,5430.923761950474,1987,3
"lambda_tk[88,3]",3.54971075e-6,2.6510575e-4,0.00111371,0.00320914,0.013075379999999998,1.0000547230291696,5540.662182814058,5430.923761950474,1988,3
"lambda_tk[89,3]",3.54971075e-6,2.6510575e-4,0.00111371,0.00320914,0.013075379999999998,1.0000547230291696,5540.662182814058,5430.923761950474,1989,3
"lambda_tk[90,3]",1.1459342499999996e-6,1.5599849999999997e-4,6.955234999999999e-4,0.002048175,0.008015336499999998,0.9999114168502963,5615.554937591999,5287.486277158025,1990,3
"lambda_tk[91,3]",1.1459342499999996e-6,1.5599849999999997e-4,6.955234999999999e-4,0.002048175,0.008015336499999998,0.9999114168502963,5615.554937591999,5287.486277158025,1991,3
"lambda_tk[92,3]",1.1459342499999996e-6,1.5599849999999997e-4,6.955234999999999e-4,0.002048175,0.008015336499999998,0.9999114168502963,5615.554937591999,5287.486277158025,1992,3
"lambda_tk[93,3]",1.1459342499999996e-6,1.5599849999999997e-4,6.955234999999999e-4,0.002048175,0.008015336499999998,0.9999114168502963,5615.554937591999,5287.486277158025,1993,3
"lambda_tk[94,3]",1.1459342499999996e-6,1.5599849999999997e-4,6.955234999999999e-4,0.002048175,0.008015336499999998,0.9999114168502963,5615.554937591999,5287.486277158025,1994,3
"lambda_tk[95,3]",5.9142145e-6,6.5116125e-4,0.00295897,0.008835455,0.030378899999999983,1.0000581606851897,5728.616429496823,5387.845150455078,1995,3
"lambda_tk[96,3]",8.2842605e-6,8.5374025e-4,0.00374605,0.011100325,0.031124609999999997,0.9998521147213634,5686.04696674049,5350.733284647355,1996,3
"lambda_tk[97,3]",6.407548e-6,6.8910875e-4,0.0030250349999999997,0.0091714075,0.030672794999999996,0.9996469074743255,4952.071518688848,5038.286668352667,1997,3
"lambda_tk[98,3]",1.52298225e-5,0.0011306575,0.004829885,0.013745775,0.03344548999999998,1.000083553837049,4413.866480289849,5075.403614177948,1998,3
"lambda_tk[99,3]",8.857211499999999e-6,7.809995000000001e-4,0.00356491,0.010924275,0.03173885,1.000950111641443,5233.305498182273,5284.048802819391,1999,3
"lambda_tk[100,3]",5.668430749999999e-6,6.082597499999999e-4,0.003286195,0.0108535,0.0311443375,1.0028781851423068,2325.1147565015126,5131.358372879709,2000,3
"lambda_tk[101,3]",5.30395875e-6,7.924022500000001e-4,0.0041712,0.014518600000000001,0.03432990249999999,1.0022592345804364,2096.4398370411054,4402.090416732784,2001,3
"lambda_tk[102,3]",6.68688925e-6,9.233555e-4,0.00642535,0.026680925,0.0368419075,1.0036612414247907,1557.1213553204793,4449.404784257219,2002,3
"lambda_tk[103,3]",6.221212249999999e-6,6.0580925e-4,0.003371235,0.016904775,0.03207476249999999,1.0028121921290991,1639.7323018566544,4790.335258921725,2003,3
"lambda_tk[104,3]",1.100663e-5,0.0011537975,0.0103684,0.02913875,0.03760185749999998,1.0019910220191663,1494.3345320973547,4429.69563707694,2004,3
"lambda_tk[105,3]",9.065268999999998e-6,9.702694999999999e-4,0.004054625,0.01191565,0.027094402499999993,1.0025199995089553,2460.428334115662,5216.538281019813,2005,3
"lambda_tk[106,3]",2.5179879999999998e-5,0.0021732075,0.007903654999999999,0.018571175,0.03282590999999998,1.0006332068171828,3328.7974698132907,5103.4213656873835,2006,3
"lambda_tk[107,3]",0.00288787075,0.022734575000000003,0.02865375,0.03250185,0.03904136749999999,1.000140857889845,4396.9479940869805,5048.748896495463,2007,3
"lambda_tk[108,3]",6.7632365e-6,7.524712500000001e-4,0.0030583249999999998,0.0076999375,0.029391257499999997,1.000261269661261,5419.5252002599045,5231.157510794466,2008,3
"lambda_tk[109,3]",5.27639075e-6,5.8099925e-4,0.002173695,0.004571779999999999,0.01282227,1.00031591518622,5491.670998077743,5341.1569559096615,2009,3
"lambda_tk[110,3]",7.063165999999999e-7,8.958345e-5,3.89714e-4,0.00120883,0.005815273499999979,1.0021156594271643,4184.856500245266,4484.790215175872,2010,3
"lambda_tk[111,3]",1.06550075e-6,9.4915425e-5,3.76099e-4,8.558612500000001e-4,0.00223539325,1.000067059226488,5478.9988808556545,5046.741296602623,2011,3
"lambda_tk[112,3]",9.131758000000001e-6,9.997245e-4,0.00556718,0.027094149999999997,0.037275744999999985,1.0039581821350865,1260.8698299594582,3730.7096713722367,2012,3
"lambda_tk[113,3]",5.445668499999999e-6,5.557460000000001e-4,0.001991495,0.004459245,0.012221459999999986,1.0000451733740916,3693.589989722796,4958.8640750626755,2013,3
"lambda_tk[114,3]",8.662375249999998e-6,0.0010158800000000003,0.0053472699999999995,0.019890575,0.03560472749999999,1.0040813882168957,1395.3016182339406,3703.001552557743,2014,3
"lambda_tk[1,4]",4.96040225e-5,0.005437407500000001,0.01708525,0.028036975,0.0371833475,0.9993131316324969,5394.147290096092,5557.999650391196,1901,4
"lambda_tk[2,4]",4.96040225e-5,0.005437407500000001,0.01708525,0.028036975,0.0371833475,0.9993131316324969,5394.147290096092,5557.999650391196,1902,4
"lambda_tk[3,4]",4.96040225e-5,0.005437407500000001,0.01708525,0.028036975,0.0371833475,0.9993131316324969,5394.147290096092,5557.999650391196,1903,4
"lambda_tk[4,4]",4.96040225e-5,0.005437407500000001,0.01708525,0.028036975,0.0371833475,0.9993131316324969,5394.147290096092,5557.999650391196,1904,4
"lambda_tk[5,4]",4.96040225e-5,0.005437407500000001,0.01708525,0.028036975,0.0371833475,0.9993131316324969,5394.147290096092,5557.999650391196,1905,4
"lambda_tk[6,4]",4.96040225e-5,0.005437407500000001,0.01708525,0.028036975,0.0371833475,0.9993131316324969,5394.147290096092,5557.999650391196,1906,4
"lambda_tk[7,4]",4.96040225e-5,0.005437407500000001,0.01708525,0.028036975,0.0371833475,0.9993131316324969,5394.147290096092,5557.999650391196,1907,4
"lambda_tk[8,4]",4.96040225e-5,0.005437407500000001,0.01708525,0.028036975,0.0371833475,0.9993131316324969,5394.147290096092,5557.999650391196,1908,4
"lambda_tk[9,4]",4.96040225e-5,0.005437407500000001,0.01708525,0.028036975,0.0371833475,0.9993131316324969,5394.147290096092,5557.999650391196,1909,4
"lambda_tk[10,4]",4.96040225e-5,0.005437407500000001,0.01708525,0.028036975,0.0371833475,0.9993131316324969,5394.147290096092,5557.999650391196,1910,4
"lambda_tk[11,4]",3.66993125e-5,0.003432355,0.0124362,0.0254895,0.036357602499999996,0.9995423996207564,5491.313716624729,5636.564248292625,1911,4
"lambda_tk[12,4]",3.66993125e-5,0.003432355,0.0124362,0.0254895,0.036357602499999996,0.9995423996207564,5491.313716624729,5636.564248292625,1912,4
"lambda_tk[13,4]",3.66993125e-5,0.003432355,0.0124362,0.0254895,0.036357602499999996,0.9995423996207564,5491.313716624729,5636.564248292625,1913,4
"lambda_tk[14,4]",3.66993125e-5,0.003432355,0.0124362,0.0254895,0.036357602499999996,0.9995423996207564,5491.313716624729,5636.564248292625,1914,4
"lambda_tk[15,4]",3.66993125e-5,0.003432355,0.0124362,0.0254895,0.036357602499999996,0.9995423996207564,5491.313716624729,5636.564248292625,1915,4
"lambda_tk[16,4]",3.66993125e-5,0.003432355,0.0124362,0.0254895,0.036357602499999996,0.9995423996207564,5491.313716624729,5636.564248292625,1916,4
"lambda_tk[17,4]",3.66993125e-5,0.003432355,0.0124362,0.0254895,0.036357602499999996,0.9995423996207564,5491.313716624729,5636.564248292625,1917,4
"lambda_tk[18,4]",3.66993125e-5,0.003432355,0.0124362,0.0254895,0.036357602499999996,0.9995423996207564,5491.313716624729,5636.564248292625,1918,4
"lambda_tk[19,4]",3.66993125e-5,0.003432355,0.0124362,0.0254895,0.036357602499999996,0.9995423996207564,5491.313716624729,5636.564248292625,1919,4
"lambda_tk[20,4]",3.66993125e-5,0.003432355,0.0124362,0.0254895,0.036357602499999996,0.9995423996207564,5491.313716624729,5636.564248292625,1920,4
"lambda_tk[21,4]",9.002703749999998e-6,0.0010787449999999999,0.00465811,0.013483925,0.03302023249999999,1.0006959946356389,5714.424404250243,5549.750065715259,1921,4
"lambda_tk[22,4]",9.002703749999998e-6,0.0010787449999999999,0.00465811,0.013483925,0.03302023249999999,1.0006959946356389,5714.424404250243,5549.750065715259,1922,4
"lambda_tk[23,4]",9.002703749999998e-6,0.0010787449999999999,0.00465811,0.013483925,0.03302023249999999,1.0006959946356389,5714.424404250243,5549.750065715259,1923,4
"lambda_tk[24,4]",9.002703749999998e-6,0.0010787449999999999,0.00465811,0.013483925,0.03302023249999999,1.0006959946356389,5714.424404250243,5549.750065715259,1924,4
"lambda_tk[25,4]",9.002703749999998e-6,0.0010787449999999999,0.00465811,0.013483925,0.03302023249999999,1.0006959946356389,5714.424404250243,5549.750065715259,1925,4
"lambda_tk[26,4]",9.002703749999998e-6,0.0010787449999999999,0.00465811,0.013483925,0.03302023249999999,1.0006959946356389,5714.424404250243,5549.750065715259,1926,4
"lambda_tk[27,4]",9.002703749999998e-6,0.0010787449999999999,0.00465811,0.013483925,0.03302023249999999,1.0006959946356389,5714.424404250243,5549.750065715259,1927,4
"lambda_tk[28,4]",9.002703749999998e-6,0.0010787449999999999,0.00465811,0.013483925,0.03302023249999999,1.0006959946356389,5714.424404250243,5549.750065715259,1928,4
"lambda_tk[29,4]",9.002703749999998e-6,0.0010787449999999999,0.00465811,0.013483925,0.03302023249999999,1.0006959946356389,5714.424404250243,5549.750065715259,1929,4
"lambda_tk[30,4]",9.002703749999998e-6,0.0010787449999999999,0.00465811,0.013483925,0.03302023249999999,1.0006959946356389,5714.424404250243,5549.750065715259,1930,4
"lambda_tk[31,4]",1.82873825e-5,0.0014711250000000002,0.00646594,0.0172806,0.03430546249999999,1.00054419845055,5665.970634001566,5437.493920574698,1931,4
"lambda_tk[32,4]",1.82873825e-5,0.0014711250000000002,0.00646594,0.0172806,0.03430546249999999,1.00054419845055,5665.970634001566,5437.493920574698,1932,4
"lambda_tk[33,4]",1.82873825e-5,0.0014711250000000002,0.00646594,0.0172806,0.03430546249999999,1.00054419845055,5665.970634001566,5437.493920574698,1933,4
"lambda_tk[34,4]",1.82873825e-5,0.0014711250000000002,0.00646594,0.0172806,0.03430546249999999,1.00054419845055,5665.970634001566,5437.493920574698,1934,4
"lambda_tk[35,4]",1.82873825e-5,0.0014711250000000002,0.00646594,0.0172806,0.03430546249999999,1.00054419845055,5665.970634001566,5437.493920574698,1935,4
"lambda_tk[36,4]",1.82873825e-5,0.0014711250000000002,0.00646594,0.0172806,0.03430546249999999,1.00054419845055,5665.970634001566,5437.493920574698,1936,4
"lambda_tk[37,4]",1.82873825e-5,0.0014711250000000002,0.00646594,0.0172806,0.03430546249999999,1.00054419845055,5665.970634001566,5437.493920574698,1937,4
"lambda_tk[38,4]",1.82873825e-5,0.0014711250000000002,0.00646594,0.0172806,0.03430546249999999,1.00054419845055,5665.970634001566,5437.493920574698,1938,4
"lambda_tk[39,4]",1.82873825e-5,0.0014711250000000002,0.00646594,0.0172806,0.03430546249999999,1.00054419845055,5665.970634001566,5437.493920574698,1939,4
"lambda_tk[40,4]",1.82873825e-5,0.0014711250000000002,0.00646594,0.0172806,0.03430546249999999,1.00054419845055,5665.970634001566,5437.493920574698,1940,4
"lambda_tk[41,4]",9.552904e-5,0.0074044175000000005,0.0189942,0.02779605,0.03633656999999999,1.0025666725446936,5280.803384624412,4960.209702716507,1941,4
"lambda_tk[42,4]",9.552904e-5,0.0074044175000000005,0.0189942,0.02779605,0.03633656999999999,1.0025666725446936,5280.803384624412,4960.209702716507,1942,4
"lambda_tk[43,4]",9.552904e-5,0.0074044175000000005,0.0189942,0.02779605,0.03633656999999999,1.0025666725446936,5280.803384624412,4960.209702716507,1943,4
"lambda_tk[44,4]",9.552904e-5,0.0074044175000000005,0.0189942,0.02779605,0.03633656999999999,1.0025666725446936,5280.803384624412,4960.209702716507,1944,4
"lambda_tk[45,4]",9.552904e-5,0.0074044175000000005,0.0189942,0.02779605,0.03633656999999999,1.0025666725446936,5280.803384624412,4960.209702716507,1945,4
"lambda_tk[46,4]",9.552904e-5,0.0074044175000000005,0.0189942,0.02779605,0.03633656999999999,1.0025666725446936,5280.803384624412,4960.209702716507,1946,4
"lambda_tk[47,4]",9.552904e-5,0.0074044175000000005,0.0189942,0.02779605,0.03633656999999999,1.0025666725446936,5280.803384624412,4960.209702716507,1947,4
"lambda_tk[48,4]",9.552904e-5,0.0074044175000000005,0.0189942,0.02779605,0.03633656999999999,1.0025666725446936,5280.803384624412,4960.209702716507,1948,4
"lambda_tk[49,4]",9.552904e-5,0.0074044175000000005,0.0189942,0.02779605,0.03633656999999999,1.0025666725446936,5280.803384624412,4960.209702716507,1949,4
"lambda_tk[50,4]",9.552904e-5,0.0074044175000000005,0.0189942,0.02779605,0.03633656999999999,1.0025666725446936,5280.803384624412,4960.209702716507,1950,4
"lambda_tk[51,4]",0.0012779085,0.017694825,0.0261172,0.0308748,0.03783277499999999,1.0078923121519858,4653.762344022603,921.2770914447873,1951,4
"lambda_tk[52,4]",0.0012779085,0.017694825,0.0261172,0.0308748,0.03783277499999999,1.0078923121519858,4653.762344022603,921.2770914447873,1952,4
"lambda_tk[53,4]",0.0012779085,0.017694825,0.0261172,0.0308748,0.03783277499999999,1.0078923121519858,4653.762344022603,921.2770914447873,1953,4
"lambda_tk[54,4]",0.0012779085,0.017694825,0.0261172,0.0308748,0.03783277499999999,1.0078923121519858,4653.762344022603,921.2770914447873,1954,4
"lambda_tk[55,4]",0.0012779085,0.017694825,0.0261172,0.0308748,0.03783277499999999,1.0078923121519858,4653.762344022603,921.2770914447873,1955,4
"lambda_tk[56,4]",0.0012779085,0.017694825,0.0261172,0.0308748,0.03783277499999999,1.0078923121519858,4653.762344022603,921.2770914447873,1956,4
"lambda_tk[57,4]",0.0012779085,0.017694825,0.0261172,0.0308748,0.03783277499999999,1.0078923121519858,4653.762344022603,921.2770914447873,1957,4
"lambda_tk[58,4]",0.0012779085,0.017694825,0.0261172,0.0308748,0.03783277499999999,1.0078923121519858,4653.762344022603,921.2770914447873,1958,4
"lambda_tk[59,4]",0.0012779085,0.017694825,0.0261172,0.0308748,0.03783277499999999,1.0078923121519858,4653.762344022603,921.2770914447873,1959,4
"lambda_tk[60,4]",0.0012779085,0.017694825,0.0261172,0.0308748,0.03783277499999999,1.0078923121519858,4653.762344022603,921.2770914447873,1960,4
"lambda_tk[61,4]",0.0034042082499999996,0.0219085,0.02744345,0.031326025,0.037276542499999996,1.0223870729398679,380.17067021393177,151.47284242382554,1961,4
"lambda_tk[62,4]",0.0034042082499999996,0.0219085,0.02744345,0.031326025,0.037276542499999996,1.0223870729398679,380.17067021393177,151.47284242382554,1962,4
"lambda_tk[63,4]",0.0034042082499999996,0.0219085,0.02744345,0.031326025,0.037276542499999996,1.0223870729398679,380.17067021393177,151.47284242382554,1963,4
"lambda_tk[64,4]",0.0034042082499999996,0.0219085,0.02744345,0.031326025,0.037276542499999996,1.0223870729398679,380.17067021393177,151.47284242382554,1964,4
"lambda_tk[65,4]",0.0034042082499999996,0.0219085,0.02744345,0.031326025,0.037276542499999996,1.0223870729398679,380.17067021393177,151.47284242382554,1965,4
"lambda_tk[66,4]",0.0034042082499999996,0.0219085,0.02744345,0.031326025,0.037276542499999996,1.0223870729398679,380.17067021393177,151.47284242382554,1966,4
"lambda_tk[67,4]",0.0034042082499999996,0.0219085,0.02744345,0.031326025,0.037276542499999996,1.0223870729398679,380.17067021393177,151.47284242382554,1967,4
"lambda_tk[68,4]",0.0034042082499999996,0.0219085,0.02744345,0.031326025,0.037276542499999996,1.0223870729398679,380.17067021393177,151.47284242382554,1968,4
"lambda_tk[69,4]",0.0034042082499999996,0.0219085,0.02744345,0.031326025,0.037276542499999996,1.0223870729398679,380.17067021393177,151.47284242382554,1969,4
"lambda_tk[70,4]",0.0034042082499999996,0.0219085,0.02744345,0.031326025,0.037276542499999996,1.0223870729398679,380.17067021393177,151.47284242382554,1970,4
"lambda_tk[71,4]",0.018553425,0.0283354,0.031296199999999996,0.034107374999999995,0.040032504999999996,1.033548396636167,255.15339329446644,77.55464564756164,1971,4
"lambda_tk[72,4]",0.018553425,0.0283354,0.031296199999999996,0.034107374999999995,0.040032504999999996,1.033548396636167,255.15339329446644,77.55464564756164,1972,4
"lambda_tk[73,4]",0.018553425,0.0283354,0.031296199999999996,0.034107374999999995,0.040032504999999996,1.033548396636167,255.15339329446644,77.55464564756164,1973,4
"lambda_tk[74,4]",0.018553425,0.0283354,0.031296199999999996,0.034107374999999995,0.040032504999999996,1.033548396636167,255.15339329446644,77.55464564756164,1974,4
"lambda_tk[75,4]",0.018553425,0.0283354,0.031296199999999996,0.034107374999999995,0.040032504999999996,1.033548396636167,255.15339329446644,77.55464564756164,1975,4
"lambda_tk[76,4]",0.018553425,0.0283354,0.031296199999999996,0.034107374999999995,0.040032504999999996,1.033548396636167,255.15339329446644,77.55464564756164,1976,4
"lambda_tk[77,4]",0.018553425,0.0283354,0.031296199999999996,0.034107374999999995,0.040032504999999996,1.033548396636167,255.15339329446644,77.55464564756164,1977,4
"lambda_tk[78,4]",0.018553425,0.0283354,0.031296199999999996,0.034107374999999995,0.040032504999999996,1.033548396636167,255.15339329446644,77.55464564756164,1978,4
"lambda_tk[79,4]",0.018553425,0.0283354,0.031296199999999996,0.034107374999999995,0.040032504999999996,1.033548396636167,255.15339329446644,77.55464564756164,1979,4
"lambda_tk[80,4]",0.018553425,0.0283354,0.031296199999999996,0.034107374999999995,0.040032504999999996,1.033548396636167,255.15339329446644,77.55464564756164,1980,4
"lambda_tk[81,4]",0.0028148102500000004,0.023472200000000002,0.02881345,0.032490925000000004,0.038940207499999976,1.0303515457855974,255.37796344627668,96.41789771425434,1981,4
"lambda_tk[82,4]",0.0028148102500000004,0.023472200000000002,0.02881345,0.032490925000000004,0.038940207499999976,1.0303515457855974,255.37796344627668,96.41789771425434,1982,4
"lambda_tk[83,4]",0.0028148102500000004,0.023472200000000002,0.02881345,0.032490925000000004,0.038940207499999976,1.0303515457855974,255.37796344627668,96.41789771425434,1983,4
"lambda_tk[84,4]",0.0028148102500000004,0.023472200000000002,0.02881345,0.032490925000000004,0.038940207499999976,1.0303515457855974,255.37796344627668,96.41789771425434,1984,4
"lambda_tk[85,4]",0.0066781865,0.02829715,0.0313913,0.0342504,0.0405707875,1.0560668703739613,135.22976008671415,38.92017894317223,1985,4
"lambda_tk[86,4]",0.0066781865,0.02829715,0.0313913,0.0342504,0.0405707875,1.0560668703739613,135.22976008671415,38.92017894317223,1986,4
"lambda_tk[87,4]",0.0066781865,0.02829715,0.0313913,0.0342504,0.0405707875,1.0560668703739613,135.22976008671415,38.92017894317223,1987,4
"lambda_tk[88,4]",0.0066781865,0.02829715,0.0313913,0.0342504,0.0405707875,1.0560668703739613,135.22976008671415,38.92017894317223,1988,4
"lambda_tk[89,4]",0.0066781865,0.02829715,0.0313913,0.0342504,0.0405707875,1.0560668703739613,135.22976008671415,38.92017894317223,1989,4
"lambda_tk[90,4]",0.005136452249999992,0.027453975000000002,0.03087375,0.033844525,0.03989218249999999,1.060239381925832,120.33882717211829,37.16794490172918,1990,4
"lambda_tk[91,4]",0.005136452249999992,0.027453975000000002,0.03087375,0.033844525,0.03989218249999999,1.060239381925832,120.33882717211829,37.16794490172918,1991,4
"lambda_tk[92,4]",0.005136452249999992,0.027453975000000002,0.03087375,0.033844525,0.03989218249999999,1.060239381925832,120.33882717211829,37.16794490172918,1992,4
"lambda_tk[93,4]",0.005136452249999992,0.027453975000000002,0.03087375,0.033844525,0.03989218249999999,1.060239381925832,120.33882717211829,37.16794490172918,1993,4
"lambda_tk[94,4]",0.005136452249999992,0.027453975000000002,0.03087375,0.033844525,0.03989218249999999,1.060239381925832,120.33882717211829,37.16794490172918,1994,4
"lambda_tk[95,4]",1.25467625e-4,0.0081516225,0.0215927,0.029847224999999998,0.03764342249999998,1.0084464491775949,2181.082325888414,4752.340988836202,1995,4
"lambda_tk[96,4]",1.2670472499999997e-4,0.011747075,0.024088,0.030637674999999996,0.0383431375,1.014858928690429,845.7414999955325,5252.114088255261,1996,4
"lambda_tk[97,4]",7.397598e-5,0.006331315,0.01860575,0.02888935,0.03756720499999999,1.0101194823577617,2285.9991791303364,5153.819071515797,1997,4
"lambda_tk[98,4]",6.786042999999998e-5,0.0072791474999999994,0.020159,0.029402125,0.037846642499999986,1.0073716143199405,3554.1696311441833,5258.188974013797,1998,4
"lambda_tk[99,4]",1.685132e-5,0.00216848,0.009717545,0.0222514,0.035421325,1.002456355341207,5256.490920852449,5268.77301586068,1999,4
"lambda_tk[100,4]",3.1678017499999995e-5,0.002940405,0.010676,0.022615025,0.0357804525,1.006379953923998,4728.025867511717,5082.681522839614,2000,4
"lambda_tk[101,4]",2.8468412499999998e-5,0.0022904275,0.00769139,0.017196125,0.034026432499999974,1.002447801212148,5032.382869170379,5583.60757383233,2001,4
"lambda_tk[102,4]",2.0786032499999996e-6,1.9137725e-4,8.2551e-4,0.00236998,0.010416314999999985,1.007761055539735,3260.191594099204,507.8210569533993,2002,4
"lambda_tk[103,4]",1.3826922500000002e-6,1.4857274999999998e-4,7.04627e-4,0.0019397750000000001,0.007054201749999998,1.0099904267745665,3942.968602781854,825.8210292798558,2003,4
"lambda_tk[104,4]",1.861043499999999e-6,1.4127250000000002e-4,6.337885e-4,0.0018853474999999998,0.008063346499999987,1.0156993467431044,689.393541190254,264.83959409932805,2004,4
"lambda_tk[105,4]",1.4893969999999998e-6,1.48223e-4,6.166205e-4,0.00171119,0.006330761749999987,1.0077305830638734,2346.1809752310146,492.938688106655,2005,4
"lambda_tk[106,4]",4.470335e-6,4.338915e-4,0.001794085,0.004823845,0.014897712499999997,1.0065041745592544,3742.7921173170257,1567.0962005649703,2006,4
"lambda_tk[107,4]",1.1129982499999999e-5,0.0012269725,0.004893740000000001,0.01189965,0.030199674999999974,1.0241153043868483,371.98294501986527,141.35612623969328,2007,4
"lambda_tk[108,4]",0.015849339999999996,0.02845085,0.03155945,0.034458675,0.040575029999999984,1.0531625148561623,140.07060457179958,40.089645101225315,2008,4
"lambda_tk[109,4]",1.4249394999999999e-5,9.3356325e-4,0.002634045,0.004667202499999999,0.008873453,1.0012434975821267,5530.714855113153,5385.5750271818915,2009,4
"lambda_tk[110,4]",0.0036431314999999967,0.02847895,0.03145185,0.0344302,0.0407159575,1.058160897522659,126.68264507544484,37.21666146312075,2010,4
"lambda_tk[111,4]",2.765816e-4,0.0021720575,0.00294142,0.003685645,0.0052834554999999965,1.0329143610372644,238.30358606860196,80.22167576741096,2011,4
"lambda_tk[112,4]",1.8350757499999998e-5,0.0014000875000000001,0.00545258,0.013939775,0.0318851575,1.0044990876133597,4419.095662675713,4031.036311775535,2012,4
"lambda_tk[113,4]",4.5968932499999994e-4,0.0054839275,0.008548614999999999,0.011693224999999998,0.020591677499999995,1.0222306097505665,383.9642393395458,220.46263599499162,2013,4
"lambda_tk[114,4]",1.06093875e-5,9.807675e-4,0.003815105,0.009891457499999999,0.030134397499999993,1.0040186765673127,4865.151677695693,4583.072960010414,2014,4
