state,Year,Age,hospitalization,numcase
33,2000,2,hosp,1
33,2000,2,nonhosp,2
33,2000,3,nonhosp,1
33,2000,4,nonhosp,1
33,2000,5,nonhosp,1
33,2000,7,nonhosp,1
33,2000,10,hosp,1
33,2000,10,nonhosp,1
33,2000,14,nonhosp,2
33,2000,18,nonhosp,1
33,2000,19,nonhosp,2
33,2000,21,nonhosp,1
33,2000,22,nonhosp,1
33,2000,23,nonhosp,1
33,2000,24,nonhosp,1
33,2000,28,nonhosp,1
33,2000,29,nonhosp,2
33,2000,30,nonhosp,1
33,2000,31,nonhosp,1
33,2000,32,nonhosp,1
33,2000,37,nonhosp,1
33,2000,38,hosp,1
33,2000,39,nonhosp,2
33,2000,40,nonhosp,1
33,2000,41,hosp,1
33,2000,42,nonhosp,1
33,2000,45,nonhosp,2
33,2000,46,nonhosp,1
33,2000,51,nonhosp,1
33,2000,53,nonhosp,1
33,2000,68,nonhosp,1
33,2001,1,nonhosp,1
33,2001,2,hosp,1
33,2001,2,nonhosp,3
33,2001,3,nonhosp,2
33,2001,4,nonhosp,6
33,2001,5,hosp,1
33,2001,5,nonhosp,10
33,2001,6,nonhosp,5
33,2001,7,hosp,1
33,2001,7,nonhosp,3
33,2001,8,hosp,1
33,2001,8,nonhosp,4
33,2001,9,hosp,1
33,2001,9,nonhosp,18
33,2001,10,nonhosp,10
33,2001,11,hosp,1
33,2001,11,nonhosp,13
33,2001,12,nonhosp,19
33,2001,13,hosp,1
33,2001,13,nonhosp,15
33,2001,14,hosp,1
33,2001,14,nonhosp,10
33,2001,15,nonhosp,14
33,2001,16,hosp,3
33,2001,16,nonhosp,20
33,2001,17,hosp,3
33,2001,17,nonhosp,11
33,2001,18,hosp,1
33,2001,18,nonhosp,24
33,2001,19,hosp,2
33,2001,19,nonhosp,19
33,2001,20,hosp,4
33,2001,20,nonhosp,27
33,2001,21,hosp,4
33,2001,21,nonhosp,18
33,2001,22,hosp,3
33,2001,22,nonhosp,23
33,2001,23,hosp,4
33,2001,23,nonhosp,33
33,2001,24,hosp,3
33,2001,24,nonhosp,12
33,2001,25,hosp,5
33,2001,25,nonhosp,26
33,2001,26,hosp,1
33,2001,26,nonhosp,17
33,2001,27,hosp,1
33,2001,27,nonhosp,20
33,2001,28,hosp,1
33,2001,28,nonhosp,14
33,2001,29,hosp,2
33,2001,29,nonhosp,12
33,2001,30,hosp,2
33,2001,30,nonhosp,23
33,2001,31,hosp,1
33,2001,31,nonhosp,15
33,2001,32,nonhosp,23
33,2001,33,nonhosp,15
33,2001,34,nonhosp,17
33,2001,35,hosp,3
33,2001,35,nonhosp,23
33,2001,36,hosp,2
33,2001,36,nonhosp,21
33,2001,37,hosp,1
33,2001,37,nonhosp,24
33,2001,38,hosp,1
33,2001,38,nonhosp,22
33,2001,39,hosp,1
33,2001,39,nonhosp,20
33,2001,40,hosp,2
33,2001,40,nonhosp,23
33,2001,41,hosp,2
33,2001,41,nonhosp,12
33,2001,42,hosp,2
33,2001,42,nonhosp,25
33,2001,43,hosp,1
33,2001,43,nonhosp,13
33,2001,44,hosp,2
33,2001,44,nonhosp,21
33,2001,45,hosp,2
33,2001,45,nonhosp,11
33,2001,46,hosp,2
33,2001,46,nonhosp,14
33,2001,47,hosp,1
33,2001,47,nonhosp,15
33,2001,48,hosp,1
33,2001,48,nonhosp,14
33,2001,49,nonhosp,12
33,2001,50,hosp,2
33,2001,50,nonhosp,11
33,2001,51,hosp,1
33,2001,51,nonhosp,14
33,2001,52,hosp,1
33,2001,52,nonhosp,13
33,2001,53,hosp,3
33,2001,53,nonhosp,11
33,2001,54,nonhosp,10
33,2001,55,hosp,1
33,2001,55,nonhosp,10
33,2001,56,hosp,1
33,2001,56,nonhosp,13
33,2001,57,nonhosp,10
33,2001,58,nonhosp,8
33,2001,59,hosp,1
33,2001,59,nonhosp,10
33,2001,60,nonhosp,9
33,2001,61,hosp,2
33,2001,61,nonhosp,6
33,2001,62,hosp,3
33,2001,62,nonhosp,2
33,2001,63,nonhosp,7
33,2001,64,hosp,1
33,2001,64,nonhosp,6
33,2001,65,nonhosp,3
33,2001,66,nonhosp,3
33,2001,67,nonhosp,5
33,2001,68,nonhosp,5
33,2001,69,nonhosp,2
33,2001,70,hosp,1
33,2001,70,nonhosp,2
33,2001,71,nonhosp,2
33,2001,73,nonhosp,2
33,2001,74,nonhosp,1
33,2001,75,nonhosp,1
33,2001,76,nonhosp,1
33,2001,77,nonhosp,1
33,2001,80,nonhosp,1
33,2001,87,hosp,1
33,2001,99,nonhosp,1
33,2002,2,hosp,13
33,2002,2,nonhosp,203
33,2002,3,hosp,15
33,2002,3,nonhosp,210
33,2002,4,hosp,18
33,2002,4,nonhosp,262
33,2002,5,hosp,26
33,2002,5,nonhosp,304
33,2002,6,hosp,24
33,2002,6,nonhosp,295
33,2002,7,hosp,21
33,2002,7,nonhosp,326
33,2002,8,hosp,33
33,2002,8,nonhosp,374
33,2002,9,hosp,26
33,2002,9,nonhosp,356
33,2002,10,hosp,34
33,2002,10,nonhosp,414
33,2002,11,hosp,33
33,2002,11,nonhosp,425
33,2002,12,hosp,41
33,2002,12,nonhosp,465
33,2002,13,hosp,50
33,2002,13,nonhosp,499
33,2002,14,hosp,39
33,2002,14,nonhosp,548
33,2002,15,hosp,41
33,2002,15,nonhosp,476
33,2002,16,hosp,65
33,2002,16,nonhosp,545
33,2002,17,hosp,65
33,2002,17,nonhosp,526
33,2002,18,hosp,43
33,2002,18,nonhosp,550
33,2002,19,hosp,46
33,2002,19,nonhosp,642
33,2002,20,hosp,61
33,2002,20,nonhosp,687
33,2002,21,hosp,50
33,2002,21,nonhosp,684
33,2002,22,hosp,47
33,2002,22,nonhosp,682
33,2002,23,hosp,55
33,2002,23,nonhosp,668
33,2002,24,hosp,55
33,2002,24,nonhosp,599
33,2002,25,hosp,55
33,2002,25,nonhosp,606
33,2002,26,hosp,47
33,2002,26,nonhosp,589
33,2002,27,hosp,54
33,2002,27,nonhosp,596
33,2002,28,hosp,40
33,2002,28,nonhosp,537
33,2002,29,hosp,43
33,2002,29,nonhosp,539
33,2002,30,hosp,48
33,2002,30,nonhosp,556
33,2002,31,hosp,48
33,2002,31,nonhosp,540
33,2002,32,hosp,41
33,2002,32,nonhosp,499
33,2002,33,hosp,32
33,2002,33,nonhosp,520
33,2002,34,hosp,46
33,2002,34,nonhosp,532
33,2002,35,hosp,38
33,2002,35,nonhosp,502
33,2002,36,hosp,42
33,2002,36,nonhosp,557
33,2002,37,hosp,36
33,2002,37,nonhosp,519
33,2002,38,hosp,38
33,2002,38,nonhosp,526
33,2002,39,hosp,36
33,2002,39,nonhosp,514
33,2002,40,hosp,41
33,2002,40,nonhosp,501
33,2002,41,hosp,37
33,2002,41,nonhosp,518
33,2002,42,hosp,42
33,2002,42,nonhosp,463
33,2002,43,hosp,42
33,2002,43,nonhosp,464
33,2002,44,hosp,46
33,2002,44,nonhosp,441
33,2002,45,hosp,34
33,2002,45,nonhosp,443
33,2002,46,hosp,35
33,2002,46,nonhosp,395
33,2002,47,hosp,18
33,2002,47,nonhosp,437
33,2002,48,hosp,32
33,2002,48,nonhosp,389
33,2002,49,hosp,28
33,2002,49,nonhosp,419
33,2002,50,hosp,33
33,2002,50,nonhosp,346
33,2002,51,hosp,25
33,2002,51,nonhosp,336
33,2002,52,hosp,20
33,2002,52,nonhosp,306
33,2002,53,hosp,24
33,2002,53,nonhosp,289
33,2002,54,hosp,33
33,2002,54,nonhosp,244
33,2002,55,hosp,15
33,2002,55,nonhosp,257
33,2002,56,hosp,17
33,2002,56,nonhosp,229
33,2002,57,hosp,17
33,2002,57,nonhosp,188
33,2002,58,hosp,16
33,2002,58,nonhosp,220
33,2002,59,hosp,18
33,2002,59,nonhosp,196
33,2002,60,hosp,17
33,2002,60,nonhosp,179
33,2002,61,hosp,14
33,2002,61,nonhosp,154
33,2002,62,hosp,12
33,2002,62,nonhosp,154
33,2002,63,hosp,21
33,2002,63,nonhosp,160
33,2002,64,hosp,10
33,2002,64,nonhosp,140
33,2002,65,hosp,10
33,2002,65,nonhosp,141
33,2002,66,hosp,16
33,2002,66,nonhosp,117
33,2002,67,hosp,8
33,2002,67,nonhosp,115
33,2002,68,hosp,4
33,2002,68,nonhosp,120
33,2002,69,hosp,12
33,2002,69,nonhosp,110
33,2002,70,hosp,13
33,2002,70,nonhosp,95
33,2002,71,hosp,12
33,2002,71,nonhosp,98
33,2002,72,hosp,8
33,2002,72,nonhosp,82
33,2002,73,hosp,7
33,2002,73,nonhosp,60
33,2002,74,hosp,10
33,2002,74,nonhosp,47
33,2002,75,hosp,3
33,2002,75,nonhosp,51
33,2002,76,hosp,5
33,2002,76,nonhosp,50
33,2002,77,hosp,8
33,2002,77,nonhosp,33
33,2002,78,hosp,2
33,2002,78,nonhosp,26
33,2002,79,hosp,4
33,2002,79,nonhosp,30
33,2002,80,hosp,4
33,2002,80,nonhosp,24
33,2002,81,hosp,4
33,2002,81,nonhosp,19
33,2002,82,hosp,3
33,2002,82,nonhosp,15
33,2002,83,hosp,2
33,2002,83,nonhosp,18
33,2002,84,hosp,3
33,2002,84,nonhosp,7
33,2002,85,hosp,6
33,2002,85,nonhosp,9
33,2002,86,hosp,1
33,2002,86,nonhosp,9
33,2002,87,hosp,1
33,2002,87,nonhosp,5
33,2002,88,nonhosp,5
33,2002,89,nonhosp,3
33,2002,90,nonhosp,3
33,2002,91,hosp,1
33,2002,91,nonhosp,2
33,2002,92,nonhosp,3
33,2002,93,hosp,1
33,2002,94,nonhosp,3
33,2002,95,hosp,1
33,2002,120,nonhosp,3
33,2003,1,nonhosp,1
33,2003,2,hosp,2
33,2003,2,nonhosp,26
33,2003,3,hosp,2
33,2003,3,nonhosp,28
33,2003,4,hosp,2
33,2003,4,nonhosp,29
33,2003,5,hosp,3
33,2003,5,nonhosp,27
33,2003,6,hosp,4
33,2003,6,nonhosp,23
33,2003,7,hosp,1
33,2003,7,nonhosp,35
33,2003,8,hosp,2
33,2003,8,nonhosp,23
33,2003,9,hosp,7
33,2003,9,nonhosp,32
33,2003,10,hosp,4
33,2003,10,nonhosp,36
33,2003,11,hosp,5
33,2003,11,nonhosp,38
33,2003,12,hosp,7
33,2003,12,nonhosp,44
33,2003,13,hosp,6
33,2003,13,nonhosp,57
33,2003,14,hosp,14
33,2003,14,nonhosp,57
33,2003,15,hosp,12
33,2003,15,nonhosp,51
33,2003,16,hosp,8
33,2003,16,nonhosp,71
33,2003,17,hosp,12
33,2003,17,nonhosp,57
33,2003,18,hosp,7
33,2003,18,nonhosp,57
33,2003,19,hosp,5
33,2003,19,nonhosp,57
33,2003,20,hosp,6
33,2003,20,nonhosp,71
33,2003,21,hosp,7
33,2003,21,nonhosp,79
33,2003,22,hosp,8
33,2003,22,nonhosp,78
33,2003,23,hosp,12
33,2003,23,nonhosp,70
33,2003,24,hosp,10
33,2003,24,nonhosp,80
33,2003,25,hosp,11
33,2003,25,nonhosp,68
33,2003,26,hosp,5
33,2003,26,nonhosp,67
33,2003,27,hosp,5
33,2003,27,nonhosp,70
33,2003,28,hosp,5
33,2003,28,nonhosp,59
33,2003,29,hosp,2
33,2003,29,nonhosp,50
33,2003,30,hosp,5
33,2003,30,nonhosp,66
33,2003,31,hosp,5
33,2003,31,nonhosp,69
33,2003,32,hosp,12
33,2003,32,nonhosp,54
33,2003,33,hosp,6
33,2003,33,nonhosp,59
33,2003,34,hosp,5
33,2003,34,nonhosp,62
33,2003,35,hosp,6
33,2003,35,nonhosp,48
33,2003,36,hosp,5
33,2003,36,nonhosp,50
33,2003,37,hosp,14
33,2003,37,nonhosp,68
33,2003,38,hosp,5
33,2003,38,nonhosp,52
33,2003,39,hosp,7
33,2003,39,nonhosp,64
33,2003,40,hosp,10
33,2003,40,nonhosp,49
33,2003,41,hosp,11
33,2003,41,nonhosp,45
33,2003,42,hosp,9
33,2003,42,nonhosp,62
33,2003,43,hosp,10
33,2003,43,nonhosp,45
33,2003,44,hosp,5
33,2003,44,nonhosp,49
33,2003,45,hosp,7
33,2003,45,nonhosp,50
33,2003,46,hosp,8
33,2003,46,nonhosp,34
33,2003,47,hosp,3
33,2003,47,nonhosp,29
33,2003,48,hosp,9
33,2003,48,nonhosp,53
33,2003,49,hosp,9
33,2003,49,nonhosp,34
33,2003,50,hosp,5
33,2003,50,nonhosp,35
33,2003,51,hosp,3
33,2003,51,nonhosp,31
33,2003,52,hosp,1
33,2003,52,nonhosp,29
33,2003,53,hosp,4
33,2003,53,nonhosp,35
33,2003,54,hosp,6
33,2003,54,nonhosp,28
33,2003,55,hosp,3
33,2003,55,nonhosp,18
33,2003,56,hosp,2
33,2003,56,nonhosp,25
33,2003,57,hosp,3
33,2003,57,nonhosp,25
33,2003,58,hosp,5
33,2003,58,nonhosp,19
33,2003,59,hosp,1
33,2003,59,nonhosp,21
33,2003,60,hosp,3
33,2003,60,nonhosp,20
33,2003,61,hosp,1
33,2003,61,nonhosp,12
33,2003,62,hosp,2
33,2003,62,nonhosp,12
33,2003,63,hosp,1
33,2003,63,nonhosp,12
33,2003,64,hosp,3
33,2003,64,nonhosp,19
33,2003,65,hosp,2
33,2003,65,nonhosp,11
33,2003,66,hosp,1
33,2003,66,nonhosp,11
33,2003,67,hosp,8
33,2003,67,nonhosp,9
33,2003,68,nonhosp,10
33,2003,69,hosp,1
33,2003,69,nonhosp,9
33,2003,70,nonhosp,14
33,2003,71,nonhosp,4
33,2003,72,hosp,3
33,2003,72,nonhosp,7
33,2003,73,hosp,2
33,2003,73,nonhosp,8
33,2003,74,hosp,1
33,2003,74,nonhosp,6
33,2003,75,hosp,2
33,2003,75,nonhosp,3
33,2003,76,hosp,3
33,2003,76,nonhosp,4
33,2003,78,hosp,1
33,2003,78,nonhosp,2
33,2003,79,hosp,1
33,2003,79,nonhosp,3
33,2003,81,hosp,1
33,2003,82,nonhosp,2
33,2003,83,nonhosp,3
33,2003,85,nonhosp,1
33,2003,86,nonhosp,1
33,2003,87,nonhosp,1
33,2003,88,nonhosp,1
33,2003,90,hosp,1
33,2003,92,hosp,1
33,2004,2,hosp,1
33,2004,2,nonhosp,4
33,2004,3,hosp,4
33,2004,3,nonhosp,10
33,2004,4,hosp,3
33,2004,4,nonhosp,8
33,2004,5,hosp,5
33,2004,5,nonhosp,11
33,2004,6,hosp,5
33,2004,6,nonhosp,7
33,2004,7,hosp,4
33,2004,7,nonhosp,6
33,2004,8,hosp,4
33,2004,8,nonhosp,5
33,2004,9,hosp,3
33,2004,9,nonhosp,5
33,2004,10,nonhosp,13
33,2004,11,hosp,1
33,2004,11,nonhosp,14
33,2004,12,hosp,3
33,2004,12,nonhosp,9
33,2004,13,hosp,1
33,2004,13,nonhosp,14
33,2004,14,hosp,1
33,2004,14,nonhosp,15
33,2004,15,hosp,3
33,2004,15,nonhosp,7
33,2004,16,hosp,2
33,2004,16,nonhosp,16
33,2004,17,hosp,4
33,2004,17,nonhosp,16
33,2004,18,hosp,6
33,2004,18,nonhosp,18
33,2004,19,hosp,2
33,2004,19,nonhosp,21
33,2004,20,hosp,4
33,2004,20,nonhosp,19
33,2004,21,hosp,4
33,2004,21,nonhosp,15
33,2004,22,hosp,9
33,2004,22,nonhosp,17
33,2004,23,hosp,4
33,2004,23,nonhosp,18
33,2004,24,hosp,6
33,2004,24,nonhosp,16
33,2004,25,hosp,3
33,2004,25,nonhosp,24
33,2004,26,hosp,6
33,2004,26,nonhosp,20
33,2004,27,hosp,3
33,2004,27,nonhosp,16
33,2004,28,hosp,2
33,2004,28,nonhosp,26
33,2004,29,hosp,5
33,2004,29,nonhosp,12
33,2004,30,hosp,7
33,2004,30,nonhosp,19
33,2004,31,hosp,3
33,2004,31,nonhosp,19
33,2004,32,hosp,4
33,2004,32,nonhosp,14
33,2004,33,hosp,5
33,2004,33,nonhosp,16
33,2004,34,hosp,8
33,2004,34,nonhosp,20
33,2004,35,hosp,1
33,2004,35,nonhosp,12
33,2004,36,hosp,5
33,2004,36,nonhosp,13
33,2004,37,hosp,3
33,2004,37,nonhosp,20
33,2004,38,hosp,4
33,2004,38,nonhosp,18
33,2004,39,hosp,4
33,2004,39,nonhosp,6
33,2004,40,hosp,5
33,2004,40,nonhosp,17
33,2004,41,hosp,2
33,2004,41,nonhosp,12
33,2004,42,hosp,1
33,2004,42,nonhosp,12
33,2004,43,hosp,2
33,2004,43,nonhosp,12
33,2004,44,hosp,1
33,2004,44,nonhosp,13
33,2004,45,hosp,2
33,2004,45,nonhosp,12
33,2004,46,hosp,2
33,2004,46,nonhosp,12
33,2004,47,hosp,2
33,2004,47,nonhosp,13
33,2004,48,hosp,5
33,2004,48,nonhosp,9
33,2004,49,hosp,1
33,2004,49,nonhosp,11
33,2004,50,hosp,1
33,2004,50,nonhosp,11
33,2004,51,nonhosp,7
33,2004,52,hosp,1
33,2004,52,nonhosp,6
33,2004,53,hosp,3
33,2004,53,nonhosp,9
33,2004,54,nonhosp,7
33,2004,55,nonhosp,4
33,2004,56,hosp,2
33,2004,56,nonhosp,4
33,2004,57,hosp,2
33,2004,57,nonhosp,5
33,2004,58,hosp,1
33,2004,58,nonhosp,3
33,2004,59,hosp,1
33,2004,59,nonhosp,3
33,2004,60,hosp,2
33,2004,60,nonhosp,5
33,2004,61,hosp,2
33,2004,61,nonhosp,6
33,2004,62,nonhosp,5
33,2004,63,hosp,2
33,2004,64,hosp,1
33,2004,64,nonhosp,3
33,2004,65,hosp,1
33,2004,65,nonhosp,2
33,2004,67,hosp,2
33,2004,68,nonhosp,4
33,2004,69,nonhosp,2
33,2004,70,nonhosp,2
33,2004,71,nonhosp,2
33,2004,72,hosp,2
33,2004,72,nonhosp,2
33,2004,73,nonhosp,3
33,2004,74,nonhosp,1
33,2004,75,nonhosp,2
33,2004,76,hosp,1
33,2004,76,nonhosp,1
33,2004,77,nonhosp,1
33,2004,78,hosp,1
33,2004,84,hosp,1
33,2004,84,nonhosp,1
33,2004,85,nonhosp,1
33,2004,89,nonhosp,1
33,2005,2,hosp,1
33,2005,2,nonhosp,6
33,2005,3,hosp,2
33,2005,3,nonhosp,9
33,2005,4,hosp,5
33,2005,4,nonhosp,8
33,2005,5,hosp,1
33,2005,5,nonhosp,12
33,2005,6,hosp,2
33,2005,6,nonhosp,15
33,2005,7,hosp,3
33,2005,7,nonhosp,28
33,2005,8,hosp,6
33,2005,8,nonhosp,13
33,2005,9,hosp,4
33,2005,9,nonhosp,23
33,2005,10,hosp,5
33,2005,10,nonhosp,19
33,2005,11,hosp,4
33,2005,11,nonhosp,11
33,2005,12,hosp,5
33,2005,12,nonhosp,15
33,2005,13,hosp,8
33,2005,13,nonhosp,12
33,2005,14,hosp,2
33,2005,14,nonhosp,17
33,2005,15,hosp,4
33,2005,15,nonhosp,11
33,2005,16,hosp,1
33,2005,16,nonhosp,13
33,2005,17,hosp,5
33,2005,17,nonhosp,19
33,2005,18,hosp,2
33,2005,18,nonhosp,16
33,2005,19,hosp,1
33,2005,19,nonhosp,18
33,2005,20,hosp,3
33,2005,20,nonhosp,21
33,2005,21,hosp,2
33,2005,21,nonhosp,22
33,2005,22,nonhosp,24
33,2005,23,hosp,10
33,2005,23,nonhosp,33
33,2005,24,hosp,7
33,2005,24,nonhosp,29
33,2005,25,hosp,6
33,2005,25,nonhosp,24
33,2005,26,hosp,3
33,2005,26,nonhosp,30
33,2005,27,hosp,8
33,2005,27,nonhosp,21
33,2005,28,hosp,4
33,2005,28,nonhosp,24
33,2005,29,hosp,4
33,2005,29,nonhosp,17
33,2005,30,hosp,6
33,2005,30,nonhosp,32
33,2005,31,hosp,9
33,2005,31,nonhosp,27
33,2005,32,hosp,6
33,2005,32,nonhosp,20
33,2005,33,hosp,5
33,2005,33,nonhosp,30
33,2005,34,hosp,11
33,2005,34,nonhosp,22
33,2005,35,hosp,6
33,2005,35,nonhosp,22
33,2005,36,hosp,2
33,2005,36,nonhosp,15
33,2005,37,hosp,1
33,2005,37,nonhosp,16
33,2005,38,hosp,2
33,2005,38,nonhosp,14
33,2005,39,hosp,8
33,2005,39,nonhosp,21
33,2005,40,hosp,6
33,2005,40,nonhosp,18
33,2005,41,hosp,6
33,2005,41,nonhosp,16
33,2005,42,hosp,10
33,2005,42,nonhosp,20
33,2005,43,hosp,1
33,2005,43,nonhosp,16
33,2005,44,hosp,6
33,2005,44,nonhosp,17
33,2005,45,hosp,5
33,2005,45,nonhosp,19
33,2005,46,hosp,1
33,2005,46,nonhosp,12
33,2005,47,hosp,3
33,2005,47,nonhosp,17
33,2005,48,hosp,7
33,2005,48,nonhosp,16
33,2005,49,hosp,1
33,2005,49,nonhosp,18
33,2005,50,hosp,1
33,2005,50,nonhosp,9
33,2005,51,nonhosp,7
33,2005,52,hosp,7
33,2005,52,nonhosp,13
33,2005,53,hosp,2
33,2005,53,nonhosp,8
33,2005,54,hosp,2
33,2005,54,nonhosp,5
33,2005,55,hosp,3
33,2005,55,nonhosp,12
33,2005,56,hosp,1
33,2005,56,nonhosp,4
33,2005,57,nonhosp,2
33,2005,58,hosp,3
33,2005,58,nonhosp,9
33,2005,59,hosp,1
33,2005,59,nonhosp,3
33,2005,60,nonhosp,5
33,2005,61,nonhosp,3
33,2005,62,hosp,2
33,2005,62,nonhosp,6
33,2005,63,hosp,2
33,2005,63,nonhosp,6
33,2005,64,nonhosp,2
33,2005,65,hosp,1
33,2005,65,nonhosp,4
33,2005,66,hosp,1
33,2005,66,nonhosp,1
33,2005,67,hosp,1
33,2005,67,nonhosp,2
33,2005,68,nonhosp,2
33,2005,69,hosp,1
33,2005,69,nonhosp,3
33,2005,70,hosp,2
33,2005,70,nonhosp,2
33,2005,71,nonhosp,2
33,2005,72,nonhosp,6
33,2005,73,hosp,1
33,2005,73,nonhosp,2
33,2005,75,nonhosp,2
33,2005,77,nonhosp,1
33,2005,78,hosp,1
33,2005,78,nonhosp,1
33,2005,81,hosp,1
33,2005,81,nonhosp,1
33,2005,83,nonhosp,1
33,2005,85,nonhosp,1
33,2005,87,nonhosp,2
33,2006,2,hosp,11
33,2006,2,nonhosp,30
33,2006,3,hosp,8
33,2006,3,nonhosp,39
33,2006,4,hosp,17
33,2006,4,nonhosp,42
33,2006,5,hosp,19
33,2006,5,nonhosp,44
33,2006,6,hosp,19
33,2006,6,nonhosp,63
33,2006,7,hosp,19
33,2006,7,nonhosp,77
33,2006,8,hosp,12
33,2006,8,nonhosp,82
33,2006,9,hosp,11
33,2006,9,nonhosp,86
33,2006,10,hosp,17
33,2006,10,nonhosp,98
33,2006,11,hosp,23
33,2006,11,nonhosp,119
33,2006,12,hosp,27
33,2006,12,nonhosp,127
33,2006,13,hosp,23
33,2006,13,nonhosp,132
33,2006,14,hosp,26
33,2006,14,nonhosp,135
33,2006,15,hosp,25
33,2006,15,nonhosp,145
33,2006,16,hosp,23
33,2006,16,nonhosp,128
33,2006,17,hosp,33
33,2006,17,nonhosp,158
33,2006,18,hosp,33
33,2006,18,nonhosp,119
33,2006,19,hosp,29
33,2006,19,nonhosp,139
33,2006,20,hosp,37
33,2006,20,nonhosp,194
33,2006,21,hosp,20
33,2006,21,nonhosp,171
33,2006,22,hosp,42
33,2006,22,nonhosp,158
33,2006,23,hosp,38
33,2006,23,nonhosp,197
33,2006,24,hosp,29
33,2006,24,nonhosp,201
33,2006,25,hosp,28
33,2006,25,nonhosp,204
33,2006,26,hosp,34
33,2006,26,nonhosp,212
33,2006,27,hosp,37
33,2006,27,nonhosp,171
33,2006,28,hosp,38
33,2006,28,nonhosp,158
33,2006,29,hosp,21
33,2006,29,nonhosp,147
33,2006,30,hosp,23
33,2006,30,nonhosp,163
33,2006,31,hosp,21
33,2006,31,nonhosp,142
33,2006,32,hosp,20
33,2006,32,nonhosp,147
33,2006,33,hosp,21
33,2006,33,nonhosp,145
33,2006,34,hosp,27
33,2006,34,nonhosp,130
33,2006,35,hosp,37
33,2006,35,nonhosp,141
33,2006,36,hosp,22
33,2006,36,nonhosp,133
33,2006,37,hosp,20
33,2006,37,nonhosp,127
33,2006,38,hosp,16
33,2006,38,nonhosp,139
33,2006,39,hosp,21
33,2006,39,nonhosp,129
33,2006,40,hosp,24
33,2006,40,nonhosp,142
33,2006,41,hosp,20
33,2006,41,nonhosp,136
33,2006,42,hosp,24
33,2006,42,nonhosp,143
33,2006,43,hosp,18
33,2006,43,nonhosp,134
33,2006,44,hosp,11
33,2006,44,nonhosp,116
33,2006,45,hosp,14
33,2006,45,nonhosp,117
33,2006,46,hosp,25
33,2006,46,nonhosp,127
33,2006,47,hosp,19
33,2006,47,nonhosp,110
33,2006,48,hosp,19
33,2006,48,nonhosp,110
33,2006,49,hosp,24
33,2006,49,nonhosp,105
33,2006,50,hosp,15
33,2006,50,nonhosp,101
33,2006,51,hosp,16
33,2006,51,nonhosp,112
33,2006,52,hosp,13
33,2006,52,nonhosp,86
33,2006,53,hosp,18
33,2006,53,nonhosp,91
33,2006,54,hosp,19
33,2006,54,nonhosp,89
33,2006,55,hosp,22
33,2006,55,nonhosp,59
33,2006,56,hosp,10
33,2006,56,nonhosp,74
33,2006,57,hosp,8
33,2006,57,nonhosp,42
33,2006,58,hosp,8
33,2006,58,nonhosp,51
33,2006,59,hosp,10
33,2006,59,nonhosp,58
33,2006,60,hosp,11
33,2006,60,nonhosp,48
33,2006,61,hosp,4
33,2006,61,nonhosp,42
33,2006,62,hosp,12
33,2006,62,nonhosp,38
33,2006,63,hosp,9
33,2006,63,nonhosp,35
33,2006,64,hosp,10
33,2006,64,nonhosp,26
33,2006,65,hosp,6
33,2006,65,nonhosp,31
33,2006,66,hosp,9
33,2006,66,nonhosp,34
33,2006,67,hosp,4
33,2006,67,nonhosp,25
33,2006,68,hosp,3
33,2006,68,nonhosp,33
33,2006,69,hosp,4
33,2006,69,nonhosp,22
33,2006,70,hosp,9
33,2006,70,nonhosp,15
33,2006,71,hosp,1
33,2006,71,nonhosp,18
33,2006,72,hosp,6
33,2006,72,nonhosp,15
33,2006,73,hosp,3
33,2006,73,nonhosp,10
33,2006,74,hosp,2
33,2006,74,nonhosp,12
33,2006,75,hosp,3
33,2006,75,nonhosp,10
33,2006,76,hosp,7
33,2006,76,nonhosp,20
33,2006,77,hosp,3
33,2006,77,nonhosp,7
33,2006,78,hosp,5
33,2006,78,nonhosp,9
33,2006,79,hosp,1
33,2006,79,nonhosp,8
33,2006,80,hosp,1
33,2006,80,nonhosp,6
33,2006,81,hosp,1
33,2006,81,nonhosp,4
33,2006,82,nonhosp,4
33,2006,83,hosp,2
33,2006,83,nonhosp,6
33,2006,84,hosp,1
33,2006,84,nonhosp,2
33,2006,85,hosp,1
33,2006,85,nonhosp,3
33,2006,86,hosp,1
33,2006,86,nonhosp,3
33,2006,88,hosp,1
33,2006,88,nonhosp,3
33,2006,89,nonhosp,1
33,2006,90,nonhosp,2
33,2006,120,nonhosp,1
33,2007,2,hosp,8
33,2007,3,hosp,4
33,2007,4,hosp,2
33,2007,4,nonhosp,1
33,2007,5,hosp,15
33,2007,6,hosp,54
33,2007,6,nonhosp,1
33,2007,7,hosp,42
33,2007,7,nonhosp,1
33,2007,8,hosp,41
33,2007,8,nonhosp,1
33,2007,9,hosp,39
33,2007,9,nonhosp,2
33,2007,10,hosp,43
33,2007,11,hosp,45
33,2007,11,nonhosp,3
33,2007,12,hosp,40
33,2007,13,hosp,24
33,2007,14,hosp,17
33,2007,14,nonhosp,4
33,2007,15,hosp,15
33,2007,15,nonhosp,2
33,2007,16,hosp,13
33,2007,16,nonhosp,5
33,2007,17,hosp,14
33,2007,17,nonhosp,1
33,2007,18,hosp,14
33,2007,18,nonhosp,3
33,2007,19,hosp,14
33,2007,19,nonhosp,2
33,2007,20,hosp,11
33,2007,21,hosp,11
33,2007,21,nonhosp,1
33,2007,22,hosp,6
33,2007,22,nonhosp,4
33,2007,23,hosp,9
33,2007,24,hosp,10
33,2007,24,nonhosp,5
33,2007,25,hosp,13
33,2007,25,nonhosp,1
33,2007,26,hosp,11
33,2007,26,nonhosp,1
33,2007,27,hosp,5
33,2007,28,hosp,12
33,2007,28,nonhosp,3
33,2007,29,hosp,14
33,2007,29,nonhosp,3
33,2007,30,hosp,9
33,2007,31,hosp,6
33,2007,32,hosp,12
33,2007,32,nonhosp,6
33,2007,33,hosp,11
33,2007,33,nonhosp,1
33,2007,34,hosp,8
33,2007,34,nonhosp,1
33,2007,35,hosp,10
33,2007,35,nonhosp,4
33,2007,36,hosp,6
33,2007,36,nonhosp,3
33,2007,37,hosp,10
33,2007,37,nonhosp,1
33,2007,38,hosp,20
33,2007,38,nonhosp,3
33,2007,39,hosp,8
33,2007,39,nonhosp,1
33,2007,40,hosp,6
33,2007,41,hosp,9
33,2007,41,nonhosp,4
33,2007,42,hosp,8
33,2007,43,hosp,11
33,2007,44,hosp,6
33,2007,45,hosp,9
33,2007,45,nonhosp,3
33,2007,46,hosp,10
33,2007,46,nonhosp,1
33,2007,47,hosp,11
33,2007,47,nonhosp,2
33,2007,48,hosp,8
33,2007,48,nonhosp,2
33,2007,49,hosp,5
33,2007,49,nonhosp,3
33,2007,50,hosp,7
33,2007,50,nonhosp,2
33,2007,51,hosp,4
33,2007,52,hosp,13
33,2007,53,hosp,6
33,2007,54,hosp,6
33,2007,54,nonhosp,2
33,2007,55,hosp,8
33,2007,55,nonhosp,1
33,2007,56,hosp,3
33,2007,56,nonhosp,2
33,2007,57,hosp,6
33,2007,57,nonhosp,1
33,2007,58,hosp,4
33,2007,59,hosp,5
33,2007,59,nonhosp,2
33,2007,60,hosp,5
33,2007,61,hosp,2
33,2007,63,hosp,6
33,2007,63,nonhosp,1
33,2007,64,hosp,3
33,2007,65,hosp,6
33,2007,65,nonhosp,1
33,2007,66,hosp,3
33,2007,67,hosp,2
33,2007,68,hosp,3
33,2007,69,hosp,6
33,2007,69,nonhosp,1
33,2007,70,hosp,2
33,2007,70,nonhosp,1
33,2007,71,hosp,1
33,2007,71,nonhosp,1
33,2007,72,hosp,5
33,2007,73,hosp,3
33,2007,75,hosp,3
33,2007,76,hosp,2
33,2007,77,hosp,1
33,2007,78,hosp,3
33,2007,79,hosp,1
33,2007,80,hosp,1
33,2007,81,hosp,1
33,2007,82,hosp,2
33,2007,84,hosp,1
33,2007,85,hosp,1
33,2007,87,hosp,2
33,2007,88,hosp,1
33,2008,1,hosp,2
33,2008,2,hosp,107
33,2008,2,nonhosp,12
33,2008,3,hosp,127
33,2008,3,nonhosp,11
33,2008,4,hosp,131
33,2008,4,nonhosp,11
33,2008,5,hosp,160
33,2008,5,nonhosp,19
33,2008,6,hosp,618
33,2008,6,nonhosp,33
33,2008,7,hosp,754
33,2008,7,nonhosp,32
33,2008,8,hosp,709
33,2008,8,nonhosp,45
33,2008,9,hosp,729
33,2008,9,nonhosp,34
33,2008,10,hosp,750
33,2008,10,nonhosp,44
33,2008,11,hosp,671
33,2008,11,nonhosp,47
33,2008,12,hosp,697
33,2008,12,nonhosp,53
33,2008,13,hosp,429
33,2008,13,nonhosp,47
33,2008,14,hosp,335
33,2008,14,nonhosp,30
33,2008,15,hosp,278
33,2008,15,nonhosp,29
33,2008,16,hosp,233
33,2008,16,nonhosp,27
33,2008,17,hosp,219
33,2008,17,nonhosp,29
33,2008,18,hosp,167
33,2008,18,nonhosp,13
33,2008,19,hosp,119
33,2008,19,nonhosp,20
33,2008,20,hosp,157
33,2008,20,nonhosp,15
33,2008,21,hosp,131
33,2008,21,nonhosp,23
33,2008,22,hosp,151
33,2008,22,nonhosp,25
33,2008,23,hosp,121
33,2008,23,nonhosp,13
33,2008,24,hosp,133
33,2008,24,nonhosp,11
33,2008,25,hosp,140
33,2008,25,nonhosp,13
33,2008,26,hosp,145
33,2008,26,nonhosp,26
33,2008,27,hosp,144
33,2008,27,nonhosp,23
33,2008,28,hosp,140
33,2008,28,nonhosp,25
33,2008,29,hosp,160
33,2008,29,nonhosp,23
33,2008,30,hosp,143
33,2008,30,nonhosp,22
33,2008,31,hosp,115
33,2008,31,nonhosp,13
33,2008,32,hosp,134
33,2008,32,nonhosp,26
33,2008,33,hosp,122
33,2008,33,nonhosp,13
33,2008,34,hosp,132
33,2008,34,nonhosp,20
33,2008,35,hosp,120
33,2008,35,nonhosp,28
33,2008,36,hosp,124
33,2008,36,nonhosp,25
33,2008,37,hosp,133
33,2008,37,nonhosp,23
33,2008,38,hosp,142
33,2008,38,nonhosp,17
33,2008,39,hosp,137
33,2008,39,nonhosp,28
33,2008,40,hosp,104
33,2008,40,nonhosp,24
33,2008,41,hosp,142
33,2008,41,nonhosp,20
33,2008,42,hosp,127
33,2008,42,nonhosp,22
33,2008,43,hosp,156
33,2008,43,nonhosp,18
33,2008,44,hosp,150
33,2008,44,nonhosp,25
33,2008,45,hosp,133
33,2008,45,nonhosp,18
33,2008,46,hosp,127
33,2008,46,nonhosp,26
33,2008,47,hosp,101
33,2008,47,nonhosp,9
33,2008,48,hosp,130
33,2008,48,nonhosp,16
33,2008,49,hosp,80
33,2008,49,nonhosp,24
33,2008,50,hosp,133
33,2008,50,nonhosp,14
33,2008,51,hosp,123
33,2008,51,nonhosp,14
33,2008,52,hosp,130
33,2008,52,nonhosp,22
33,2008,53,hosp,94
33,2008,53,nonhosp,11
33,2008,54,hosp,96
33,2008,54,nonhosp,10
33,2008,55,hosp,117
33,2008,55,nonhosp,16
33,2008,56,hosp,81
33,2008,56,nonhosp,12
33,2008,57,hosp,79
33,2008,57,nonhosp,18
33,2008,58,hosp,90
33,2008,58,nonhosp,14
33,2008,59,hosp,100
33,2008,59,nonhosp,6
33,2008,60,hosp,81
33,2008,60,nonhosp,6
33,2008,61,hosp,75
33,2008,61,nonhosp,7
33,2008,62,hosp,67
33,2008,62,nonhosp,8
33,2008,63,hosp,71
33,2008,63,nonhosp,8
33,2008,64,hosp,48
33,2008,64,nonhosp,6
33,2008,65,hosp,50
33,2008,65,nonhosp,5
33,2008,66,hosp,56
33,2008,66,nonhosp,6
33,2008,67,hosp,42
33,2008,67,nonhosp,5
33,2008,68,hosp,44
33,2008,68,nonhosp,8
33,2008,69,hosp,39
33,2008,69,nonhosp,7
33,2008,70,hosp,34
33,2008,70,nonhosp,3
33,2008,71,hosp,36
33,2008,71,nonhosp,3
33,2008,72,hosp,48
33,2008,72,nonhosp,5
33,2008,73,hosp,43
33,2008,73,nonhosp,2
33,2008,74,hosp,29
33,2008,74,nonhosp,2
33,2008,75,hosp,29
33,2008,75,nonhosp,2
33,2008,76,hosp,26
33,2008,76,nonhosp,3
33,2008,77,hosp,26
33,2008,77,nonhosp,4
33,2008,78,hosp,27
33,2008,78,nonhosp,3
33,2008,79,hosp,19
33,2008,79,nonhosp,1
33,2008,80,hosp,19
33,2008,80,nonhosp,1
33,2008,81,hosp,18
33,2008,81,nonhosp,1
33,2008,82,hosp,23
33,2008,82,nonhosp,3
33,2008,83,hosp,11
33,2008,83,nonhosp,3
33,2008,84,hosp,12
33,2008,85,hosp,14
33,2008,86,hosp,8
33,2008,87,hosp,10
33,2008,87,nonhosp,1
33,2008,88,hosp,7
33,2008,89,hosp,4
33,2008,90,hosp,2
33,2008,91,hosp,4
33,2008,92,hosp,3
33,2008,93,hosp,1
33,2008,94,hosp,1
33,2008,95,hosp,1
33,2008,98,hosp,1
33,2008,120,hosp,5
33,2009,2,hosp,7
33,2009,2,nonhosp,2
33,2009,3,hosp,5
33,2009,3,nonhosp,2
33,2009,4,hosp,8
33,2009,5,hosp,11
33,2009,6,hosp,11
33,2009,6,nonhosp,1
33,2009,7,hosp,18
33,2009,7,nonhosp,2
33,2009,8,hosp,13
33,2009,8,nonhosp,2
33,2009,9,hosp,11
33,2009,9,nonhosp,4
33,2009,10,hosp,16
33,2009,10,nonhosp,3
33,2009,11,hosp,15
33,2009,11,nonhosp,1
33,2009,12,hosp,12
33,2009,12,nonhosp,2
33,2009,13,hosp,21
33,2009,13,nonhosp,2
33,2009,14,hosp,8
33,2009,14,nonhosp,2
33,2009,15,hosp,8
33,2009,15,nonhosp,5
33,2009,16,hosp,8
33,2009,16,nonhosp,2
33,2009,17,hosp,6
33,2009,18,hosp,6
33,2009,18,nonhosp,1
33,2009,19,hosp,6
33,2009,19,nonhosp,3
33,2009,20,hosp,7
33,2009,20,nonhosp,4
33,2009,21,hosp,6
33,2009,21,nonhosp,2
33,2009,22,hosp,6
33,2009,22,nonhosp,2
33,2009,23,hosp,10
33,2009,23,nonhosp,3
33,2009,24,hosp,6
33,2009,24,nonhosp,1
33,2009,25,hosp,1
33,2009,25,nonhosp,1
33,2009,26,hosp,9
33,2009,26,nonhosp,4
33,2009,27,hosp,12
33,2009,27,nonhosp,2
33,2009,28,hosp,3
33,2009,28,nonhosp,3
33,2009,29,hosp,8
33,2009,29,nonhosp,3
33,2009,30,hosp,10
33,2009,30,nonhosp,5
33,2009,31,hosp,10
33,2009,31,nonhosp,2
33,2009,32,hosp,5
33,2009,32,nonhosp,5
33,2009,33,hosp,5
33,2009,33,nonhosp,2
33,2009,34,hosp,5
33,2009,34,nonhosp,1
33,2009,35,hosp,9
33,2009,35,nonhosp,2
33,2009,36,hosp,8
33,2009,36,nonhosp,1
33,2009,37,hosp,7
33,2009,37,nonhosp,2
33,2009,38,hosp,7
33,2009,38,nonhosp,1
33,2009,39,hosp,10
33,2009,39,nonhosp,3
33,2009,40,hosp,8
33,2009,40,nonhosp,6
33,2009,41,hosp,5
33,2009,41,nonhosp,3
33,2009,42,hosp,7
33,2009,42,nonhosp,2
33,2009,43,hosp,6
33,2009,43,nonhosp,1
33,2009,44,hosp,4
33,2009,44,nonhosp,4
33,2009,45,hosp,6
33,2009,45,nonhosp,1
33,2009,46,hosp,7
33,2009,46,nonhosp,2
33,2009,47,hosp,7
33,2009,47,nonhosp,1
33,2009,48,hosp,11
33,2009,48,nonhosp,1
33,2009,49,hosp,5
33,2009,49,nonhosp,1
33,2009,50,hosp,5
33,2009,50,nonhosp,2
33,2009,51,hosp,4
33,2009,52,hosp,2
33,2009,52,nonhosp,2
33,2009,53,hosp,3
33,2009,53,nonhosp,1
33,2009,54,hosp,7
33,2009,54,nonhosp,7
33,2009,55,hosp,3
33,2009,55,nonhosp,2
33,2009,56,hosp,5
33,2009,56,nonhosp,1
33,2009,57,hosp,4
33,2009,57,nonhosp,2
33,2009,58,hosp,9
33,2009,59,hosp,3
33,2009,59,nonhosp,2
33,2009,60,hosp,9
33,2009,61,hosp,3
33,2009,61,nonhosp,1
33,2009,63,hosp,2
33,2009,64,hosp,3
33,2009,65,hosp,1
33,2009,65,nonhosp,3
33,2009,66,nonhosp,2
33,2009,67,hosp,3
33,2009,67,nonhosp,1
33,2009,68,hosp,1
33,2009,68,nonhosp,1
33,2009,69,hosp,2
33,2009,69,nonhosp,1
33,2009,70,hosp,1
33,2009,72,hosp,4
33,2009,73,hosp,1
33,2009,75,hosp,2
33,2009,76,hosp,1
33,2009,77,hosp,2
33,2009,78,hosp,1
33,2009,78,nonhosp,1
33,2009,79,nonhosp,1
33,2009,80,nonhosp,1
33,2009,81,hosp,1
33,2009,84,hosp,1
33,2009,90,hosp,1
33,2010,1,hosp,1
33,2010,1,nonhosp,1
33,2010,2,hosp,40
33,2010,2,nonhosp,149
33,2010,3,hosp,62
33,2010,3,nonhosp,185
33,2010,4,hosp,47
33,2010,4,nonhosp,183
33,2010,5,hosp,60
33,2010,5,nonhosp,237
33,2010,6,hosp,71
33,2010,6,nonhosp,241
33,2010,7,hosp,79
33,2010,7,nonhosp,239
33,2010,8,hosp,133
33,2010,8,nonhosp,238
33,2010,9,hosp,158
33,2010,9,nonhosp,296
33,2010,10,hosp,160
33,2010,10,nonhosp,331
33,2010,11,hosp,167
33,2010,11,nonhosp,340
33,2010,12,hosp,174
33,2010,12,nonhosp,344
33,2010,13,hosp,104
33,2010,13,nonhosp,304
33,2010,14,hosp,101
33,2010,14,nonhosp,307
33,2010,15,hosp,94
33,2010,15,nonhosp,279
33,2010,16,hosp,81
33,2010,16,nonhosp,292
33,2010,17,hosp,82
33,2010,17,nonhosp,304
33,2010,18,hosp,65
33,2010,18,nonhosp,305
33,2010,19,hosp,64
33,2010,19,nonhosp,314
33,2010,20,hosp,58
33,2010,20,nonhosp,328
33,2010,21,hosp,54
33,2010,21,nonhosp,342
33,2010,22,hosp,55
33,2010,22,nonhosp,271
33,2010,23,hosp,47
33,2010,23,nonhosp,302
33,2010,24,hosp,45
33,2010,24,nonhosp,350
33,2010,25,hosp,65
33,2010,25,nonhosp,286
33,2010,26,hosp,59
33,2010,26,nonhosp,277
33,2010,27,hosp,76
33,2010,27,nonhosp,276
33,2010,28,hosp,61
33,2010,28,nonhosp,291
33,2010,29,hosp,79
33,2010,29,nonhosp,249
33,2010,30,hosp,44
33,2010,30,nonhosp,296
33,2010,31,hosp,65
33,2010,31,nonhosp,254
33,2010,32,hosp,63
33,2010,32,nonhosp,237
33,2010,33,hosp,65
33,2010,33,nonhosp,246
33,2010,34,hosp,51
33,2010,34,nonhosp,277
33,2010,35,hosp,42
33,2010,35,nonhosp,237
33,2010,36,hosp,45
33,2010,36,nonhosp,198
33,2010,37,hosp,64
33,2010,37,nonhosp,224
33,2010,38,hosp,51
33,2010,38,nonhosp,213
33,2010,39,hosp,47
33,2010,39,nonhosp,210
33,2010,40,hosp,53
33,2010,40,nonhosp,186
33,2010,41,hosp,52
33,2010,41,nonhosp,186
33,2010,42,hosp,54
33,2010,42,nonhosp,168
33,2010,43,hosp,54
33,2010,43,nonhosp,197
33,2010,44,hosp,67
33,2010,44,nonhosp,205
33,2010,45,hosp,40
33,2010,45,nonhosp,193
33,2010,46,hosp,39
33,2010,46,nonhosp,157
33,2010,47,hosp,38
33,2010,47,nonhosp,183
33,2010,48,hosp,39
33,2010,48,nonhosp,141
33,2010,49,hosp,49
33,2010,49,nonhosp,160
33,2010,50,hosp,54
33,2010,50,nonhosp,150
33,2010,51,hosp,59
33,2010,51,nonhosp,163
33,2010,52,hosp,48
33,2010,52,nonhosp,134
33,2010,53,hosp,39
33,2010,53,nonhosp,152
33,2010,54,hosp,29
33,2010,54,nonhosp,134
33,2010,55,hosp,41
33,2010,55,nonhosp,118
33,2010,56,hosp,45
33,2010,56,nonhosp,132
33,2010,57,hosp,26
33,2010,57,nonhosp,96
33,2010,58,hosp,31
33,2010,58,nonhosp,99
33,2010,59,hosp,37
33,2010,59,nonhosp,88
33,2010,60,hosp,19
33,2010,60,nonhosp,89
33,2010,61,hosp,30
33,2010,61,nonhosp,67
33,2010,62,hosp,29
33,2010,62,nonhosp,56
33,2010,63,hosp,10
33,2010,63,nonhosp,77
33,2010,64,hosp,27
33,2010,64,nonhosp,57
33,2010,65,hosp,27
33,2010,65,nonhosp,58
33,2010,66,hosp,29
33,2010,66,nonhosp,54
33,2010,67,hosp,23
33,2010,67,nonhosp,48
33,2010,68,hosp,16
33,2010,68,nonhosp,32
33,2010,69,hosp,13
33,2010,69,nonhosp,39
33,2010,70,hosp,14
33,2010,70,nonhosp,33
33,2010,71,hosp,10
33,2010,71,nonhosp,16
33,2010,72,hosp,8
33,2010,72,nonhosp,32
33,2010,73,hosp,13
33,2010,73,nonhosp,24
33,2010,74,hosp,24
33,2010,74,nonhosp,23
33,2010,75,hosp,3
33,2010,75,nonhosp,23
33,2010,76,hosp,7
33,2010,76,nonhosp,19
33,2010,77,hosp,13
33,2010,77,nonhosp,18
33,2010,78,hosp,6
33,2010,78,nonhosp,17
33,2010,79,hosp,8
33,2010,79,nonhosp,11
33,2010,80,hosp,8
33,2010,80,nonhosp,15
33,2010,81,hosp,8
33,2010,81,nonhosp,9
33,2010,82,hosp,6
33,2010,82,nonhosp,9
33,2010,83,hosp,5
33,2010,83,nonhosp,5
33,2010,84,hosp,4
33,2010,84,nonhosp,3
33,2010,85,hosp,5
33,2010,85,nonhosp,2
33,2010,86,hosp,3
33,2010,86,nonhosp,1
33,2010,87,hosp,3
33,2010,87,nonhosp,5
33,2010,88,hosp,3
33,2010,88,nonhosp,3
33,2010,89,hosp,2
33,2010,90,hosp,2
33,2010,90,nonhosp,3
33,2010,91,hosp,1
33,2010,91,nonhosp,2
33,2010,92,nonhosp,1
33,2010,93,nonhosp,1
33,2010,94,nonhosp,1
33,2010,95,hosp,2
33,2010,108,nonhosp,1
33,2010,120,nonhosp,2
33,2011,1,hosp,2
33,2011,1,nonhosp,25
33,2011,2,hosp,129
33,2011,2,nonhosp,939
33,2011,3,hosp,148
33,2011,3,nonhosp,1035
33,2011,4,hosp,189
33,2011,4,nonhosp,1112
33,2011,5,hosp,210
33,2011,5,nonhosp,1265
33,2011,6,hosp,213
33,2011,6,nonhosp,1342
33,2011,7,hosp,240
33,2011,7,nonhosp,1558
33,2011,8,hosp,239
33,2011,8,nonhosp,1631
33,2011,9,hosp,377
33,2011,9,nonhosp,1942
33,2011,10,hosp,435
33,2011,10,nonhosp,2142
33,2011,11,hosp,497
33,2011,11,nonhosp,2308
33,2011,12,hosp,417
33,2011,12,nonhosp,2242
33,2011,13,hosp,326
33,2011,13,nonhosp,2190
33,2011,14,hosp,202
33,2011,14,nonhosp,2153
33,2011,15,hosp,207
33,2011,15,nonhosp,2029
33,2011,16,hosp,211
33,2011,16,nonhosp,1991
33,2011,17,hosp,176
33,2011,17,nonhosp,1969
33,2011,18,hosp,133
33,2011,18,nonhosp,1990
33,2011,19,hosp,133
33,2011,19,nonhosp,1800
33,2011,20,hosp,153
33,2011,20,nonhosp,1868
33,2011,21,hosp,134
33,2011,21,nonhosp,1795
33,2011,22,hosp,129
33,2011,22,nonhosp,1773
33,2011,23,hosp,126
33,2011,23,nonhosp,1775
33,2011,24,hosp,98
33,2011,24,nonhosp,1616
33,2011,25,hosp,133
33,2011,25,nonhosp,1610
33,2011,26,hosp,93
33,2011,26,nonhosp,1542
33,2011,27,hosp,90
33,2011,27,nonhosp,1523
33,2011,28,hosp,122
33,2011,28,nonhosp,1571
33,2011,29,hosp,131
33,2011,29,nonhosp,1635
33,2011,30,hosp,118
33,2011,30,nonhosp,1618
33,2011,31,hosp,102
33,2011,31,nonhosp,1437
33,2011,32,hosp,108
33,2011,32,nonhosp,1341
33,2011,33,hosp,102
33,2011,33,nonhosp,1324
33,2011,34,hosp,111
33,2011,34,nonhosp,1219
33,2011,35,hosp,104
33,2011,35,nonhosp,1241
33,2011,36,hosp,81
33,2011,36,nonhosp,1250
33,2011,37,hosp,80
33,2011,37,nonhosp,1079
33,2011,38,hosp,86
33,2011,38,nonhosp,1194
33,2011,39,hosp,91
33,2011,39,nonhosp,1089
33,2011,40,hosp,94
33,2011,40,nonhosp,1085
33,2011,41,hosp,83
33,2011,41,nonhosp,1036
33,2011,42,hosp,97
33,2011,42,nonhosp,1058
33,2011,43,hosp,80
33,2011,43,nonhosp,984
33,2011,44,hosp,79
33,2011,44,nonhosp,947
33,2011,45,hosp,96
33,2011,45,nonhosp,1029
33,2011,46,hosp,92
33,2011,46,nonhosp,986
33,2011,47,hosp,78
33,2011,47,nonhosp,969
33,2011,48,hosp,84
33,2011,48,nonhosp,913
33,2011,49,hosp,105
33,2011,49,nonhosp,820
33,2011,50,hosp,76
33,2011,50,nonhosp,914
33,2011,51,hosp,71
33,2011,51,nonhosp,859
33,2011,52,hosp,63
33,2011,52,nonhosp,883
33,2011,53,hosp,62
33,2011,53,nonhosp,812
33,2011,54,hosp,79
33,2011,54,nonhosp,739
33,2011,55,hosp,56
33,2011,55,nonhosp,707
33,2011,56,hosp,70
33,2011,56,nonhosp,633
33,2011,57,hosp,70
33,2011,57,nonhosp,709
33,2011,58,hosp,70
33,2011,58,nonhosp,657
33,2011,59,hosp,64
33,2011,59,nonhosp,586
33,2011,60,hosp,63
33,2011,60,nonhosp,582
33,2011,61,hosp,56
33,2011,61,nonhosp,523
33,2011,62,hosp,50
33,2011,62,nonhosp,426
33,2011,63,hosp,50
33,2011,63,nonhosp,396
33,2011,64,hosp,44
33,2011,64,nonhosp,408
33,2011,65,hosp,50
33,2011,65,nonhosp,380
33,2011,66,hosp,42
33,2011,66,nonhosp,305
33,2011,67,hosp,39
33,2011,67,nonhosp,359
33,2011,68,hosp,35
33,2011,68,nonhosp,313
33,2011,69,hosp,42
33,2011,69,nonhosp,207
33,2011,70,hosp,36
33,2011,70,nonhosp,231
33,2011,71,hosp,37
33,2011,71,nonhosp,219
33,2011,72,hosp,30
33,2011,72,nonhosp,151
33,2011,73,hosp,28
33,2011,73,nonhosp,162
33,2011,74,hosp,31
33,2011,74,nonhosp,171
33,2011,75,hosp,30
33,2011,75,nonhosp,135
33,2011,76,hosp,25
33,2011,76,nonhosp,137
33,2011,77,hosp,27
33,2011,77,nonhosp,126
33,2011,78,hosp,29
33,2011,78,nonhosp,91
33,2011,79,hosp,26
33,2011,79,nonhosp,88
33,2011,80,hosp,19
33,2011,80,nonhosp,85
33,2011,81,hosp,17
33,2011,81,nonhosp,77
33,2011,82,hosp,17
33,2011,82,nonhosp,54
33,2011,83,hosp,15
33,2011,83,nonhosp,50
33,2011,84,hosp,12
33,2011,84,nonhosp,52
33,2011,85,hosp,7
33,2011,85,nonhosp,38
33,2011,86,hosp,7
33,2011,86,nonhosp,24
33,2011,87,hosp,12
33,2011,87,nonhosp,24
33,2011,88,hosp,5
33,2011,88,nonhosp,11
33,2011,89,hosp,7
33,2011,89,nonhosp,9
33,2011,90,hosp,5
33,2011,90,nonhosp,14
33,2011,91,hosp,3
33,2011,91,nonhosp,8
33,2011,92,hosp,4
33,2011,92,nonhosp,4
33,2011,93,hosp,5
33,2011,93,nonhosp,5
33,2011,94,hosp,4
33,2011,94,nonhosp,9
33,2011,95,hosp,3
33,2011,95,nonhosp,2
33,2011,96,hosp,1
33,2011,96,nonhosp,5
33,2011,97,nonhosp,1
33,2011,98,nonhosp,1
33,2011,99,nonhosp,4
33,2011,100,nonhosp,1
33,2011,120,nonhosp,3
33,2012,1,hosp,1
33,2012,1,nonhosp,8
33,2012,2,hosp,54
33,2012,2,nonhosp,398
33,2012,3,hosp,58
33,2012,3,nonhosp,471
33,2012,4,hosp,59
33,2012,4,nonhosp,487
33,2012,5,hosp,58
33,2012,5,nonhosp,553
33,2012,6,hosp,50
33,2012,6,nonhosp,527
33,2012,7,hosp,72
33,2012,7,nonhosp,619
33,2012,8,hosp,74
33,2012,8,nonhosp,755
33,2012,9,hosp,76
33,2012,9,nonhosp,817
33,2012,10,hosp,121
33,2012,10,nonhosp,971
33,2012,11,hosp,143
33,2012,11,nonhosp,1176
33,2012,12,hosp,141
33,2012,12,nonhosp,1304
33,2012,13,hosp,118
33,2012,13,nonhosp,1426
33,2012,14,hosp,105
33,2012,14,nonhosp,1527
33,2012,15,hosp,91
33,2012,15,nonhosp,1313
33,2012,16,hosp,83
33,2012,16,nonhosp,1387
33,2012,17,hosp,59
33,2012,17,nonhosp,1412
33,2012,18,hosp,67
33,2012,18,nonhosp,1385
33,2012,19,hosp,58
33,2012,19,nonhosp,1398
33,2012,20,hosp,57
33,2012,20,nonhosp,1326
33,2012,21,hosp,54
33,2012,21,nonhosp,1264
33,2012,22,hosp,67
33,2012,22,nonhosp,1317
33,2012,23,hosp,55
33,2012,23,nonhosp,1312
33,2012,24,hosp,56
33,2012,24,nonhosp,1241
33,2012,25,hosp,43
33,2012,25,nonhosp,1205
33,2012,26,hosp,54
33,2012,26,nonhosp,1211
33,2012,27,hosp,51
33,2012,27,nonhosp,1208
33,2012,28,hosp,54
33,2012,28,nonhosp,1181
33,2012,29,hosp,55
33,2012,29,nonhosp,1200
33,2012,30,hosp,56
33,2012,30,nonhosp,1262
33,2012,31,hosp,58
33,2012,31,nonhosp,1177
33,2012,32,hosp,60
33,2012,32,nonhosp,1205
33,2012,33,hosp,67
33,2012,33,nonhosp,1095
33,2012,34,hosp,48
33,2012,34,nonhosp,990
33,2012,35,hosp,49
33,2012,35,nonhosp,1090
33,2012,36,hosp,49
33,2012,36,nonhosp,991
33,2012,37,hosp,51
33,2012,37,nonhosp,910
33,2012,38,hosp,45
33,2012,38,nonhosp,933
33,2012,39,hosp,39
33,2012,39,nonhosp,948
33,2012,40,hosp,35
33,2012,40,nonhosp,979
33,2012,41,hosp,37
33,2012,41,nonhosp,893
33,2012,42,hosp,38
33,2012,42,nonhosp,834
33,2012,43,hosp,28
33,2012,43,nonhosp,787
33,2012,44,hosp,41
33,2012,44,nonhosp,761
33,2012,45,hosp,45
33,2012,45,nonhosp,841
33,2012,46,hosp,47
33,2012,46,nonhosp,812
33,2012,47,hosp,34
33,2012,47,nonhosp,797
33,2012,48,hosp,38
33,2012,48,nonhosp,865
33,2012,49,hosp,43
33,2012,49,nonhosp,821
33,2012,50,hosp,34
33,2012,50,nonhosp,741
33,2012,51,hosp,37
33,2012,51,nonhosp,796
33,2012,52,hosp,32
33,2012,52,nonhosp,729
33,2012,53,hosp,38
33,2012,53,nonhosp,733
33,2012,54,hosp,41
33,2012,54,nonhosp,634
33,2012,55,hosp,48
33,2012,55,nonhosp,649
33,2012,56,hosp,50
33,2012,56,nonhosp,643
33,2012,57,hosp,56
33,2012,57,nonhosp,604
33,2012,58,hosp,31
33,2012,58,nonhosp,558
33,2012,59,hosp,29
33,2012,59,nonhosp,495
33,2012,60,hosp,28
33,2012,60,nonhosp,473
33,2012,61,hosp,17
33,2012,61,nonhosp,449
33,2012,62,hosp,17
33,2012,62,nonhosp,428
33,2012,63,hosp,19
33,2012,63,nonhosp,331
33,2012,64,hosp,26
33,2012,64,nonhosp,359
33,2012,65,hosp,24
33,2012,65,nonhosp,309
33,2012,66,hosp,14
33,2012,66,nonhosp,256
33,2012,67,hosp,18
33,2012,67,nonhosp,231
33,2012,68,hosp,20
33,2012,68,nonhosp,218
33,2012,69,hosp,15
33,2012,69,nonhosp,194
33,2012,70,hosp,15
33,2012,70,nonhosp,184
33,2012,71,hosp,14
33,2012,71,nonhosp,156
33,2012,72,hosp,20
33,2012,72,nonhosp,165
33,2012,73,hosp,8
33,2012,73,nonhosp,149
33,2012,74,hosp,8
33,2012,74,nonhosp,143
33,2012,75,hosp,14
33,2012,75,nonhosp,109
33,2012,76,hosp,7
33,2012,76,nonhosp,103
33,2012,77,hosp,10
33,2012,77,nonhosp,87
33,2012,78,hosp,10
33,2012,78,nonhosp,64
33,2012,79,hosp,10
33,2012,79,nonhosp,70
33,2012,80,hosp,8
33,2012,80,nonhosp,60
33,2012,81,hosp,9
33,2012,81,nonhosp,49
33,2012,82,hosp,9
33,2012,82,nonhosp,35
33,2012,83,hosp,6
33,2012,83,nonhosp,38
33,2012,84,hosp,8
33,2012,84,nonhosp,35
33,2012,85,hosp,2
33,2012,85,nonhosp,27
33,2012,86,hosp,1
33,2012,86,nonhosp,15
33,2012,87,hosp,5
33,2012,87,nonhosp,15
33,2012,88,hosp,4
33,2012,88,nonhosp,13
33,2012,89,hosp,2
33,2012,89,nonhosp,11
33,2012,90,hosp,2
33,2012,90,nonhosp,10
33,2012,91,hosp,1
33,2012,91,nonhosp,5
33,2012,92,nonhosp,5
33,2012,93,hosp,1
33,2012,93,nonhosp,3
33,2012,94,hosp,1
33,2012,94,nonhosp,1
33,2012,95,nonhosp,1
33,2012,96,nonhosp,1
33,2012,97,nonhosp,2
33,2012,98,nonhosp,1
33,2012,99,nonhosp,4
33,2012,107,nonhosp,1
33,2013,1,nonhosp,4
33,2013,2,hosp,48
33,2013,2,nonhosp,386
33,2013,3,hosp,38
33,2013,3,nonhosp,338
33,2013,4,hosp,35
33,2013,4,nonhosp,386
33,2013,5,hosp,32
33,2013,5,nonhosp,423
33,2013,6,hosp,49
33,2013,6,nonhosp,558
33,2013,7,hosp,67
33,2013,7,nonhosp,579
33,2013,8,hosp,50
33,2013,8,nonhosp,676
33,2013,9,hosp,50
33,2013,9,nonhosp,858
33,2013,10,hosp,67
33,2013,10,nonhosp,862
33,2013,11,hosp,81
33,2013,11,nonhosp,1015
33,2013,12,hosp,113
33,2013,12,nonhosp,1240
33,2013,13,hosp,75
33,2013,13,nonhosp,1486
33,2013,14,hosp,67
33,2013,14,nonhosp,1642
33,2013,15,hosp,54
33,2013,15,nonhosp,1655
33,2013,16,hosp,62
33,2013,16,nonhosp,1779
33,2013,17,hosp,58
33,2013,17,nonhosp,1825
33,2013,18,hosp,47
33,2013,18,nonhosp,1767
33,2013,19,hosp,61
33,2013,19,nonhosp,1846
33,2013,20,hosp,58
33,2013,20,nonhosp,1887
33,2013,21,hosp,45
33,2013,21,nonhosp,1751
33,2013,22,hosp,44
33,2013,22,nonhosp,1801
33,2013,23,hosp,53
33,2013,23,nonhosp,1717
33,2013,24,hosp,50
33,2013,24,nonhosp,1806
33,2013,25,hosp,60
33,2013,25,nonhosp,1715
33,2013,26,hosp,48
33,2013,26,nonhosp,1623
33,2013,27,hosp,45
33,2013,27,nonhosp,1669
33,2013,28,hosp,45
33,2013,28,nonhosp,1573
33,2013,29,hosp,42
33,2013,29,nonhosp,1601
33,2013,30,hosp,75
33,2013,30,nonhosp,1813
33,2013,31,hosp,46
33,2013,31,nonhosp,1740
33,2013,32,hosp,63
33,2013,32,nonhosp,1695
33,2013,33,hosp,48
33,2013,33,nonhosp,1674
33,2013,34,hosp,44
33,2013,34,nonhosp,1615
33,2013,35,hosp,39
33,2013,35,nonhosp,1557
33,2013,36,hosp,46
33,2013,36,nonhosp,1603
33,2013,37,hosp,48
33,2013,37,nonhosp,1547
33,2013,38,hosp,42
33,2013,38,nonhosp,1365
33,2013,39,hosp,47
33,2013,39,nonhosp,1332
33,2013,40,hosp,57
33,2013,40,nonhosp,1300
33,2013,41,hosp,38
33,2013,41,nonhosp,1241
33,2013,42,hosp,38
33,2013,42,nonhosp,1341
33,2013,43,hosp,36
33,2013,43,nonhosp,1271
33,2013,44,hosp,29
33,2013,44,nonhosp,1240
33,2013,45,hosp,37
33,2013,45,nonhosp,1299
33,2013,46,hosp,39
33,2013,46,nonhosp,1197
33,2013,47,hosp,49
33,2013,47,nonhosp,1248
33,2013,48,hosp,48
33,2013,48,nonhosp,1094
33,2013,49,hosp,42
33,2013,49,nonhosp,1127
33,2013,50,hosp,34
33,2013,50,nonhosp,1123
33,2013,51,hosp,40
33,2013,51,nonhosp,1035
33,2013,52,hosp,36
33,2013,52,nonhosp,1078
33,2013,53,hosp,31
33,2013,53,nonhosp,999
33,2013,54,hosp,39
33,2013,54,nonhosp,988
33,2013,55,hosp,47
33,2013,55,nonhosp,996
33,2013,56,hosp,41
33,2013,56,nonhosp,911
33,2013,57,hosp,34
33,2013,57,nonhosp,847
33,2013,58,hosp,30
33,2013,58,nonhosp,749
33,2013,59,hosp,25
33,2013,59,nonhosp,699
33,2013,60,hosp,24
33,2013,60,nonhosp,674
33,2013,61,hosp,35
33,2013,61,nonhosp,711
33,2013,62,hosp,27
33,2013,62,nonhosp,541
33,2013,63,hosp,35
33,2013,63,nonhosp,477
33,2013,64,hosp,21
33,2013,64,nonhosp,464
33,2013,65,hosp,19
33,2013,65,nonhosp,441
33,2013,66,hosp,30
33,2013,66,nonhosp,410
33,2013,67,hosp,19
33,2013,67,nonhosp,317
33,2013,68,hosp,20
33,2013,68,nonhosp,284
33,2013,69,hosp,23
33,2013,69,nonhosp,238
33,2013,70,hosp,14
33,2013,70,nonhosp,307
33,2013,71,hosp,16
33,2013,71,nonhosp,223
33,2013,72,hosp,13
33,2013,72,nonhosp,214
33,2013,73,hosp,13
33,2013,73,nonhosp,197
33,2013,74,hosp,10
33,2013,74,nonhosp,175
33,2013,75,hosp,10
33,2013,75,nonhosp,137
33,2013,76,hosp,13
33,2013,76,nonhosp,148
33,2013,77,hosp,19
33,2013,77,nonhosp,127
33,2013,78,hosp,12
33,2013,78,nonhosp,103
33,2013,79,hosp,10
33,2013,79,nonhosp,109
33,2013,80,hosp,18
33,2013,80,nonhosp,80
33,2013,81,hosp,14
33,2013,81,nonhosp,61
33,2013,82,hosp,10
33,2013,82,nonhosp,55
33,2013,83,hosp,9
33,2013,83,nonhosp,61
33,2013,84,hosp,6
33,2013,84,nonhosp,51
33,2013,85,hosp,5
33,2013,85,nonhosp,45
33,2013,86,hosp,6
33,2013,86,nonhosp,35
33,2013,87,hosp,2
33,2013,87,nonhosp,21
33,2013,88,hosp,7
33,2013,88,nonhosp,7
33,2013,89,hosp,2
33,2013,89,nonhosp,13
33,2013,90,hosp,3
33,2013,90,nonhosp,10
33,2013,91,hosp,3
33,2013,91,nonhosp,8
33,2013,92,hosp,2
33,2013,92,nonhosp,4
33,2013,93,nonhosp,7
33,2013,94,hosp,1
33,2013,94,nonhosp,4
33,2013,95,hosp,2
33,2013,95,nonhosp,2
33,2013,96,nonhosp,3
33,2013,97,nonhosp,4
33,2013,98,nonhosp,9
33,2013,99,nonhosp,2
33,2013,100,nonhosp,2
33,2013,102,nonhosp,2
33,2013,105,nonhosp,1
33,2013,106,nonhosp,3
33,2013,107,nonhosp,5
33,2013,108,nonhosp,1
33,2013,109,nonhosp,1
33,2013,120,nonhosp,27
33,2014,2,hosp,14
33,2014,2,nonhosp,70
33,2014,3,hosp,18
33,2014,3,nonhosp,75
33,2014,4,hosp,8
33,2014,4,nonhosp,71
33,2014,5,hosp,15
33,2014,5,nonhosp,76
33,2014,6,hosp,10
33,2014,6,nonhosp,68
33,2014,7,hosp,12
33,2014,7,nonhosp,78
33,2014,8,hosp,11
33,2014,8,nonhosp,59
33,2014,9,hosp,12
33,2014,9,nonhosp,68
33,2014,10,hosp,17
33,2014,10,nonhosp,97
33,2014,11,hosp,7
33,2014,11,nonhosp,79
33,2014,12,hosp,13
33,2014,12,nonhosp,88
33,2014,13,hosp,18
33,2014,13,nonhosp,102
33,2014,14,hosp,15
33,2014,14,nonhosp,137
33,2014,15,hosp,10
33,2014,15,nonhosp,132
33,2014,16,hosp,10
33,2014,16,nonhosp,136
33,2014,17,hosp,9
33,2014,17,nonhosp,131
33,2014,18,hosp,10
33,2014,18,nonhosp,157
33,2014,19,hosp,8
33,2014,19,nonhosp,156
33,2014,20,hosp,8
33,2014,20,nonhosp,172
33,2014,21,hosp,13
33,2014,21,nonhosp,168
33,2014,22,hosp,4
33,2014,22,nonhosp,124
33,2014,23,hosp,3
33,2014,23,nonhosp,141
33,2014,24,hosp,11
33,2014,24,nonhosp,181
33,2014,25,hosp,7
33,2014,25,nonhosp,168
33,2014,26,hosp,12
33,2014,26,nonhosp,140
33,2014,27,hosp,12
33,2014,27,nonhosp,137
33,2014,28,hosp,8
33,2014,28,nonhosp,135
33,2014,29,hosp,7
33,2014,29,nonhosp,129
33,2014,30,hosp,8
33,2014,30,nonhosp,135
33,2014,31,hosp,6
33,2014,31,nonhosp,137
33,2014,32,hosp,10
33,2014,32,nonhosp,123
33,2014,33,hosp,14
33,2014,33,nonhosp,115
33,2014,34,hosp,10
33,2014,34,nonhosp,112
33,2014,35,hosp,6
33,2014,35,nonhosp,119
33,2014,36,hosp,3
33,2014,36,nonhosp,112
33,2014,37,hosp,7
33,2014,37,nonhosp,99
33,2014,38,hosp,6
33,2014,38,nonhosp,105
33,2014,39,hosp,4
33,2014,39,nonhosp,112
33,2014,40,hosp,6
33,2014,40,nonhosp,100
33,2014,41,hosp,5
33,2014,41,nonhosp,95
33,2014,42,hosp,4
33,2014,42,nonhosp,93
33,2014,43,hosp,5
33,2014,43,nonhosp,99
33,2014,44,hosp,3
33,2014,44,nonhosp,91
33,2014,45,hosp,5
33,2014,45,nonhosp,92
33,2014,46,hosp,8
33,2014,46,nonhosp,76
33,2014,47,hosp,7
33,2014,47,nonhosp,71
33,2014,48,hosp,10
33,2014,48,nonhosp,72
33,2014,49,hosp,5
33,2014,49,nonhosp,93
33,2014,50,hosp,9
33,2014,50,nonhosp,75
33,2014,51,hosp,7
33,2014,51,nonhosp,70
33,2014,52,hosp,2
33,2014,52,nonhosp,75
33,2014,53,hosp,7
33,2014,53,nonhosp,70
33,2014,54,hosp,9
33,2014,54,nonhosp,81
33,2014,55,hosp,4
33,2014,55,nonhosp,60
33,2014,56,hosp,8
33,2014,56,nonhosp,69
33,2014,57,hosp,4
33,2014,57,nonhosp,54
33,2014,58,hosp,4
33,2014,58,nonhosp,56
33,2014,59,hosp,1
33,2014,59,nonhosp,55
33,2014,60,hosp,3
33,2014,60,nonhosp,35
33,2014,61,hosp,4
33,2014,61,nonhosp,39
33,2014,62,hosp,5
33,2014,62,nonhosp,45
33,2014,63,hosp,3
33,2014,63,nonhosp,37
33,2014,64,hosp,6
33,2014,64,nonhosp,34
33,2014,65,hosp,2
33,2014,65,nonhosp,34
33,2014,66,hosp,2
33,2014,66,nonhosp,23
33,2014,67,hosp,3
33,2014,67,nonhosp,27
33,2014,68,hosp,5
33,2014,68,nonhosp,20
33,2014,69,hosp,6
33,2014,69,nonhosp,24
33,2014,70,hosp,3
33,2014,70,nonhosp,18
33,2014,71,hosp,5
33,2014,71,nonhosp,15
33,2014,72,hosp,3
33,2014,72,nonhosp,15
33,2014,73,hosp,2
33,2014,73,nonhosp,11
33,2014,74,hosp,3
33,2014,74,nonhosp,15
33,2014,75,hosp,2
33,2014,75,nonhosp,13
33,2014,76,hosp,2
33,2014,76,nonhosp,14
33,2014,77,hosp,3
33,2014,77,nonhosp,8
33,2014,78,hosp,2
33,2014,78,nonhosp,6
33,2014,79,hosp,1
33,2014,79,nonhosp,5
33,2014,80,hosp,2
33,2014,80,nonhosp,10
33,2014,81,hosp,2
33,2014,81,nonhosp,9
33,2014,82,hosp,1
33,2014,82,nonhosp,7
33,2014,83,hosp,4
33,2014,83,nonhosp,4
33,2014,84,hosp,1
33,2014,84,nonhosp,6
33,2014,85,hosp,2
33,2014,85,nonhosp,3
33,2014,86,hosp,1
33,2014,86,nonhosp,5
33,2014,87,hosp,1
33,2014,87,nonhosp,1
33,2014,88,hosp,3
33,2014,88,nonhosp,2
33,2014,89,nonhosp,1
33,2014,90,hosp,1
33,2014,90,nonhosp,1
33,2014,92,nonhosp,1
33,2014,93,nonhosp,1
33,2014,94,hosp,1
33,2014,96,nonhosp,1
33,2014,97,nonhosp,1
33,2014,98,nonhosp,1
33,2015,2,hosp,25
33,2015,2,nonhosp,227
33,2015,3,hosp,16
33,2015,3,nonhosp,216
33,2015,4,hosp,27
33,2015,4,nonhosp,264
33,2015,5,hosp,29
33,2015,5,nonhosp,274
33,2015,6,hosp,29
33,2015,6,nonhosp,305
33,2015,7,hosp,22
33,2015,7,nonhosp,332
33,2015,8,hosp,33
33,2015,8,nonhosp,381
33,2015,9,hosp,33
33,2015,9,nonhosp,414
33,2015,10,hosp,26
33,2015,10,nonhosp,499
33,2015,11,hosp,31
33,2015,11,nonhosp,532
33,2015,12,hosp,42
33,2015,12,nonhosp,593
33,2015,13,hosp,32
33,2015,13,nonhosp,701
33,2015,14,hosp,40
33,2015,14,nonhosp,694
33,2015,15,hosp,38
33,2015,15,nonhosp,812
33,2015,16,hosp,29
33,2015,16,nonhosp,781
33,2015,17,hosp,40
33,2015,17,nonhosp,843
33,2015,18,hosp,41
33,2015,18,nonhosp,806
33,2015,19,hosp,34
33,2015,19,nonhosp,837
33,2015,20,hosp,31
33,2015,20,nonhosp,840
33,2015,21,hosp,31
33,2015,21,nonhosp,863
33,2015,22,hosp,46
33,2015,22,nonhosp,810
33,2015,23,hosp,30
33,2015,23,nonhosp,760
33,2015,24,hosp,31
33,2015,24,nonhosp,749
33,2015,25,hosp,32
33,2015,25,nonhosp,761
33,2015,26,hosp,34
33,2015,26,nonhosp,790
33,2015,27,hosp,31
33,2015,27,nonhosp,737
33,2015,28,hosp,25
33,2015,28,nonhosp,691
33,2015,29,hosp,26
33,2015,29,nonhosp,699
33,2015,30,hosp,30
33,2015,30,nonhosp,722
33,2015,31,hosp,29
33,2015,31,nonhosp,745
33,2015,32,hosp,34
33,2015,32,nonhosp,749
33,2015,33,hosp,32
33,2015,33,nonhosp,770
33,2015,34,hosp,40
33,2015,34,nonhosp,767
33,2015,35,hosp,37
33,2015,35,nonhosp,726
33,2015,36,hosp,33
33,2015,36,nonhosp,705
33,2015,37,hosp,27
33,2015,37,nonhosp,656
33,2015,38,hosp,22
33,2015,38,nonhosp,660
33,2015,39,hosp,23
33,2015,39,nonhosp,627
33,2015,40,hosp,30
33,2015,40,nonhosp,634
33,2015,41,hosp,23
33,2015,41,nonhosp,579
33,2015,42,hosp,26
33,2015,42,nonhosp,555
33,2015,43,hosp,25
33,2015,43,nonhosp,560
33,2015,44,hosp,30
33,2015,44,nonhosp,571
33,2015,45,hosp,22
33,2015,45,nonhosp,564
33,2015,46,hosp,23
33,2015,46,nonhosp,562
33,2015,47,hosp,29
33,2015,47,nonhosp,565
33,2015,48,hosp,35
33,2015,48,nonhosp,550
33,2015,49,hosp,25
33,2015,49,nonhosp,553
33,2015,50,hosp,37
33,2015,50,nonhosp,548
33,2015,51,hosp,28
33,2015,51,nonhosp,556
33,2015,52,hosp,25
33,2015,52,nonhosp,526
33,2015,53,hosp,27
33,2015,53,nonhosp,492
33,2015,54,hosp,22
33,2015,54,nonhosp,512
33,2015,55,hosp,19
33,2015,55,nonhosp,476
33,2015,56,hosp,20
33,2015,56,nonhosp,434
33,2015,57,hosp,11
33,2015,57,nonhosp,421
33,2015,58,hosp,16
33,2015,58,nonhosp,371
33,2015,59,hosp,19
33,2015,59,nonhosp,385
33,2015,60,hosp,19
33,2015,60,nonhosp,378
33,2015,61,hosp,23
33,2015,61,nonhosp,321
33,2015,62,hosp,15
33,2015,62,nonhosp,290
33,2015,63,hosp,16
33,2015,63,nonhosp,288
33,2015,64,hosp,18
33,2015,64,nonhosp,280
33,2015,65,hosp,11
33,2015,65,nonhosp,262
33,2015,66,hosp,13
33,2015,66,nonhosp,214
33,2015,67,hosp,19
33,2015,67,nonhosp,213
33,2015,68,hosp,15
33,2015,68,nonhosp,173
33,2015,69,hosp,11
33,2015,69,nonhosp,171
33,2015,70,hosp,8
33,2015,70,nonhosp,117
33,2015,71,hosp,11
33,2015,71,nonhosp,158
33,2015,72,hosp,6
33,2015,72,nonhosp,127
33,2015,73,hosp,7
33,2015,73,nonhosp,117
33,2015,74,hosp,9
33,2015,74,nonhosp,107
33,2015,75,hosp,6
33,2015,75,nonhosp,85
33,2015,76,hosp,8
33,2015,76,nonhosp,89
33,2015,77,hosp,12
33,2015,77,nonhosp,89
33,2015,78,hosp,3
33,2015,78,nonhosp,69
33,2015,79,hosp,5
33,2015,79,nonhosp,58
33,2015,80,hosp,3
33,2015,80,nonhosp,53
33,2015,81,hosp,10
33,2015,81,nonhosp,43
33,2015,82,hosp,7
33,2015,82,nonhosp,37
33,2015,83,hosp,3
33,2015,83,nonhosp,23
33,2015,84,hosp,4
33,2015,84,nonhosp,24
33,2015,85,hosp,4
33,2015,85,nonhosp,35
33,2015,86,hosp,4
33,2015,86,nonhosp,11
33,2015,87,hosp,2
33,2015,87,nonhosp,21
33,2015,88,nonhosp,19
33,2015,89,hosp,2
33,2015,89,nonhosp,5
33,2015,90,hosp,1
33,2015,90,nonhosp,7
33,2015,91,nonhosp,6
33,2015,92,nonhosp,3
33,2015,93,nonhosp,4
33,2015,94,hosp,2
33,2015,94,nonhosp,2
33,2015,95,hosp,1
33,2015,95,nonhosp,1
33,2015,97,nonhosp,2
33,2015,99,nonhosp,1
33,2015,100,hosp,1
33,2015,100,nonhosp,3
33,2015,101,hosp,1
33,2015,101,nonhosp,1
33,2015,103,nonhosp,1
33,2015,113,nonhosp,1
33,2015,115,hosp,2
33,2015,115,nonhosp,1
33,2016,2,hosp,24
33,2016,2,nonhosp,269
33,2016,3,hosp,18
33,2016,3,nonhosp,262
33,2016,4,hosp,17
33,2016,4,nonhosp,301
33,2016,5,hosp,20
33,2016,5,nonhosp,355
33,2016,6,hosp,24
33,2016,6,nonhosp,429
33,2016,7,hosp,38
33,2016,7,nonhosp,398
33,2016,8,hosp,37
33,2016,8,nonhosp,476
33,2016,9,hosp,42
33,2016,9,nonhosp,543
33,2016,10,hosp,41
33,2016,10,nonhosp,535
33,2016,11,hosp,50
33,2016,11,nonhosp,680
33,2016,12,hosp,56
33,2016,12,nonhosp,736
33,2016,13,hosp,33
33,2016,13,nonhosp,728
33,2016,14,hosp,23
33,2016,14,nonhosp,755
33,2016,15,hosp,29
33,2016,15,nonhosp,788
33,2016,16,hosp,22
33,2016,16,nonhosp,846
33,2016,17,hosp,19
33,2016,17,nonhosp,840
33,2016,18,hosp,16
33,2016,18,nonhosp,888
33,2016,19,hosp,15
33,2016,19,nonhosp,993
33,2016,20,hosp,27
33,2016,20,nonhosp,1063
33,2016,21,hosp,25
33,2016,21,nonhosp,998
33,2016,22,hosp,17
33,2016,22,nonhosp,1071
33,2016,23,hosp,12
33,2016,23,nonhosp,931
33,2016,24,hosp,23
33,2016,24,nonhosp,979
33,2016,25,hosp,23
33,2016,25,nonhosp,956
33,2016,26,hosp,23
33,2016,26,nonhosp,931
33,2016,27,hosp,16
33,2016,27,nonhosp,966
33,2016,28,hosp,22
33,2016,28,nonhosp,927
33,2016,29,hosp,22
33,2016,29,nonhosp,923
33,2016,30,hosp,18
33,2016,30,nonhosp,893
33,2016,31,hosp,18
33,2016,31,nonhosp,884
33,2016,32,hosp,26
33,2016,32,nonhosp,860
33,2016,33,hosp,20
33,2016,33,nonhosp,977
33,2016,34,hosp,20
33,2016,34,nonhosp,959
33,2016,35,hosp,24
33,2016,35,nonhosp,859
33,2016,36,hosp,17
33,2016,36,nonhosp,950
33,2016,37,hosp,17
33,2016,37,nonhosp,873
33,2016,38,hosp,22
33,2016,38,nonhosp,848
33,2016,39,hosp,20
33,2016,39,nonhosp,799
33,2016,40,hosp,19
33,2016,40,nonhosp,793
33,2016,41,hosp,14
33,2016,41,nonhosp,776
33,2016,42,hosp,16
33,2016,42,nonhosp,753
33,2016,43,hosp,19
33,2016,43,nonhosp,749
33,2016,44,hosp,17
33,2016,44,nonhosp,711
33,2016,45,hosp,15
33,2016,45,nonhosp,696
33,2016,46,hosp,13
33,2016,46,nonhosp,721
33,2016,47,hosp,13
33,2016,47,nonhosp,694
33,2016,48,hosp,13
33,2016,48,nonhosp,679
33,2016,49,hosp,18
33,2016,49,nonhosp,697
33,2016,50,hosp,15
33,2016,50,nonhosp,689
33,2016,51,hosp,12
33,2016,51,nonhosp,742
33,2016,52,hosp,14
33,2016,52,nonhosp,709
33,2016,53,hosp,12
33,2016,53,nonhosp,681
33,2016,54,hosp,14
33,2016,54,nonhosp,614
33,2016,55,hosp,11
33,2016,55,nonhosp,619
33,2016,56,hosp,9
33,2016,56,nonhosp,555
33,2016,57,hosp,19
33,2016,57,nonhosp,552
33,2016,58,hosp,13
33,2016,58,nonhosp,495
33,2016,59,hosp,22
33,2016,59,nonhosp,529
33,2016,60,hosp,21
33,2016,60,nonhosp,493
33,2016,61,hosp,17
33,2016,61,nonhosp,483
33,2016,62,hosp,15
33,2016,62,nonhosp,401
33,2016,63,hosp,7
33,2016,63,nonhosp,433
33,2016,64,hosp,20
33,2016,64,nonhosp,411
33,2016,65,hosp,13
33,2016,65,nonhosp,384
33,2016,66,hosp,15
33,2016,66,nonhosp,366
33,2016,67,hosp,11
33,2016,67,nonhosp,282
33,2016,68,hosp,13
33,2016,68,nonhosp,295
33,2016,69,hosp,14
33,2016,69,nonhosp,273
33,2016,70,hosp,13
33,2016,70,nonhosp,219
33,2016,71,hosp,11
33,2016,71,nonhosp,200
33,2016,72,hosp,7
33,2016,72,nonhosp,196
33,2016,73,hosp,11
33,2016,73,nonhosp,195
33,2016,74,hosp,8
33,2016,74,nonhosp,166
33,2016,75,hosp,4
33,2016,75,nonhosp,155
33,2016,76,hosp,4
33,2016,76,nonhosp,137
33,2016,77,hosp,12
33,2016,77,nonhosp,134
33,2016,78,hosp,9
33,2016,78,nonhosp,101
33,2016,79,hosp,5
33,2016,79,nonhosp,97
33,2016,80,hosp,10
33,2016,80,nonhosp,102
33,2016,81,hosp,7
33,2016,81,nonhosp,93
33,2016,82,hosp,4
33,2016,82,nonhosp,61
33,2016,83,hosp,7
33,2016,83,nonhosp,60
33,2016,84,hosp,4
33,2016,84,nonhosp,58
33,2016,85,hosp,4
33,2016,85,nonhosp,39
33,2016,86,hosp,7
33,2016,86,nonhosp,30
33,2016,87,hosp,6
33,2016,87,nonhosp,29
33,2016,88,hosp,5
33,2016,88,nonhosp,23
33,2016,89,hosp,2
33,2016,89,nonhosp,20
33,2016,90,hosp,2
33,2016,90,nonhosp,15
33,2016,91,hosp,1
33,2016,91,nonhosp,14
33,2016,92,nonhosp,9
33,2016,93,hosp,1
33,2016,93,nonhosp,6
33,2016,94,nonhosp,5
33,2016,95,nonhosp,2
33,2016,96,hosp,1
33,2016,96,nonhosp,2
33,2016,97,nonhosp,4
33,2016,98,nonhosp,1
33,2016,99,nonhosp,2
33,2016,101,nonhosp,1
33,2016,104,nonhosp,1
33,2016,107,nonhosp,1
33,2017,1,nonhosp,1
33,2017,2,hosp,17
33,2017,2,nonhosp,62
33,2017,3,hosp,7
33,2017,3,nonhosp,60
33,2017,4,hosp,10
33,2017,4,nonhosp,70
33,2017,5,hosp,17
33,2017,5,nonhosp,69
33,2017,6,hosp,15
33,2017,6,nonhosp,94
33,2017,7,hosp,18
33,2017,7,nonhosp,122
33,2017,8,hosp,15
33,2017,8,nonhosp,108
33,2017,9,hosp,8
33,2017,9,nonhosp,129
33,2017,10,hosp,10
33,2017,10,nonhosp,119
33,2017,11,hosp,14
33,2017,11,nonhosp,138
33,2017,12,hosp,12
33,2017,12,nonhosp,117
33,2017,13,hosp,14
33,2017,13,nonhosp,151
33,2017,14,hosp,9
33,2017,14,nonhosp,178
33,2017,15,hosp,9
33,2017,15,nonhosp,192
33,2017,16,hosp,11
33,2017,16,nonhosp,228
33,2017,17,hosp,12
33,2017,17,nonhosp,241
33,2017,18,hosp,5
33,2017,18,nonhosp,240
33,2017,19,hosp,6
33,2017,19,nonhosp,267
33,2017,20,hosp,8
33,2017,20,nonhosp,254
33,2017,21,hosp,7
33,2017,21,nonhosp,240
33,2017,22,hosp,7
33,2017,22,nonhosp,249
33,2017,23,hosp,11
33,2017,23,nonhosp,229
33,2017,24,hosp,4
33,2017,24,nonhosp,240
33,2017,25,hosp,6
33,2017,25,nonhosp,242
33,2017,26,hosp,8
33,2017,26,nonhosp,203
33,2017,27,hosp,7
33,2017,27,nonhosp,221
33,2017,28,hosp,3
33,2017,28,nonhosp,213
33,2017,29,hosp,4
33,2017,29,nonhosp,243
33,2017,30,hosp,6
33,2017,30,nonhosp,209
33,2017,31,hosp,5
33,2017,31,nonhosp,212
33,2017,32,hosp,3
33,2017,32,nonhosp,199
33,2017,33,hosp,6
33,2017,33,nonhosp,194
33,2017,34,hosp,9
33,2017,34,nonhosp,212
33,2017,35,hosp,8
33,2017,35,nonhosp,214
33,2017,36,hosp,3
33,2017,36,nonhosp,181
33,2017,37,hosp,6
33,2017,37,nonhosp,168
33,2017,38,hosp,2
33,2017,38,nonhosp,181
33,2017,39,hosp,3
33,2017,39,nonhosp,182
33,2017,40,hosp,4
33,2017,40,nonhosp,152
33,2017,41,hosp,6
33,2017,41,nonhosp,143
33,2017,42,hosp,5
33,2017,42,nonhosp,135
33,2017,43,hosp,5
33,2017,43,nonhosp,147
33,2017,44,hosp,3
33,2017,44,nonhosp,124
33,2017,45,hosp,8
33,2017,45,nonhosp,148
33,2017,46,hosp,8
33,2017,46,nonhosp,144
33,2017,47,hosp,9
33,2017,47,nonhosp,117
33,2017,48,hosp,5
33,2017,48,nonhosp,116
33,2017,49,hosp,8
33,2017,49,nonhosp,128
33,2017,50,hosp,14
33,2017,50,nonhosp,151
33,2017,51,hosp,6
33,2017,51,nonhosp,123
33,2017,52,hosp,8
33,2017,52,nonhosp,129
33,2017,53,hosp,5
33,2017,53,nonhosp,112
33,2017,54,hosp,8
33,2017,54,nonhosp,109
33,2017,55,hosp,6
33,2017,55,nonhosp,114
33,2017,56,hosp,5
33,2017,56,nonhosp,111
33,2017,57,hosp,5
33,2017,57,nonhosp,85
33,2017,58,hosp,2
33,2017,58,nonhosp,97
33,2017,59,hosp,3
33,2017,59,nonhosp,94
33,2017,60,hosp,8
33,2017,60,nonhosp,77
33,2017,61,hosp,4
33,2017,61,nonhosp,70
33,2017,62,hosp,6
33,2017,62,nonhosp,79
33,2017,63,hosp,5
33,2017,63,nonhosp,84
33,2017,64,hosp,3
33,2017,64,nonhosp,71
33,2017,65,hosp,1
33,2017,65,nonhosp,57
33,2017,66,hosp,2
33,2017,66,nonhosp,57
33,2017,67,hosp,3
33,2017,67,nonhosp,48
33,2017,68,hosp,3
33,2017,68,nonhosp,49
33,2017,69,hosp,1
33,2017,69,nonhosp,48
33,2017,70,hosp,5
33,2017,70,nonhosp,37
33,2017,71,hosp,1
33,2017,71,nonhosp,28
33,2017,72,hosp,2
33,2017,72,nonhosp,27
33,2017,73,hosp,2
33,2017,73,nonhosp,25
33,2017,74,hosp,4
33,2017,74,nonhosp,23
33,2017,75,hosp,4
33,2017,75,nonhosp,28
33,2017,76,hosp,4
33,2017,76,nonhosp,23
33,2017,77,hosp,1
33,2017,77,nonhosp,13
33,2017,78,hosp,3
33,2017,78,nonhosp,19
33,2017,79,hosp,1
33,2017,79,nonhosp,21
33,2017,80,nonhosp,17
33,2017,81,hosp,3
33,2017,81,nonhosp,15
33,2017,82,hosp,2
33,2017,82,nonhosp,12
33,2017,83,hosp,1
33,2017,83,nonhosp,9
33,2017,84,hosp,1
33,2017,84,nonhosp,10
33,2017,85,nonhosp,9
33,2017,86,nonhosp,6
33,2017,87,hosp,2
33,2017,87,nonhosp,8
33,2017,88,hosp,1
33,2017,88,nonhosp,5
33,2017,89,nonhosp,1
33,2017,90,hosp,1
33,2017,90,nonhosp,1
33,2017,91,nonhosp,3
33,2017,112,hosp,1
33,2017,116,nonhosp,1
33,2018,2,hosp,7
33,2018,2,nonhosp,71
33,2018,3,hosp,21
33,2018,3,nonhosp,72
33,2018,4,hosp,12
33,2018,4,nonhosp,93
33,2018,5,hosp,15
33,2018,5,nonhosp,98
33,2018,6,hosp,16
33,2018,6,nonhosp,127
33,2018,7,hosp,17
33,2018,7,nonhosp,139
33,2018,8,hosp,13
33,2018,8,nonhosp,144
33,2018,9,hosp,14
33,2018,9,nonhosp,158
33,2018,10,hosp,5
33,2018,10,nonhosp,169
33,2018,11,hosp,16
33,2018,11,nonhosp,186
33,2018,12,hosp,22
33,2018,12,nonhosp,201
33,2018,13,hosp,18
33,2018,13,nonhosp,242
33,2018,14,hosp,10
33,2018,14,nonhosp,232
33,2018,15,hosp,5
33,2018,15,nonhosp,229
33,2018,16,hosp,6
33,2018,16,nonhosp,268
33,2018,17,hosp,9
33,2018,17,nonhosp,264
33,2018,18,hosp,11
33,2018,18,nonhosp,300
33,2018,19,hosp,12
33,2018,19,nonhosp,316
33,2018,20,hosp,15
33,2018,20,nonhosp,306
33,2018,21,hosp,11
33,2018,21,nonhosp,330
33,2018,22,hosp,7
33,2018,22,nonhosp,341
33,2018,23,hosp,14
33,2018,23,nonhosp,332
33,2018,24,hosp,6
33,2018,24,nonhosp,350
33,2018,25,hosp,10
33,2018,25,nonhosp,336
33,2018,26,hosp,9
33,2018,26,nonhosp,288
33,2018,27,hosp,9
33,2018,27,nonhosp,299
33,2018,28,hosp,7
33,2018,28,nonhosp,270
33,2018,29,hosp,12
33,2018,29,nonhosp,283
33,2018,30,hosp,10
33,2018,30,nonhosp,300
33,2018,31,hosp,7
33,2018,31,nonhosp,262
33,2018,32,hosp,10
33,2018,32,nonhosp,295
33,2018,33,hosp,7
33,2018,33,nonhosp,253
33,2018,34,hosp,5
33,2018,34,nonhosp,257
33,2018,35,hosp,10
33,2018,35,nonhosp,296
33,2018,36,hosp,4
33,2018,36,nonhosp,320
33,2018,37,hosp,6
33,2018,37,nonhosp,264
33,2018,38,hosp,7
33,2018,38,nonhosp,278
33,2018,39,hosp,9
33,2018,39,nonhosp,245
33,2018,40,hosp,5
33,2018,40,nonhosp,240
33,2018,41,hosp,7
33,2018,41,nonhosp,232
33,2018,42,hosp,9
33,2018,42,nonhosp,209
33,2018,43,hosp,7
33,2018,43,nonhosp,235
33,2018,44,hosp,7
33,2018,44,nonhosp,226
33,2018,45,hosp,10
33,2018,45,nonhosp,203
33,2018,46,hosp,9
33,2018,46,nonhosp,189
33,2018,47,hosp,3
33,2018,47,nonhosp,218
33,2018,48,hosp,7
33,2018,48,nonhosp,198
33,2018,49,hosp,7
33,2018,49,nonhosp,205
33,2018,50,hosp,5
33,2018,50,nonhosp,209
33,2018,51,hosp,6
33,2018,51,nonhosp,188
33,2018,52,hosp,10
33,2018,52,nonhosp,227
33,2018,53,hosp,10
33,2018,53,nonhosp,218
33,2018,54,hosp,6
33,2018,54,nonhosp,189
33,2018,55,hosp,7
33,2018,55,nonhosp,188
33,2018,56,hosp,9
33,2018,56,nonhosp,159
33,2018,57,hosp,11
33,2018,57,nonhosp,176
33,2018,58,hosp,8
33,2018,58,nonhosp,173
33,2018,59,hosp,7
33,2018,59,nonhosp,157
33,2018,60,hosp,12
33,2018,60,nonhosp,153
33,2018,61,hosp,6
33,2018,61,nonhosp,138
33,2018,62,hosp,9
33,2018,62,nonhosp,169
33,2018,63,hosp,5
33,2018,63,nonhosp,120
33,2018,64,hosp,4
33,2018,64,nonhosp,141
33,2018,65,hosp,4
33,2018,65,nonhosp,111
33,2018,66,hosp,6
33,2018,66,nonhosp,110
33,2018,67,hosp,2
33,2018,67,nonhosp,107
33,2018,68,hosp,8
33,2018,68,nonhosp,87
33,2018,69,hosp,8
33,2018,69,nonhosp,76
33,2018,70,hosp,6
33,2018,70,nonhosp,85
33,2018,71,hosp,4
33,2018,71,nonhosp,68
33,2018,72,hosp,4
33,2018,72,nonhosp,49
33,2018,73,hosp,5
33,2018,73,nonhosp,39
33,2018,74,hosp,2
33,2018,74,nonhosp,48
33,2018,75,hosp,4
33,2018,75,nonhosp,40
33,2018,76,hosp,2
33,2018,76,nonhosp,42
33,2018,77,hosp,1
33,2018,77,nonhosp,33
33,2018,78,hosp,4
33,2018,78,nonhosp,23
33,2018,79,hosp,1
33,2018,79,nonhosp,33
33,2018,80,hosp,3
33,2018,80,nonhosp,26
33,2018,81,hosp,2
33,2018,81,nonhosp,20
33,2018,82,hosp,5
33,2018,82,nonhosp,15
33,2018,83,hosp,2
33,2018,83,nonhosp,16
33,2018,84,hosp,2
33,2018,84,nonhosp,17
33,2018,85,hosp,2
33,2018,85,nonhosp,14
33,2018,86,hosp,1
33,2018,86,nonhosp,12
33,2018,87,hosp,2
33,2018,87,nonhosp,8
33,2018,88,hosp,2
33,2018,88,nonhosp,9
33,2018,89,hosp,3
33,2018,89,nonhosp,5
33,2018,90,hosp,1
33,2018,90,nonhosp,2
33,2018,91,hosp,1
33,2018,91,nonhosp,2
33,2018,95,nonhosp,1
33,2018,96,nonhosp,1
33,2018,97,nonhosp,1
33,2018,98,nonhosp,2
33,2018,99,nonhosp,1
33,2018,104,nonhosp,1
33,2019,2,hosp,25
33,2019,2,nonhosp,144
33,2019,3,hosp,16
33,2019,3,nonhosp,205
33,2019,4,hosp,18
33,2019,4,nonhosp,243
33,2019,5,hosp,10
33,2019,5,nonhosp,266
33,2019,6,hosp,13
33,2019,6,nonhosp,282
33,2019,7,hosp,26
33,2019,7,nonhosp,304
33,2019,8,hosp,13
33,2019,8,nonhosp,407
33,2019,9,hosp,14
33,2019,9,nonhosp,353
33,2019,10,hosp,16
33,2019,10,nonhosp,418
33,2019,11,hosp,16
33,2019,11,nonhosp,403
33,2019,12,hosp,13
33,2019,12,nonhosp,475
33,2019,13,hosp,11
33,2019,13,nonhosp,476
33,2019,14,hosp,14
33,2019,14,nonhosp,506
33,2019,15,hosp,16
33,2019,15,nonhosp,471
33,2019,16,hosp,7
33,2019,16,nonhosp,564
33,2019,17,hosp,18
33,2019,17,nonhosp,570
33,2019,18,hosp,9
33,2019,18,nonhosp,634
33,2019,19,hosp,16
33,2019,19,nonhosp,693
33,2019,20,hosp,7
33,2019,20,nonhosp,745
33,2019,21,hosp,8
33,2019,21,nonhosp,748
33,2019,22,hosp,16
33,2019,22,nonhosp,751
33,2019,23,hosp,14
33,2019,23,nonhosp,784
33,2019,24,hosp,8
33,2019,24,nonhosp,707
33,2019,25,hosp,11
33,2019,25,nonhosp,740
33,2019,26,hosp,9
33,2019,26,nonhosp,704
33,2019,27,hosp,13
33,2019,27,nonhosp,659
33,2019,28,hosp,15
33,2019,28,nonhosp,643
33,2019,29,hosp,11
33,2019,29,nonhosp,604
33,2019,30,hosp,9
33,2019,30,nonhosp,637
33,2019,31,hosp,14
33,2019,31,nonhosp,623
33,2019,32,hosp,9
33,2019,32,nonhosp,624
33,2019,33,hosp,12
33,2019,33,nonhosp,575
33,2019,34,hosp,11
33,2019,34,nonhosp,625
33,2019,35,hosp,8
33,2019,35,nonhosp,652
33,2019,36,hosp,8
33,2019,36,nonhosp,649
33,2019,37,hosp,9
33,2019,37,nonhosp,661
33,2019,38,hosp,7
33,2019,38,nonhosp,607
33,2019,39,hosp,8
33,2019,39,nonhosp,653
33,2019,40,hosp,10
33,2019,40,nonhosp,621
33,2019,41,hosp,10
33,2019,41,nonhosp,615
33,2019,42,hosp,14
33,2019,42,nonhosp,617
33,2019,43,hosp,15
33,2019,43,nonhosp,564
33,2019,44,hosp,13
33,2019,44,nonhosp,553
33,2019,45,hosp,6
33,2019,45,nonhosp,535
33,2019,46,hosp,13
33,2019,46,nonhosp,516
33,2019,47,hosp,7
33,2019,47,nonhosp,516
33,2019,48,hosp,3
33,2019,48,nonhosp,510
33,2019,49,hosp,12
33,2019,49,nonhosp,520
33,2019,50,hosp,10
33,2019,50,nonhosp,506
33,2019,51,hosp,13
33,2019,51,nonhosp,476
33,2019,52,hosp,10
33,2019,52,nonhosp,483
33,2019,53,hosp,5
33,2019,53,nonhosp,503
33,2019,54,hosp,8
33,2019,54,nonhosp,485
33,2019,55,hosp,12
33,2019,55,nonhosp,442
33,2019,56,hosp,6
33,2019,56,nonhosp,500
33,2019,57,hosp,7
33,2019,57,nonhosp,433
33,2019,58,hosp,8
33,2019,58,nonhosp,433
33,2019,59,hosp,7
33,2019,59,nonhosp,418
33,2019,60,hosp,8
33,2019,60,nonhosp,390
33,2019,61,hosp,9
33,2019,61,nonhosp,357
33,2019,62,hosp,9
33,2019,62,nonhosp,338
33,2019,63,hosp,8
33,2019,63,nonhosp,341
33,2019,64,hosp,5
33,2019,64,nonhosp,303
33,2019,65,hosp,11
33,2019,65,nonhosp,303
33,2019,66,hosp,13
33,2019,66,nonhosp,285
33,2019,67,hosp,10
33,2019,67,nonhosp,247
33,2019,68,hosp,8
33,2019,68,nonhosp,222
33,2019,69,hosp,5
33,2019,69,nonhosp,193
33,2019,70,hosp,4
33,2019,70,nonhosp,164
33,2019,71,hosp,1
33,2019,71,nonhosp,137
33,2019,72,hosp,7
33,2019,72,nonhosp,128
33,2019,73,hosp,7
33,2019,73,nonhosp,125
33,2019,74,hosp,4
33,2019,74,nonhosp,113
33,2019,75,hosp,7
33,2019,75,nonhosp,121
33,2019,76,hosp,3
33,2019,76,nonhosp,89
33,2019,77,hosp,6
33,2019,77,nonhosp,81
33,2019,78,hosp,6
33,2019,78,nonhosp,104
33,2019,79,hosp,3
33,2019,79,nonhosp,51
33,2019,80,hosp,9
33,2019,80,nonhosp,70
33,2019,81,hosp,8
33,2019,81,nonhosp,49
33,2019,82,hosp,7
33,2019,82,nonhosp,61
33,2019,83,hosp,3
33,2019,83,nonhosp,52
33,2019,84,hosp,1
33,2019,84,nonhosp,34
33,2019,85,hosp,4
33,2019,85,nonhosp,35
33,2019,86,hosp,1
33,2019,86,nonhosp,28
33,2019,87,hosp,2
33,2019,87,nonhosp,17
33,2019,88,hosp,3
33,2019,88,nonhosp,20
33,2019,89,hosp,3
33,2019,89,nonhosp,20
33,2019,90,hosp,1
33,2019,90,nonhosp,16
33,2019,91,hosp,1
33,2019,91,nonhosp,7
33,2019,92,hosp,1
33,2019,92,nonhosp,8
33,2019,93,nonhosp,4
33,2019,94,nonhosp,4
33,2019,95,nonhosp,3
33,2019,96,nonhosp,2
33,2019,97,nonhosp,2
33,2019,98,nonhosp,1
33,2019,99,nonhosp,1
33,2019,101,hosp,1
33,2019,110,nonhosp,1
33,2020,2,hosp,10
33,2020,2,nonhosp,30
33,2020,3,hosp,4
33,2020,3,nonhosp,33
33,2020,4,hosp,7
33,2020,4,nonhosp,30
33,2020,5,hosp,6
33,2020,5,nonhosp,40
33,2020,6,hosp,2
33,2020,6,nonhosp,32
33,2020,7,hosp,8
33,2020,7,nonhosp,42
33,2020,8,hosp,6
33,2020,8,nonhosp,51
33,2020,9,hosp,6
33,2020,9,nonhosp,45
33,2020,10,hosp,12
33,2020,10,nonhosp,48
33,2020,11,hosp,9
33,2020,11,nonhosp,45
33,2020,12,hosp,7
33,2020,12,nonhosp,29
33,2020,13,hosp,4
33,2020,13,nonhosp,44
33,2020,14,hosp,2
33,2020,14,nonhosp,54
33,2020,15,hosp,4
33,2020,15,nonhosp,65
33,2020,16,hosp,3
33,2020,16,nonhosp,63
33,2020,17,hosp,3
33,2020,17,nonhosp,83
33,2020,18,hosp,4
33,2020,18,nonhosp,94
33,2020,19,hosp,8
33,2020,19,nonhosp,111
33,2020,20,hosp,8
33,2020,20,nonhosp,127
33,2020,21,hosp,4
33,2020,21,nonhosp,131
33,2020,22,hosp,5
33,2020,22,nonhosp,122
33,2020,23,hosp,6
33,2020,23,nonhosp,143
33,2020,24,hosp,3
33,2020,24,nonhosp,114
33,2020,25,hosp,3
33,2020,25,nonhosp,130
33,2020,26,hosp,1
33,2020,26,nonhosp,120
33,2020,27,hosp,4
33,2020,27,nonhosp,118
33,2020,28,hosp,2
33,2020,28,nonhosp,109
33,2020,29,hosp,4
33,2020,29,nonhosp,121
33,2020,30,hosp,1
33,2020,30,nonhosp,106
33,2020,31,hosp,3
33,2020,31,nonhosp,136
33,2020,32,hosp,5
33,2020,32,nonhosp,119
33,2020,33,hosp,4
33,2020,33,nonhosp,109
33,2020,34,hosp,4
33,2020,34,nonhosp,96
33,2020,35,hosp,7
33,2020,35,nonhosp,92
33,2020,36,hosp,2
33,2020,36,nonhosp,104
33,2020,37,hosp,3
33,2020,37,nonhosp,105
33,2020,38,nonhosp,107
33,2020,39,hosp,6
33,2020,39,nonhosp,115
33,2020,40,hosp,3
33,2020,40,nonhosp,87
33,2020,41,hosp,3
33,2020,41,nonhosp,100
33,2020,42,hosp,3
33,2020,42,nonhosp,81
33,2020,43,hosp,2
33,2020,43,nonhosp,92
33,2020,44,hosp,2
33,2020,44,nonhosp,82
33,2020,45,hosp,3
33,2020,45,nonhosp,94
33,2020,46,hosp,4
33,2020,46,nonhosp,75
33,2020,47,hosp,3
33,2020,47,nonhosp,68
33,2020,48,hosp,2
33,2020,48,nonhosp,55
33,2020,49,hosp,4
33,2020,49,nonhosp,63
33,2020,50,hosp,2
33,2020,50,nonhosp,65
33,2020,51,hosp,2
33,2020,51,nonhosp,62
33,2020,52,hosp,4
33,2020,52,nonhosp,71
33,2020,53,hosp,2
33,2020,53,nonhosp,51
33,2020,54,hosp,2
33,2020,54,nonhosp,62
33,2020,55,hosp,2
33,2020,55,nonhosp,56
33,2020,56,hosp,4
33,2020,56,nonhosp,63
33,2020,57,hosp,3
33,2020,57,nonhosp,42
33,2020,58,hosp,3
33,2020,58,nonhosp,60
33,2020,59,hosp,5
33,2020,59,nonhosp,52
33,2020,60,hosp,3
33,2020,60,nonhosp,42
33,2020,61,nonhosp,26
33,2020,62,hosp,3
33,2020,62,nonhosp,27
33,2020,63,hosp,5
33,2020,63,nonhosp,27
33,2020,64,hosp,3
33,2020,64,nonhosp,37
33,2020,65,hosp,1
33,2020,65,nonhosp,32
33,2020,66,hosp,3
33,2020,66,nonhosp,16
33,2020,67,nonhosp,12
33,2020,68,hosp,3
33,2020,68,nonhosp,22
33,2020,69,hosp,3
33,2020,69,nonhosp,15
33,2020,70,nonhosp,14
33,2020,71,hosp,1
33,2020,71,nonhosp,19
33,2020,72,nonhosp,7
33,2020,73,nonhosp,21
33,2020,74,hosp,1
33,2020,74,nonhosp,6
33,2020,75,hosp,1
33,2020,75,nonhosp,6
33,2020,76,hosp,2
33,2020,76,nonhosp,12
33,2020,77,hosp,2
33,2020,77,nonhosp,7
33,2020,78,nonhosp,8
33,2020,79,hosp,2
33,2020,79,nonhosp,6
33,2020,80,hosp,3
33,2020,80,nonhosp,3
33,2020,81,hosp,1
33,2020,81,nonhosp,11
33,2020,82,hosp,1
33,2020,82,nonhosp,6
33,2020,83,nonhosp,1
33,2020,84,hosp,1
33,2020,84,nonhosp,3
33,2020,85,nonhosp,3
33,2020,86,hosp,1
33,2020,86,nonhosp,4
33,2020,87,nonhosp,2
33,2020,88,nonhosp,2
33,2020,89,hosp,1
33,2020,89,nonhosp,1
33,2020,94,nonhosp,1
33,2020,95,nonhosp,1
33,2020,99,nonhosp,1
33,2020,103,nonhosp,1
